p,K,K_index,lambda,n_CX,restart,seed,energy,E_exact,err_pct,n_iter,converged,hit_maxiter,diverged,is_best,cell_time_s
0.005,-16.0,0,1,20,0,20001,-374.8215937671631,-383.0000000000001,2.13535410779034,2000,False,True,False,False,596.2287874221802
0.005,-16.0,0,1,20,1,20001,-374.129900353967,-383.0000000000001,2.3159529101914123,2000,False,True,False,False,596.2287874221802
0.005,-16.0,0,1,20,2,20001,-374.95039127863373,-383.0000000000001,2.1017255147170704,2000,False,True,False,False,596.2287874221802
0.005,-16.0,0,1,20,3,20001,-375.0521313146066,-383.0000000000001,2.0751615366562737,2000,False,True,False,True,596.2287874221802
0.005,-16.0,0,1,20,4,20001,-374.352490711949,-383.0000000000001,2.2578353232509496,2000,False,True,False,False,596.2287874221802
0.005,-16.0,0,1,20,5,20001,-374.3640855295685,-383.0000000000001,2.2548079557262657,2000,False,True,False,False,596.2287874221802
0.005,-16.0,0,1,20,6,20001,-374.1833306114895,-383.0000000000001,2.302002451308251,2000,False,True,False,False,596.2287874221802
0.005,-16.0,0,1,20,7,20001,-375.00796900790294,-383.0000000000001,2.086692165038425,2000,False,True,False,False,596.2287874221802
0.005,-10.0,6,1,20,0,20061,-233.7771892701619,-238.9999999999999,2.1852764559991593,2000,False,True,False,False,597.3450727462769
0.005,-10.0,6,1,20,1,20061,-234.24799125429934,-238.9999999999999,1.988288178117386,2000,False,True,False,False,597.3450727462769
0.005,-10.0,6,1,20,2,20061,-233.73033740796348,-238.9999999999999,2.2048797456219305,2000,False,True,False,False,597.3450727462769
0.005,-10.0,6,1,20,3,20061,-234.28919266444788,-238.9999999999999,1.9710490943732246,2000,False,True,False,False,597.3450727462769
0.005,-10.0,6,1,20,4,20061,-233.7004335340874,-238.9999999999999,2.2173918267416233,2000,False,True,False,False,597.3450727462769
0.005,-10.0,6,1,20,5,20061,-234.1799567933218,-238.9999999999999,2.0167544797816297,2000,False,True,False,False,597.3450727462769
0.005,-10.0,6,1,20,6,20061,-234.01546764987046,-238.9999999999999,2.0855783891754935,2000,False,True,False,False,597.3450727462769
0.005,-10.0,6,1,20,7,20061,-234.3072454921576,-238.9999999999999,1.9634956099758567,2000,False,True,False,True,597.3450727462769
0.005,-15.0,1,1,20,0,20011,-352.3031475025294,-359.0000000000002,1.8654185229723785,2000,False,True,False,True,598.7588911056519
0.005,-15.0,1,1,20,1,20011,-351.9817634731211,-359.0000000000002,1.954940536735138,2000,False,True,False,False,598.7588911056519
0.005,-15.0,1,1,20,2,20011,-351.49191684140254,-359.0000000000002,2.0913880664617497,2000,False,True,False,False,598.7588911056519
0.005,-15.0,1,1,20,3,20011,-351.0195968407362,-359.0000000000002,2.2229535262573883,2000,False,True,False,False,598.7588911056519
0.005,-15.0,1,1,20,4,20011,-351.66173514627604,-359.0000000000002,2.044084917471916,2000,False,True,False,False,598.7588911056519
0.005,-15.0,1,1,20,5,20011,-352.03187493271827,-359.0000000000002,1.9409819128919097,2000,False,True,False,False,598.7588911056519
0.005,-15.0,1,1,20,6,20011,-351.6784021245834,-359.0000000000002,2.0394423051300383,2000,False,True,False,False,598.7588911056519
0.005,-15.0,1,1,20,7,20011,-350.9962871973184,-359.0000000000002,2.2294464631425703,2000,False,True,False,False,598.7588911056519
0.005,-11.0,5,1,20,0,20051,-257.289631888027,-263.0,2.1712426281266257,2000,False,True,False,False,598.1747918128967
0.005,-11.0,5,1,20,1,20051,-257.0031748693433,-263.0,2.28016164663753,2000,False,True,False,False,598.1747918128967
0.005,-11.0,5,1,20,2,20051,-257.3760190330322,-263.0,2.1383958049307195,2000,False,True,False,False,598.1747918128967
0.005,-11.0,5,1,20,3,20051,-257.1155163760491,-263.0,2.2374462448482615,2000,False,True,False,False,598.1747918128967
0.005,-11.0,5,1,20,4,20051,-257.75012507037223,-263.0,1.9961501633565648,2000,False,True,False,False,598.1747918128967
0.005,-11.0,5,1,20,5,20051,-257.37657050482,-263.0,2.1381861198403063,2000,False,True,False,False,598.1747918128967
0.005,-11.0,5,1,20,6,20051,-257.88784173554365,-263.0,1.9437864123408193,2000,False,True,False,True,598.1747918128967
0.005,-11.0,5,1,20,7,20051,-257.0968749388388,-263.0,2.2445342437875198,2000,False,True,False,False,598.1747918128967
0.005,-13.0,3,1,20,0,20031,-305.09439686280047,-311.0,1.8989077611574066,2000,False,True,False,True,599.3539280891418
0.005,-13.0,3,1,20,1,20031,-304.6328840413617,-311.0,2.0473041667647247,2000,False,True,False,False,599.3539280891418
0.005,-13.0,3,1,20,2,20031,-305.0488238703012,-311.0,1.9135614564947938,2000,False,True,False,False,599.3539280891418
0.005,-13.0,3,1,20,3,20031,-304.46283681765055,-311.0,2.1019817306589856,2000,False,True,False,False,599.3539280891418
0.005,-13.0,3,1,20,4,20031,-304.5689421996422,-311.0,2.0678642444880357,2000,False,True,False,False,599.3539280891418
0.005,-13.0,3,1,20,5,20031,-304.6790593565906,-311.0,2.0324567985239277,2000,False,True,False,False,599.3539280891418
0.005,-13.0,3,1,20,6,20031,-305.06623483586816,-311.0,1.9079630752835501,2000,False,True,False,False,599.3539280891418
0.005,-13.0,3,1,20,7,20031,-304.73270112848235,-311.0,2.015208640359374,2000,False,True,False,False,599.3539280891418
0.005,-14.0,2,1,20,0,20021,-327.82775513686744,-335.0000000000001,2.1409686158604995,2000,False,True,False,False,599.7708885669708
0.005,-14.0,2,1,20,1,20021,-328.10442348397936,-335.0000000000001,2.058381049558433,2000,False,True,False,False,599.7708885669708
0.005,-14.0,2,1,20,2,20021,-327.7260675267754,-335.0000000000001,2.1713231263357318,2000,False,True,False,False,599.7708885669708
0.005,-14.0,2,1,20,3,20021,-328.1272107384239,-335.0000000000001,2.051578884052597,2000,False,True,False,False,599.7708885669708
0.005,-14.0,2,1,20,4,20021,-328.1187168813443,-335.0000000000001,2.0541143637778503,2000,False,True,False,False,599.7708885669708
0.005,-14.0,2,1,20,5,20021,-328.33964155955846,-335.0000000000001,1.9881666986392994,2000,False,True,False,False,599.7708885669708
0.005,-14.0,2,1,20,6,20021,-328.6289739063068,-335.0000000000001,1.901798833938307,2000,False,True,False,True,599.7708885669708
0.005,-14.0,2,1,20,7,20021,-327.8824238967089,-335.0000000000001,2.124649583072012,2000,False,True,False,False,599.7708885669708
0.005,-12.0,4,1,20,0,20041,-281.16363932696134,-286.9999999999998,2.0335751474001507,2000,False,True,False,False,603.8312635421753
0.005,-12.0,4,1,20,1,20041,-281.02917173755515,-286.9999999999998,2.0804279660085823,2000,False,True,False,False,603.8312635421753
0.005,-12.0,4,1,20,2,20041,-281.22761608349657,-286.9999999999998,2.0112835946004206,2000,False,True,False,False,603.8312635421753
0.005,-12.0,4,1,20,3,20041,-280.3959679615539,-286.9999999999998,2.301056459388815,2000,False,True,False,False,603.8312635421753
0.005,-12.0,4,1,20,4,20041,-280.68418418904946,-286.9999999999998,2.2006326867422707,2000,False,True,False,False,603.8312635421753
0.005,-12.0,4,1,20,5,20041,-281.09133784281437,-286.9999999999998,2.0587673021551947,2000,False,True,False,False,603.8312635421753
0.005,-12.0,4,1,20,6,20041,-280.9769046473353,-286.9999999999998,2.0986394957019128,2000,False,True,False,False,603.8312635421753
0.005,-12.0,4,1,20,7,20041,-281.5967383845327,-286.9999999999998,1.8826695524275432,2000,False,True,False,True,603.8312635421753
0.005,-14.0,2,2,40,0,20022,-325.65217683010866,-335.0000000000001,2.7903949760870006,2000,False,True,False,False,657.9449007511139
0.005,-14.0,2,2,40,1,20022,-325.6614124781203,-335.0000000000001,2.7876380662327715,2000,False,True,False,True,657.9449007511139
0.005,-14.0,2,2,40,2,20022,-325.51039616953517,-335.0000000000001,2.832717561332818,2000,False,True,False,False,657.9449007511139
0.005,-14.0,2,2,40,3,20022,-325.6530579775674,-335.0000000000001,2.7901319469948347,2000,False,True,False,False,657.9449007511139
0.005,-14.0,2,2,40,4,20022,-322.6867782610998,-335.0000000000001,3.675588578776215,2000,False,True,False,False,657.9449007511139
0.005,-14.0,2,2,40,5,20022,-322.92165577109625,-335.0000000000001,3.6054758892250316,2000,False,True,False,False,657.9449007511139
0.005,-14.0,2,2,40,6,20022,-321.0999231856911,-335.0000000000001,4.1492766609877565,2000,False,True,False,False,657.9449007511139
0.005,-14.0,2,2,40,7,20022,-321.8840050826109,-335.0000000000001,3.915222363399769,2000,False,True,False,False,657.9449007511139
0.005,-15.0,1,2,40,0,20012,-343.8288055238135,-359.0000000000002,4.2259594641188585,2000,False,True,False,False,658.9483089447021
0.005,-15.0,1,2,40,1,20012,-344.9202560227315,-359.0000000000002,3.9219342555066046,2000,False,True,False,False,658.9483089447021
0.005,-15.0,1,2,40,2,20012,-346.0383327678845,-359.0000000000002,3.6104922652132854,2000,False,True,False,False,658.9483089447021
0.005,-15.0,1,2,40,3,20012,-345.9331940054264,-359.0000000000002,3.6397788285720942,2000,False,True,False,False,658.9483089447021
0.005,-15.0,1,2,40,4,20012,-346.4297278170059,-359.0000000000002,3.501468574650221,2000,False,True,False,True,658.9483089447021
0.005,-15.0,1,2,40,5,20012,-346.0654186489528,-359.0000000000002,3.6029474515452424,2000,False,True,False,False,658.9483089447021
0.005,-15.0,1,2,40,6,20012,-345.8872691349391,-359.0000000000002,3.652571271604764,2000,False,True,False,False,658.9483089447021
0.005,-15.0,1,2,40,7,20012,-345.9857186559305,-359.0000000000002,3.625148006704658,2000,False,True,False,False,658.9483089447021
0.005,-16.0,0,2,40,0,20002,-372.1881129822621,-383.0000000000001,2.8229470020203653,2000,False,True,False,True,659.3248519897461
0.005,-16.0,0,2,40,1,20002,-368.94611588479546,-383.0000000000001,3.669421440001214,2000,False,True,False,False,659.3248519897461
0.005,-16.0,0,2,40,2,20002,-370.30384705037187,-383.0000000000001,3.3149224411561984,2000,False,True,False,False,659.3248519897461
0.005,-16.0,0,2,40,3,20002,-367.19371303969405,-383.0000000000001,4.126967874753541,2000,False,True,False,False,659.3248519897461
0.005,-16.0,0,2,40,4,20002,-367.95061860407554,-383.0000000000001,3.929342401024691,2000,False,True,False,False,659.3248519897461
0.005,-16.0,0,2,40,5,20002,-369.5775413017379,-383.0000000000001,3.5045584068569786,2000,False,True,False,False,659.3248519897461
0.005,-16.0,0,2,40,6,20002,-369.59367110807517,-383.0000000000001,3.5003469691710025,2000,False,True,False,False,659.3248519897461
0.005,-16.0,0,2,40,7,20002,-368.97159489345387,-383.0000000000001,3.662768957322778,2000,False,True,False,False,659.3248519897461
0.005,-13.0,3,2,40,0,20032,-300.1370406652107,-311.0,3.49291296938563,2000,False,True,False,False,661.2582812309265
0.005,-13.0,3,2,40,1,20032,-300.88340819166433,-311.0,3.2529234110404084,2000,False,True,False,False,661.2582812309265
0.005,-13.0,3,2,40,2,20032,-298.42373313324646,-311.0,4.043815712782489,2000,False,True,False,False,661.2582812309265
0.005,-13.0,3,2,40,3,20032,-298.4278245993265,-311.0,4.042500128833914,2000,False,True,False,False,661.2582812309265
0.005,-13.0,3,2,40,4,20032,-299.8592585909708,-311.0,3.5822319643180722,2000,False,True,False,False,661.2582812309265
0.005,-13.0,3,2,40,5,20032,-299.8883842521254,-311.0,3.5728667999596864,2000,False,True,False,False,661.2582812309265
0.005,-13.0,3,2,40,6,20032,-300.08721692610567,-311.0,3.5089334642747048,2000,False,True,False,False,661.2582812309265
0.005,-13.0,3,2,40,7,20032,-301.63409452678144,-311.0,3.0115451682374794,2000,False,True,False,True,661.2582812309265
0.005,-10.0,6,2,40,0,20062,-229.51870023357705,-238.9999999999999,3.9670710319760842,2000,False,True,False,False,662.7817935943604
0.005,-10.0,6,2,40,1,20062,-229.46223923472428,-238.9999999999999,3.990694880868457,2000,False,True,False,False,662.7817935943604
0.005,-10.0,6,2,40,2,20062,-229.52636388797336,-238.9999999999999,3.963864482019469,2000,False,True,False,False,662.7817935943604
0.005,-10.0,6,2,40,3,20062,-229.44290965016276,-238.9999999999999,3.9987825731536106,2000,False,True,False,False,662.7817935943604
0.005,-10.0,6,2,40,4,20062,-229.37547960895847,-238.9999999999999,4.026995979515238,2000,False,True,False,False,662.7817935943604
0.005,-10.0,6,2,40,5,20062,-230.69084882911173,-238.9999999999999,3.4766322890745447,2000,False,True,False,True,662.7817935943604
0.005,-10.0,6,2,40,6,20062,-229.41790209082353,-238.9999999999999,4.009245987103079,2000,False,True,False,False,662.7817935943604
0.005,-10.0,6,2,40,7,20062,-230.26357757544443,-238.9999999999999,3.6554068721989372,2000,False,True,False,False,662.7817935943604
0.005,-11.0,5,2,40,0,20052,-252.45638108256964,-263.0,4.008980576969721,2000,False,True,False,False,664.4989099502563
0.005,-11.0,5,2,40,1,20052,-252.49938324533875,-263.0,3.992629944738119,2000,False,True,False,False,664.4989099502563
0.005,-11.0,5,2,40,2,20052,-253.72475277556114,-263.0,3.5267099712695273,2000,False,True,False,False,664.4989099502563
0.005,-11.0,5,2,40,3,20052,-252.14065367503562,-263.0,4.129029020899003,2000,False,True,False,False,664.4989099502563
0.005,-11.0,5,2,40,4,20052,-255.1742416132468,-263.0,2.9755735310848643,2000,False,True,False,False,664.4989099502563
0.005,-11.0,5,2,40,5,20052,-255.87329791995765,-263.0,2.709772654008498,2000,False,True,False,True,664.4989099502563
0.005,-11.0,5,2,40,6,20052,-255.19093762480335,-263.0,2.969225237717356,2000,False,True,False,False,664.4989099502563
0.005,-11.0,5,2,40,7,20052,-252.42408455953205,-263.0,4.021260623752073,2000,False,True,False,False,664.4989099502563
0.005,-12.0,4,2,40,0,20042,-276.79028327220936,-286.9999999999998,3.557392588080284,2000,False,True,False,False,665.2680373191833
0.005,-12.0,4,2,40,1,20042,-279.0815512207107,-286.9999999999998,2.7590413865118713,2000,False,True,False,True,665.2680373191833
0.005,-12.0,4,2,40,2,20042,-275.3181147471442,-286.9999999999998,4.070343293677905,2000,False,True,False,False,665.2680373191833
0.005,-12.0,4,2,40,3,20042,-276.8035675185707,-286.9999999999998,3.552763930811535,2000,False,True,False,False,665.2680373191833
0.005,-12.0,4,2,40,4,20042,-278.9616176998037,-286.9999999999998,2.8008300697547326,2000,False,True,False,False,665.2680373191833
0.005,-12.0,4,2,40,5,20042,-274.4089209168112,-286.9999999999998,4.387135569055252,2000,False,True,False,False,665.2680373191833
0.005,-12.0,4,2,40,6,20042,-276.38345029733887,-286.9999999999998,3.699146237860945,2000,False,True,False,False,665.2680373191833
0.005,-12.0,4,2,40,7,20042,-275.4564976614795,-286.9999999999998,4.0221262503555035,2000,False,True,False,False,665.2680373191833
0.005,-14.0,2,3,60,0,20023,-319.7537926365309,-335.0000000000001,4.551106675662457,2000,False,True,False,False,711.6549112796783
0.005,-14.0,2,3,60,1,20023,-319.135016551438,-335.0000000000001,4.7358159547946554,2000,False,True,False,False,711.6549112796783
0.005,-14.0,2,3,60,2,20023,-320.21257556775294,-335.0000000000001,4.414156546939455,2000,False,True,False,True,711.6549112796783
0.005,-14.0,2,3,60,3,20023,-318.29870198102793,-335.0000000000001,4.985462095215575,2000,False,True,False,False,711.6549112796783
0.005,-14.0,2,3,60,4,20023,-317.6328400713181,-335.0000000000001,5.184226844382681,2000,False,True,False,False,711.6549112796783
0.005,-14.0,2,3,60,5,20023,-317.7052674727779,-335.0000000000001,5.162606724543941,2000,False,True,False,False,711.6549112796783
0.005,-14.0,2,3,60,6,20023,-320.16119362474524,-335.0000000000001,4.429494440374588,2000,False,True,False,False,711.6549112796783
0.005,-14.0,2,3,60,7,20023,-315.85706024412946,-335.0000000000001,5.714310374886762,2000,False,True,False,False,711.6549112796783
0.005,-16.0,0,3,60,0,20003,-365.94125144487003,-383.0000000000001,4.453981345986965,2000,False,True,False,False,711.8464820384979
0.005,-16.0,0,3,60,1,20003,-365.94686041370085,-383.0000000000001,4.452516863263515,2000,False,True,False,True,711.8464820384979
0.005,-16.0,0,3,60,2,20003,-364.25326076247467,-383.0000000000001,4.894709983688104,2000,False,True,False,False,711.8464820384979
0.005,-16.0,0,3,60,3,20003,-364.18487226624615,-383.0000000000001,4.9125659879253165,2000,False,True,False,False,711.8464820384979
0.005,-16.0,0,3,60,4,20003,-363.50619207266624,-383.0000000000001,5.089767082854797,2000,False,True,False,False,711.8464820384979
0.005,-16.0,0,3,60,5,20003,-364.2593151189734,-383.0000000000001,4.893129211756319,2000,False,True,False,False,711.8464820384979
0.005,-16.0,0,3,60,6,20003,-361.71375145754115,-383.0000000000001,5.557767243461869,2000,False,True,False,False,711.8464820384979
0.005,-16.0,0,3,60,7,20003,-362.26190536831865,-383.0000000000001,5.414646117932495,2000,False,True,False,False,711.8464820384979
0.005,-15.0,1,3,60,0,20013,-341.2272892635067,-359.0000000000002,4.950615804037193,2000,False,True,False,False,713.6409847736359
0.005,-15.0,1,3,60,1,20013,-343.0736273473727,-359.0000000000002,4.436315502124662,2000,False,True,False,False,713.6409847736359
0.005,-15.0,1,3,60,2,20013,-341.49968858043576,-359.0000000000002,4.874738556981742,2000,False,True,False,False,713.6409847736359
0.005,-15.0,1,3,60,3,20013,-341.50526176512824,-359.0000000000002,4.873186137847347,2000,False,True,False,False,713.6409847736359
0.005,-15.0,1,3,60,4,20013,-343.08765671471934,-359.0000000000002,4.43240760035679,2000,False,True,False,True,713.6409847736359
0.005,-15.0,1,3,60,5,20013,-339.7047350503434,-359.0000000000002,5.374725612717776,2000,False,True,False,False,713.6409847736359
0.005,-15.0,1,3,60,6,20013,-341.51601983968595,-359.0000000000002,4.870189459697567,2000,False,True,False,False,713.6409847736359
0.005,-15.0,1,3,60,7,20013,-341.07867311330017,-359.0000000000002,4.9920130603621296,2000,False,True,False,False,713.6409847736359
0.005,-12.0,4,3,60,0,20043,-274.2666767076901,-286.9999999999998,4.436698011257721,2000,False,True,False,True,717.7927770614624
0.005,-12.0,4,3,60,1,20043,-273.18611702730703,-286.9999999999998,4.813199642053223,2000,False,True,False,False,717.7927770614624
0.005,-12.0,4,3,60,2,20043,-271.66375312503203,-286.9999999999998,5.343640026121169,2000,False,True,False,False,717.7927770614624
0.005,-12.0,4,3,60,3,20043,-272.73249898431334,-286.9999999999998,4.971254709298413,2000,False,True,False,False,717.7927770614624
0.005,-12.0,4,3,60,4,20043,-270.6886783018112,-286.9999999999998,5.683387351285223,2000,False,True,False,False,717.7927770614624
0.005,-12.0,4,3,60,5,20043,-273.239850614078,-286.9999999999998,4.794477137951833,2000,False,True,False,False,717.7927770614624
0.005,-12.0,4,3,60,6,20043,-273.24062969938865,-286.9999999999998,4.794205679655448,2000,False,True,False,False,717.7927770614624
0.005,-12.0,4,3,60,7,20043,-273.14396922416836,-286.9999999999998,4.827885287746141,2000,False,True,False,False,717.7927770614624
0.005,-11.0,5,3,60,0,20053,-250.44468143795515,-263.0,4.773885384807927,2000,False,True,False,False,718.4706847667694
0.005,-11.0,5,3,60,1,20053,-251.64434080673823,-263.0,4.317741138122347,2000,False,True,False,True,718.4706847667694
0.005,-11.0,5,3,60,2,20053,-250.482199309743,-263.0,4.759620034318248,2000,False,True,False,False,718.4706847667694
0.005,-11.0,5,3,60,3,20053,-249.0394440090143,-263.0,5.308196194291145,2000,False,True,False,False,718.4706847667694
0.005,-11.0,5,3,60,4,20053,-250.4823462161852,-263.0,4.75956417635544,2000,False,True,False,False,718.4706847667694
0.005,-11.0,5,3,60,5,20053,-250.39670755798002,-263.0,4.792126403809878,2000,False,True,False,False,718.4706847667694
0.005,-11.0,5,3,60,6,20053,-251.64344277153992,-263.0,4.318082596372653,2000,False,True,False,False,718.4706847667694
0.005,-11.0,5,3,60,7,20053,-250.70040142618694,-263.0,4.676653450119033,2000,False,True,False,False,718.4706847667694
0.005,-13.0,3,3,60,0,20033,-294.41692039770476,-311.0,5.3321799364293385,2000,False,True,False,False,719.9636785984039
0.005,-13.0,3,3,60,1,20033,-296.4328092321204,-311.0,4.683984169736204,2000,False,True,False,False,719.9636785984039
0.005,-13.0,3,3,60,2,20033,-297.34749426696686,-311.0,4.389873226055671,2000,False,True,False,False,719.9636785984039
0.005,-13.0,3,3,60,3,20033,-295.8889770052922,-311.0,4.858849837526627,2000,False,True,False,False,719.9636785984039
0.005,-13.0,3,3,60,4,20033,-295.9668711603128,-311.0,4.8338034854299705,2000,False,True,False,False,719.9636785984039
0.005,-13.0,3,3,60,5,20033,-295.8802371635208,-311.0,4.861660076038326,2000,False,True,False,False,719.9636785984039
0.005,-13.0,3,3,60,6,20033,-296.8931890155906,-311.0,4.535952085019092,2000,False,True,False,False,719.9636785984039
0.005,-13.0,3,3,60,7,20033,-297.36761365780586,-311.0,4.38340396855117,2000,False,True,False,True,719.9636785984039
0.005,-8.0,8,1,20,0,20081,-187.42185266161056,-191.00000000000006,1.8733755698374335,2000,False,True,False,False,442.5546441078186
0.005,-8.0,8,1,20,1,20081,-187.23362097001433,-191.00000000000006,1.9719261937098047,2000,False,True,False,False,442.5546441078186
0.005,-8.0,8,1,20,2,20081,-187.2077887359877,-191.00000000000006,1.9854509235666828,2000,False,True,False,False,442.5546441078186
0.005,-8.0,8,1,20,3,20081,-187.07289939177733,-191.00000000000006,2.0560736168705387,2000,False,True,False,False,442.5546441078186
0.005,-8.0,8,1,20,4,20081,-186.52841191367907,-191.00000000000006,2.3411455949324558,2000,False,True,False,False,442.5546441078186
0.005,-8.0,8,1,20,5,20081,-187.58138220048434,-191.00000000000006,1.7898522510553478,2000,False,True,False,True,442.5546441078186
0.005,-8.0,8,1,20,6,20081,-187.32161657203588,-191.00000000000006,1.9258551978870035,2000,False,True,False,False,442.5546441078186
0.005,-8.0,8,1,20,7,20081,-186.62631288894755,-191.00000000000006,2.2898885398180644,2000,False,True,False,False,442.5546441078186
0.005,-9.0,7,1,20,0,20071,-210.78687383350433,-215.00000000000017,1.9595935658120172,2000,False,True,False,False,474.4269325733185
0.005,-9.0,7,1,20,1,20071,-210.72773373674684,-215.00000000000017,1.9871005875596863,2000,False,True,False,False,474.4269325733185
0.005,-9.0,7,1,20,2,20071,-210.2314716094008,-215.00000000000017,2.217920181674118,2000,False,True,False,False,474.4269325733185
0.005,-9.0,7,1,20,3,20071,-210.80961428667774,-215.00000000000017,1.9490166108476394,2000,False,True,False,False,474.4269325733185
0.005,-9.0,7,1,20,4,20071,-210.75416687551686,-215.00000000000017,1.9748061044108411,2000,False,True,False,False,474.4269325733185
0.005,-9.0,7,1,20,5,20071,-210.82052728859975,-215.00000000000017,1.9439407960001944,2000,False,True,False,False,474.4269325733185
0.005,-9.0,7,1,20,6,20071,-211.00653978533435,-215.00000000000017,1.857423355658518,2000,False,True,False,True,474.4269325733185
0.005,-9.0,7,1,20,7,20071,-210.99431700342333,-215.00000000000017,1.863108370500853,2000,False,True,False,False,474.4269325733185
0.005,-7.0,9,1,20,0,20091,-163.82917528822966,-166.99999999999986,1.898697432197723,2000,False,True,False,False,429.08541464805603
0.005,-7.0,9,1,20,1,20091,-163.47798690185743,-166.99999999999986,2.108989879127201,2000,False,True,False,False,429.08541464805603
0.005,-7.0,9,1,20,2,20091,-163.84347851409836,-166.99999999999986,1.8901326262883207,2000,False,True,False,True,429.08541464805603
0.005,-7.0,9,1,20,3,20091,-163.83938858176555,-166.99999999999986,1.892581687565457,2000,False,True,False,False,429.08541464805603
0.005,-7.0,9,1,20,4,20091,-163.6040038066325,-166.99999999999986,2.0335306547109915,2000,False,True,False,False,429.08541464805603
0.005,-7.0,9,1,20,5,20091,-163.13207751514753,-166.99999999999986,2.31612124841457,2000,False,True,False,False,429.08541464805603
0.005,-7.0,9,1,20,6,20091,-163.5375292276976,-166.99999999999986,2.0733357917977586,2000,False,True,False,False,429.08541464805603
0.005,-7.0,9,1,20,7,20091,-163.60757087936753,-166.99999999999986,2.0313946830133727,2000,False,True,False,False,429.08541464805603
0.005,-9.0,7,2,40,0,20072,-206.6568513257115,-215.00000000000017,3.880534267111006,2000,False,True,False,False,497.50234270095825
0.005,-9.0,7,2,40,1,20072,-205.95823405725244,-215.00000000000017,4.205472531510569,2000,False,True,False,False,497.50234270095825
0.005,-9.0,7,2,40,2,20072,-209.27054888163087,-215.00000000000017,2.664860985288043,2000,False,True,False,False,497.50234270095825
0.005,-9.0,7,2,40,3,20072,-209.352277468577,-215.00000000000017,2.626847689034031,2000,False,True,False,False,497.50234270095825
0.005,-9.0,7,2,40,4,20072,-206.95639518663873,-215.00000000000017,3.7412115410983415,2000,False,True,False,False,497.50234270095825
0.005,-9.0,7,2,40,5,20072,-206.9422843302862,-215.00000000000017,3.7477747300995117,2000,False,True,False,False,497.50234270095825
0.005,-9.0,7,2,40,6,20072,-209.35237015116607,-215.00000000000017,2.626804580853068,2000,False,True,False,True,497.50234270095825
0.005,-9.0,7,2,40,7,20072,-205.99064365774538,-215.00000000000017,4.190398298723155,2000,False,True,False,False,497.50234270095825
0.005,-8.0,8,2,40,0,20082,-184.5043895333337,-191.00000000000006,3.4008431762651106,2000,False,True,False,False,497.3317153453827
0.005,-8.0,8,2,40,1,20082,-184.39250248608397,-191.00000000000006,3.459422782155018,2000,False,True,False,False,497.3317153453827
0.005,-8.0,8,2,40,2,20082,-184.50578665912425,-191.00000000000006,3.4001116967936134,2000,False,True,False,False,497.3317153453827
0.005,-8.0,8,2,40,3,20082,-183.51191306252107,-191.00000000000006,3.920464365172241,2000,False,True,False,False,497.3317153453827
0.005,-8.0,8,2,40,4,20082,-186.07501790575972,-191.00000000000006,2.5785246566703313,2000,False,True,False,True,497.3317153453827
0.005,-8.0,8,2,40,5,20082,-184.47167122341872,-191.00000000000006,3.4179731814561944,2000,False,True,False,False,497.3317153453827
0.005,-8.0,8,2,40,6,20082,-184.5047714522239,-191.00000000000006,3.4006432187309676,2000,False,True,False,False,497.3317153453827
0.005,-8.0,8,2,40,7,20082,-184.47719621953837,-191.00000000000006,3.4150805133307247,2000,False,True,False,False,497.3317153453827
0.005,-6.0,10,1,20,0,20101,-140.17357786308946,-143.00000000000034,1.9765189768607492,2000,False,True,False,False,463.0418198108673
0.005,-6.0,10,1,20,1,20101,-140.34069995618728,-143.00000000000034,1.85965038028885,2000,False,True,False,False,463.0418198108673
0.005,-6.0,10,1,20,2,20101,-140.1142497445151,-143.00000000000034,2.0180071716680015,2000,False,True,False,False,463.0418198108673
0.005,-6.0,10,1,20,3,20101,-140.32300420696725,-143.00000000000034,1.8720250300930628,2000,False,True,False,False,463.0418198108673
0.005,-6.0,10,1,20,4,20101,-140.58824838820627,-143.00000000000034,1.6865395886671803,2000,False,True,False,True,463.0418198108673
0.005,-6.0,10,1,20,5,20101,-140.35065393612282,-143.00000000000034,1.8526895551590978,2000,False,True,False,False,463.0418198108673
0.005,-6.0,10,1,20,6,20101,-139.9091166198318,-143.00000000000034,2.1614569092087703,2000,False,True,False,False,463.0418198108673
0.005,-6.0,10,1,20,7,20101,-140.24972498258694,-143.00000000000034,1.9232692429464298,2000,False,True,False,False,463.0418198108673
0.005,-5.0,11,1,20,0,20111,-116.84270404683159,-123.56603968487642,5.441086932292221,2000,False,True,False,False,467.0568196773529
0.005,-5.0,11,1,20,1,20111,-116.66678739116999,-123.56603968487642,5.583453440201858,2000,False,True,False,False,467.0568196773529
0.005,-5.0,11,1,20,2,20111,-116.87699921868109,-123.56603968487642,5.413332403671761,2000,False,True,False,False,467.0568196773529
0.005,-5.0,11,1,20,3,20111,-116.83987689360575,-123.56603968487642,5.443374901731921,2000,False,True,False,False,467.0568196773529
0.005,-5.0,11,1,20,4,20111,-116.76097009817163,-123.56603968487642,5.507232896724196,2000,False,True,False,False,467.0568196773529
0.005,-5.0,11,1,20,5,20111,-116.63153792691487,-123.56603968487642,5.611980262251841,2000,False,True,False,False,467.0568196773529
0.005,-5.0,11,1,20,6,20111,-120.02841702504806,-123.56603968487642,2.862940876676278,2000,False,True,False,True,467.0568196773529
0.005,-5.0,11,1,20,7,20111,-116.57716862111012,-123.56603968487642,5.655980463232151,2000,False,True,False,False,467.0568196773529
0.005,-4.0,12,1,20,0,20121,-103.96098064130588,-107.56603968487627,3.3514844035642803,2000,False,True,False,False,428.0657391548157
0.005,-4.0,12,1,20,1,20121,-93.34065520858674,-107.56603968487627,13.224791502935304,2000,False,True,False,False,428.0657391548157
0.005,-4.0,12,1,20,2,20121,-93.03796140886801,-107.56603968487627,13.506194258494114,2000,False,True,False,False,428.0657391548157
0.005,-4.0,12,1,20,3,20121,-103.9927005603227,-107.56603968487627,3.32199561778231,2000,False,True,False,False,428.0657391548157
0.005,-4.0,12,1,20,4,20121,-104.08402014685942,-107.56603968487627,3.2370993189093187,2000,False,True,False,True,428.0657391548157
0.005,-4.0,12,1,20,5,20121,-103.86584799074191,-107.56603968487627,3.439925561054755,2000,False,True,False,False,428.0657391548157
0.005,-4.0,12,1,20,6,20121,-94.96075551517116,-107.56603968487627,11.718646709159648,2000,False,True,False,False,428.0657391548157
0.005,-4.0,12,1,20,7,20121,-103.94768814525536,-107.56603968487627,3.36384192466431,2000,False,True,False,False,428.0657391548157
0.005,-7.0,9,2,40,0,20092,-162.81421212128842,-166.99999999999986,2.506459807611641,2000,False,True,False,False,484.6657314300537
0.005,-7.0,9,2,40,1,20092,-160.56982768485173,-166.99999999999986,3.850402583921037,2000,False,True,False,False,484.6657314300537
0.005,-7.0,9,2,40,2,20092,-161.4194299754965,-166.99999999999986,3.341658697307395,2000,False,True,False,False,484.6657314300537
0.005,-7.0,9,2,40,3,20092,-160.59178372058898,-166.99999999999986,3.837255257132267,2000,False,True,False,False,484.6657314300537
0.005,-7.0,9,2,40,4,20092,-162.29098021326888,-166.99999999999986,2.819772327383821,2000,False,True,False,False,484.6657314300537
0.005,-7.0,9,2,40,5,20092,-160.53006392523204,-166.99999999999986,3.874213218423845,2000,False,True,False,False,484.6657314300537
0.005,-7.0,9,2,40,6,20092,-162.8265977158847,-166.99999999999986,2.499043283901293,2000,False,True,False,False,484.6657314300537
0.005,-7.0,9,2,40,7,20092,-162.82673258490922,-166.99999999999986,2.4989625240063704,2000,False,True,False,True,484.6657314300537
0.005,-10.0,6,3,60,0,20063,-226.00509867930654,-238.9999999999999,5.437197205311025,2000,False,True,False,False,554.9311842918396
0.005,-10.0,6,3,60,1,20063,-226.4435374625879,-238.9999999999999,5.253750015653554,2000,False,True,False,False,554.9311842918396
0.005,-10.0,6,3,60,2,20063,-226.36735507349684,-238.9999999999999,5.285625492260692,2000,False,True,False,False,554.9311842918396
0.005,-10.0,6,3,60,3,20063,-227.82926847602317,-238.9999999999999,4.673946244341723,2000,False,True,False,False,554.9311842918396
0.005,-10.0,6,3,60,4,20063,-228.7534826562471,-238.9999999999999,4.287245750524185,2000,False,True,False,True,554.9311842918396
0.005,-10.0,6,3,60,5,20063,-227.49712203083257,-238.9999999999999,4.8129196523712645,2000,False,True,False,False,554.9311842918396
0.005,-10.0,6,3,60,6,20063,-226.67651436104228,-238.9999999999999,5.156270141823269,2000,False,True,False,False,554.9311842918396
0.005,-10.0,6,3,60,7,20063,-228.29303302254993,-238.9999999999999,4.479902501025086,2000,False,True,False,False,554.9311842918396
0.005,-3.0,13,1,20,0,20131,-87.95250601883984,-91.56603968487632,3.946368848617257,2000,False,True,False,False,457.04905247688293
0.005,-3.0,13,1,20,1,20131,-88.05355027812845,-91.56603968487632,3.8360176096247702,2000,False,True,False,False,457.04905247688293
0.005,-3.0,13,1,20,2,20131,-88.11792305596845,-91.56603968487632,3.7657155871047063,2000,False,True,False,True,457.04905247688293
0.005,-3.0,13,1,20,3,20131,-88.11165426433507,-91.56603968487632,3.772561784291948,2000,False,True,False,False,457.04905247688293
0.005,-3.0,13,1,20,4,20131,-88.10803910020869,-91.56603968487632,3.7765099337792782,2000,False,True,False,False,457.04905247688293
0.005,-3.0,13,1,20,5,20131,-88.02721985230279,-91.56603968487632,3.86477327702753,2000,False,True,False,False,457.04905247688293
0.005,-3.0,13,1,20,6,20131,-88.03156381474365,-91.56603968487632,3.860029201106145,2000,False,True,False,False,457.04905247688293
0.005,-3.0,13,1,20,7,20131,-87.99254122647085,-91.56603968487632,3.9026460800353817,2000,False,True,False,False,457.04905247688293
0.005,-6.0,10,2,40,0,20102,-137.03749268996174,-143.00000000000034,4.169585531495517,2000,False,True,False,False,514.988557100296
0.005,-6.0,10,2,40,1,20102,-137.61911217450552,-143.00000000000034,3.7628586192271407,2000,False,True,False,False,514.988557100296
0.005,-6.0,10,2,40,2,20102,-138.50660861998955,-143.00000000000034,3.1422317342732735,2000,False,True,False,False,514.988557100296
0.005,-6.0,10,2,40,3,20102,-138.32886786682965,-143.00000000000034,3.2665259672522207,2000,False,True,False,False,514.988557100296
0.005,-6.0,10,2,40,4,20102,-139.56234251415282,-143.00000000000034,2.4039562838094515,2000,False,True,False,True,514.988557100296
0.005,-6.0,10,2,40,5,20102,-138.38419377122813,-143.00000000000034,3.2278365236169253,2000,False,True,False,False,514.988557100296
0.005,-6.0,10,2,40,6,20102,-137.24121479146444,-143.00000000000034,4.027122523451667,2000,False,True,False,False,514.988557100296
0.005,-6.0,10,2,40,7,20102,-137.84963452442952,-143.00000000000034,3.6016541787208465,2000,False,True,False,False,514.988557100296
0.005,-5.0,11,2,40,0,20112,-116.3001243338885,-123.56603968487642,5.880187929885727,2000,False,True,False,False,468.62581515312195
0.005,-5.0,11,2,40,1,20112,-115.2257593014165,-123.56603968487642,6.7496541968405435,2000,False,True,False,False,468.62581515312195
0.005,-5.0,11,2,40,2,20112,-115.23939296602624,-123.56603968487642,6.7386206922914695,2000,False,True,False,False,468.62581515312195
0.005,-5.0,11,2,40,3,20112,-115.55993808555486,-123.56603968487642,6.479208704704844,2000,False,True,False,False,468.62581515312195
0.005,-5.0,11,2,40,4,20112,-114.62809026755335,-123.56603968487642,7.233338092017048,2000,False,True,False,False,468.62581515312195
0.005,-5.0,11,2,40,5,20112,-116.98309043336343,-123.56603968487642,5.3274744972818695,2000,False,True,False,True,468.62581515312195
0.005,-5.0,11,2,40,6,20112,-115.2623272128728,-123.56603968487642,6.7200603767670355,1739,True,False,False,False,468.62581515312195
0.005,-5.0,11,2,40,7,20112,-114.59523575552402,-123.56603968487642,7.25992671791549,2000,False,True,False,False,468.62581515312195
0.005,-9.0,7,3,60,0,20073,-203.4561513624778,-215.00000000000017,5.369231924429,2000,False,True,False,False,585.4362633228302
0.005,-9.0,7,3,60,1,20073,-203.50781398509048,-215.00000000000017,5.34520279763241,2000,False,True,False,False,585.4362633228302
0.005,-9.0,7,3,60,2,20073,-205.88364484096573,-215.00000000000017,4.2401651902485735,2000,False,True,False,True,585.4362633228302
0.005,-9.0,7,3,60,3,20073,-203.52525385419116,-215.00000000000017,5.337091230608836,2000,False,True,False,False,585.4362633228302
0.005,-9.0,7,3,60,4,20073,-203.17133732553157,-215.00000000000017,5.501703569520276,2000,False,True,False,False,585.4362633228302
0.005,-9.0,7,3,60,5,20073,-203.50930625744888,-215.00000000000017,5.34450871746571,2000,False,True,False,False,585.4362633228302
0.005,-9.0,7,3,60,6,20073,-204.40607960164687,-215.00000000000017,4.927404836443394,2000,False,True,False,False,585.4362633228302
0.005,-9.0,7,3,60,7,20073,-204.9650110729956,-215.00000000000017,4.667436710234683,2000,False,True,False,False,585.4362633228302
0.005,-8.0,8,3,60,0,20083,-182.18761742929541,-191.00000000000006,4.613812864243267,2000,False,True,False,False,584.4469332695007
0.005,-8.0,8,3,60,1,20083,-182.2062989560551,-191.00000000000006,4.604031960180608,2000,False,True,False,False,584.4469332695007
0.005,-8.0,8,3,60,2,20083,-182.20631753494436,-191.00000000000006,4.604022233013452,2000,False,True,False,False,584.4469332695007
0.005,-8.0,8,3,60,3,20083,-181.6689487812475,-191.00000000000006,4.8853671302369355,2000,False,True,False,False,584.4469332695007
0.005,-8.0,8,3,60,4,20083,-183.05930542326323,-191.00000000000006,4.15743171556902,2000,False,True,False,True,584.4469332695007
0.005,-8.0,8,3,60,5,20083,-182.20358363016786,-191.00000000000006,4.605453596770785,2000,False,True,False,False,584.4469332695007
0.005,-8.0,8,3,60,6,20083,-180.79131807181489,-191.00000000000006,5.344859648264486,2000,False,True,False,False,584.4469332695007
0.005,-8.0,8,3,60,7,20083,-182.56665171859797,-191.00000000000006,4.415365592357114,2000,False,True,False,False,584.4469332695007
0.005,-7.0,9,3,60,0,20093,-158.4838761053987,-166.99999999999986,5.099475385988717,2000,False,True,False,False,533.1331758499146
0.005,-7.0,9,3,60,1,20093,-159.4482233229477,-166.99999999999986,4.522021962306678,2000,False,True,False,False,533.1331758499146
0.005,-7.0,9,3,60,2,20093,-159.33099970961203,-166.99999999999986,4.592215742747206,2000,False,True,False,False,533.1331758499146
0.005,-7.0,9,3,60,3,20093,-159.35814774370255,-166.99999999999986,4.575959434908574,2000,False,True,False,False,533.1331758499146
0.005,-7.0,9,3,60,4,20093,-160.1974624197913,-166.99999999999986,4.073375796532078,2000,False,True,False,True,533.1331758499146
0.005,-7.0,9,3,60,5,20093,-159.4481136443921,-166.99999999999986,4.522087638088485,2000,False,True,False,False,533.1331758499146
0.005,-7.0,9,3,60,6,20093,-159.42358627062518,-166.99999999999986,4.536774688248315,2000,False,True,False,False,533.1331758499146
0.005,-7.0,9,3,60,7,20093,-160.1929430009057,-166.99999999999986,4.076082035385727,2000,False,True,False,False,533.1331758499146
0.005,-4.0,12,2,40,0,20122,-101.8314097629282,-107.56603968487627,5.331264345836426,2000,False,True,False,False,498.0395772457123
0.005,-4.0,12,2,40,1,20122,-102.29632466282462,-107.56603968487627,4.899050887705569,2000,False,True,False,False,498.0395772457123
0.005,-4.0,12,2,40,2,20122,-102.2949353389474,-107.56603968487627,4.900342488550306,2000,False,True,False,False,498.0395772457123
0.005,-4.0,12,2,40,3,20122,-91.13281904469956,-107.56603968487627,15.277331663710228,2000,False,True,False,False,498.0395772457123
0.005,-4.0,12,2,40,4,20122,-102.29316803463216,-107.56603968487627,4.901985483235631,2000,False,True,False,False,498.0395772457123
0.005,-4.0,12,2,40,5,20122,-101.8386681125048,-107.56603968487627,5.32451653807306,2000,False,True,False,False,498.0395772457123
0.005,-4.0,12,2,40,6,20122,-102.4409667402754,-107.56603968487627,4.764582724822076,2000,False,True,False,True,498.0395772457123
0.005,-4.0,12,2,40,7,20122,-101.83866607973151,-107.56603968487627,5.324518427864021,2000,False,True,False,False,498.0395772457123
0.005,-5.0,11,3,60,0,20113,-114.03024509470187,-123.56603968487642,7.717164533631695,2000,False,True,False,False,512.8145418167114
0.005,-5.0,11,3,60,1,20113,-114.03045358550364,-123.56603968487642,7.716995805393499,2000,False,True,False,False,512.8145418167114
0.005,-5.0,11,3,60,2,20113,-114.03045404383217,-123.56603968487642,7.716995434475623,1892,True,False,False,False,512.8145418167114
0.005,-5.0,11,3,60,3,20113,-114.79548858688229,-123.56603968487642,7.097865336107864,2000,False,True,False,False,512.8145418167114
0.005,-5.0,11,3,60,4,20113,-114.03045366878015,-123.56603968487642,7.716995737999158,1731,True,False,False,False,512.8145418167114
0.005,-5.0,11,3,60,5,20113,-115.57680408160581,-123.56603968487642,6.465559326531062,2000,False,True,False,True,512.8145418167114
0.005,-5.0,11,3,60,6,20113,-115.56168666586076,-123.56603968487642,6.477793606907454,2000,False,True,False,False,512.8145418167114
0.005,-5.0,11,3,60,7,20113,-113.17345337615536,-123.56603968487642,8.410552232008635,2000,False,True,False,False,512.8145418167114
0.005,-6.0,10,3,60,0,20103,-136.68993284589655,-143.00000000000034,4.412634373499144,2000,False,True,False,False,563.9364168643951
0.005,-6.0,10,3,60,1,20103,-136.4253885361276,-143.00000000000034,4.5976303943165915,2000,False,True,False,False,563.9364168643951
0.005,-6.0,10,3,60,2,20103,-137.33587618317236,-143.00000000000034,3.960925746033544,2000,False,True,False,True,563.9364168643951
0.005,-6.0,10,3,60,3,20103,-136.8887771094337,-143.00000000000034,4.27358244095568,2000,False,True,False,False,563.9364168643951
0.005,-6.0,10,3,60,4,20103,-137.33519772675803,-143.00000000000034,3.9614001910785333,2000,False,True,False,False,563.9364168643951
0.005,-6.0,10,3,60,5,20103,-136.4253911987641,-143.00000000000034,4.597628532333033,2000,False,True,False,False,563.9364168643951
0.005,-6.0,10,3,60,6,20103,-136.671360884414,-143.00000000000034,4.425621759151268,2000,False,True,False,False,563.9364168643951
0.005,-6.0,10,3,60,7,20103,-137.33577457239107,-143.00000000000034,3.9609968025239537,2000,False,True,False,False,563.9364168643951
0.005,-4.0,12,3,60,0,20123,-99.15566105643504,-107.56603968487627,7.81880475759835,2000,False,True,False,False,551.9202148914337
0.005,-4.0,12,3,60,1,20123,-99.00032040534964,-107.56603968487627,7.96321897191774,2000,False,True,False,False,551.9202148914337
0.005,-4.0,12,3,60,2,20123,-99.7069523162424,-107.56603968487627,7.3062905278076,2000,False,True,False,True,551.9202148914337
0.005,-4.0,12,3,60,3,20123,-99.56888809416964,-107.56603968487627,7.4346435121484085,2000,False,True,False,False,551.9202148914337
0.005,-4.0,12,3,60,4,20123,-99.11471114866724,-107.56603968487627,7.856874308069636,2000,False,True,False,False,551.9202148914337
0.005,-4.0,12,3,60,5,20123,-99.16516766278075,-107.56603968487627,7.80996683219591,2000,False,True,False,False,551.9202148914337
0.005,-4.0,12,3,60,6,20123,-99.65190030438869,-107.56603968487627,7.357470260755827,2000,False,True,False,False,551.9202148914337
0.005,-4.0,12,3,60,7,20123,-99.60404274080182,-107.56603968487627,7.401961592524736,2000,False,True,False,False,551.9202148914337
0.005,-2.0,14,1,20,0,20141,-72.09462188289486,-75.56603968487632,4.593886111350923,2000,False,True,False,False,364.70092821121216
0.005,-2.0,14,1,20,1,20141,-72.18435591025397,-75.56603968487632,4.4751369646001855,2000,False,True,False,False,364.70092821121216
0.005,-2.0,14,1,20,2,20141,-72.11283971824031,-75.56603968487632,4.569777615760278,2000,False,True,False,False,364.70092821121216
0.005,-2.0,14,1,20,3,20141,-72.22671539883738,-75.56603968487632,4.419080713988057,2000,False,True,False,True,364.70092821121216
0.005,-2.0,14,1,20,4,20141,-72.12180671996771,-75.56603968487632,4.5579111718328305,2000,False,True,False,False,364.70092821121216
0.005,-2.0,14,1,20,5,20141,-72.15608511083586,-75.56603968487632,4.512549007809018,2000,False,True,False,False,364.70092821121216
0.005,-2.0,14,1,20,6,20141,-72.14276493162161,-75.56603968487632,4.53017621080893,2000,False,True,False,False,364.70092821121216
0.005,-2.0,14,1,20,7,20141,-72.11063612433395,-75.56603968487632,4.572693732465015,2000,False,True,False,False,364.70092821121216
0.005,-3.0,13,2,40,0,20132,-86.37093892570286,-91.56603968487632,5.673610846392776,2000,False,True,False,False,422.5228910446167
0.005,-3.0,13,2,40,1,20132,-86.36876728659819,-91.56603968487632,5.675982510726133,2000,False,True,False,False,422.5228910446167
0.005,-3.0,13,2,40,2,20132,-86.03064984208622,-91.56603968487632,6.0452432603180055,2000,False,True,False,False,422.5228910446167
0.005,-3.0,13,2,40,3,20132,-85.85289500675347,-91.56603968487632,6.239370729349637,2000,False,True,False,False,422.5228910446167
0.005,-3.0,13,2,40,4,20132,-85.83725550799387,-91.56603968487632,6.256450750297818,2000,False,True,False,False,422.5228910446167
0.005,-3.0,13,2,40,5,20132,-86.43563132839718,-91.56603968487632,5.6029597590279,2000,False,True,False,True,422.5228910446167
0.005,-3.0,13,2,40,6,20132,-86.03017572069915,-91.56603968487632,6.045761052054662,2000,False,True,False,False,422.5228910446167
0.005,-3.0,13,2,40,7,20132,-86.3731208653509,-91.56603968487632,5.671227932754108,2000,False,True,False,False,422.5228910446167
0.005,0.0,16,1,20,0,20161,-40.41914560322258,-43.56603968487638,7.223273229368651,2000,False,True,False,False,359.59870076179504
0.005,0.0,16,1,20,1,20161,-40.422675257344906,-43.56603968487638,7.215171381810655,2000,False,True,False,True,359.59870076179504
0.005,0.0,16,1,20,2,20161,-40.156195103398645,-43.56603968487638,7.826840828640746,2000,False,True,False,False,359.59870076179504
0.005,0.0,16,1,20,3,20161,-39.76033021867889,-43.56603968487638,8.735495568853862,2000,False,True,False,False,359.59870076179504
0.005,0.0,16,1,20,4,20161,-39.95007527760776,-43.56603968487638,8.299961239129741,2000,False,True,False,False,359.59870076179504
0.005,0.0,16,1,20,5,20161,-39.56415060991441,-43.56603968487638,9.185799544573243,2000,False,True,False,False,359.59870076179504
0.005,0.0,16,1,20,6,20161,-40.226468336192745,-43.56603968487638,7.665538049452176,2000,False,True,False,False,359.59870076179504
0.005,0.0,16,1,20,7,20161,-40.220215197837874,-43.56603968487638,7.679891289728554,2000,False,True,False,False,359.59870076179504
0.005,-1.0,15,1,20,0,20151,-56.20449280853086,-59.5660396848763,5.643394951433935,2000,False,True,False,True,381.0843710899353
0.005,-1.0,15,1,20,1,20151,-56.12633167156372,-59.5660396848763,5.774612567009248,2000,False,True,False,False,381.0843710899353
0.005,-1.0,15,1,20,2,20151,-56.15258231944453,-59.5660396848763,5.7305427446411965,2000,False,True,False,False,381.0843710899353
0.005,-1.0,15,1,20,3,20151,-56.01855406380105,-59.5660396848763,5.955550578555506,2000,False,True,False,False,381.0843710899353
0.005,-1.0,15,1,20,4,20151,-56.15445221796123,-59.5660396848763,5.727403542292687,2000,False,True,False,False,381.0843710899353
0.005,-1.0,15,1,20,5,20151,-56.13944579106353,-59.5660396848763,5.752596465940268,2000,False,True,False,False,381.0843710899353
0.005,-1.0,15,1,20,6,20151,-56.14938663962691,-59.5660396848763,5.735907680491426,2000,False,True,False,False,381.0843710899353
0.005,-1.0,15,1,20,7,20151,-56.17940596615742,-59.5660396848763,5.685510966710689,2000,False,True,False,False,381.0843710899353
0.005,-2.0,14,2,40,0,20142,-70.14707959512587,-75.56603968487632,7.171157986244165,2000,False,True,False,False,413.3368649482727
0.005,-2.0,14,2,40,1,20142,-70.18510546278121,-75.56603968487632,7.12083661461491,2000,False,True,False,False,413.3368649482727
0.005,-2.0,14,2,40,2,20142,-70.16943996087139,-75.56603968487632,7.1415674905151825,2000,False,True,False,False,413.3368649482727
0.005,-2.0,14,2,40,3,20142,-70.44652034407548,-75.56603968487632,6.774894333684989,2000,False,True,False,True,413.3368649482727
0.005,-2.0,14,2,40,4,20142,-63.98355831121113,-75.56603968487632,15.327627889414577,2000,False,True,False,False,413.3368649482727
0.005,-2.0,14,2,40,5,20142,-70.41991693561857,-75.56603968487632,6.810099842095709,2000,False,True,False,False,413.3368649482727
0.005,-2.0,14,2,40,6,20142,-70.04145046049884,-75.56603968487632,7.310941856177706,2000,False,True,False,False,413.3368649482727
0.005,-2.0,14,2,40,7,20142,-70.09630779121623,-75.56603968487632,7.23834663887353,2000,False,True,False,False,413.3368649482727
0.005,-1.0,15,2,40,0,20152,-54.42691644715537,-59.5660396848763,8.627606040133879,2000,False,True,False,False,417.85468912124634
0.005,-1.0,15,2,40,1,20152,-54.52774508452469,-59.5660396848763,8.45833402221438,2000,False,True,False,False,417.85468912124634
0.005,-1.0,15,2,40,2,20152,-54.444615593753575,-59.5660396848763,8.597892554577614,2000,False,True,False,False,417.85468912124634
0.005,-1.0,15,2,40,3,20152,-54.529795236987,-59.5660396848763,8.454892207930344,1379,True,False,False,True,417.85468912124634
0.005,-1.0,15,2,40,4,20152,-54.45145116810721,-59.5660396848763,8.586416931236194,2000,False,True,False,False,417.85468912124634
0.005,-1.0,15,2,40,5,20152,-54.27432734831652,-59.5660396848763,8.883773983556168,2000,False,True,False,False,417.85468912124634
0.005,-1.0,15,2,40,6,20152,-54.36521146743172,-59.5660396848763,8.731196911795129,2000,False,True,False,False,417.85468912124634
0.005,-1.0,15,2,40,7,20152,-54.38605834308274,-59.5660396848763,8.696198990561314,2000,False,True,False,False,417.85468912124634
0.005,-2.0,14,3,60,0,20143,-67.67815438692897,-75.56603968487632,10.438399750524468,2000,False,True,False,False,454.09263944625854
0.005,-2.0,14,3,60,1,20143,-67.63459530739651,-75.56603968487632,10.49604347476105,1578,True,False,False,False,454.09263944625854
0.005,-2.0,14,3,60,2,20143,-67.74373272215608,-75.56603968487632,10.351616937106444,2000,False,True,False,False,454.09263944625854
0.005,-2.0,14,3,60,3,20143,-67.78428513273829,-75.56603968487632,10.29795207554784,2000,False,True,False,True,454.09263944625854
0.005,-2.0,14,3,60,4,20143,-67.5923480544633,-75.56603968487632,10.55195119879871,2000,False,True,False,False,454.09263944625854
0.005,-2.0,14,3,60,5,20143,-67.62484867532615,-75.56603968487632,10.508941639215621,2000,False,True,False,False,454.09263944625854
0.005,-2.0,14,3,60,6,20143,-67.71581166426604,-75.56603968487632,10.388566151338757,2000,False,True,False,False,454.09263944625854
0.005,-2.0,14,3,60,7,20143,-67.68532250016378,-75.56603968487632,10.428913858098843,2000,False,True,False,False,454.09263944625854
0.005,1.0,17,1,20,0,20171,-27.315755292567726,-35.56603968487631,23.197084818574385,2000,False,True,False,False,381.6250879764557
0.005,1.0,17,1,20,1,20171,-27.351385750650774,-35.56603968487631,23.096903695236666,2000,False,True,False,False,381.6250879764557
0.005,1.0,17,1,20,2,20171,-27.2264806294122,-35.56603968487631,23.448095794062574,2000,False,True,False,False,381.6250879764557
0.005,1.0,17,1,20,3,20171,-27.265234516248768,-35.56603968487631,23.339132616885873,2000,False,True,False,False,381.6250879764557
0.005,1.0,17,1,20,4,20171,-27.242430835334503,-35.56603968487631,23.40324906368825,2000,False,True,False,False,381.6250879764557
0.005,1.0,17,1,20,5,20171,-27.392645377429147,-35.56603968487631,22.980895201898797,2000,False,True,False,True,381.6250879764557
0.005,1.0,17,1,20,6,20171,-27.28454207916547,-35.56603968487631,23.284846103437175,2000,False,True,False,False,381.6250879764557
0.005,1.0,17,1,20,7,20171,-26.52603935853863,-35.56603968487631,25.41750615596862,2000,False,True,False,False,381.6250879764557
0.005,0.0,16,2,40,0,20162,-38.74579709995442,-43.56603968487638,11.064220249965175,2000,False,True,False,True,413.55380034446716
0.005,0.0,16,2,40,1,20162,-38.60792325771495,-43.56603968487638,11.380691159960085,2000,False,True,False,False,413.55380034446716
0.005,0.0,16,2,40,2,20162,-35.451111634848154,-43.56603968487638,18.626728774810488,2000,False,True,False,False,413.55380034446716
0.005,0.0,16,2,40,3,20162,-38.60937861991887,-43.56603968487638,11.377350571248218,2000,False,True,False,False,413.55380034446716
0.005,0.0,16,2,40,4,20162,-36.56646002589602,-43.56603968487638,16.066596159784087,2000,False,True,False,False,413.55380034446716
0.005,0.0,16,2,40,5,20162,-37.966462383776225,-43.56603968487638,12.853078548344628,2000,False,True,False,False,413.55380034446716
0.005,0.0,16,2,40,6,20162,-37.810680778022515,-43.56603968487638,13.210654327278212,2000,False,True,False,False,413.55380034446716
0.005,0.0,16,2,40,7,20162,-38.38002888663849,-43.56603968487638,11.903792118240602,2000,False,True,False,False,413.55380034446716
0.005,-3.0,13,3,60,0,20133,-78.75885527199085,-91.56603968487632,13.98682792983214,2000,False,True,False,False,496.0851240158081
0.005,-3.0,13,3,60,1,20133,-83.68582578352817,-91.56603968487632,8.606044258840752,2000,False,True,False,False,496.0851240158081
0.005,-3.0,13,3,60,2,20133,-83.33408477556135,-91.56603968487632,8.990183410405388,2000,False,True,False,False,496.0851240158081
0.005,-3.0,13,3,60,3,20133,-83.70847156679159,-91.56603968487632,8.581312618877563,2000,False,True,False,False,496.0851240158081
0.005,-3.0,13,3,60,4,20133,-83.83867657640269,-91.56603968487632,8.439114692594847,2000,False,True,False,True,496.0851240158081
0.005,-3.0,13,3,60,5,20133,-83.83508774965998,-91.56603968487632,8.443034078816055,2000,False,True,False,False,496.0851240158081
0.005,-3.0,13,3,60,6,20133,-83.4626044488797,-91.56603968487632,8.849826053288437,2000,False,True,False,False,496.0851240158081
0.005,-3.0,13,3,60,7,20133,-78.50666824338926,-91.56603968487632,14.26224338895814,2000,False,True,False,False,496.0851240158081
0.005,2.0,18,1,20,0,20181,-18.27876390651048,-27.566039684876316,33.691004890561615,2000,False,True,False,False,386.67400646209717
0.005,2.0,18,1,20,1,20181,-18.525343534984188,-27.566039684876316,32.79649979917923,2000,False,True,False,True,386.67400646209717
0.005,2.0,18,1,20,2,20181,-18.307818847974957,-27.566039684876316,33.58560367298875,2000,False,True,False,False,386.67400646209717
0.005,2.0,18,1,20,3,20181,-18.373516818971016,-27.566039684876316,33.347274294713564,2000,False,True,False,False,386.67400646209717
0.005,2.0,18,1,20,4,20181,-18.466693184200015,-27.566039684876316,33.00926286364058,2000,False,True,False,False,386.67400646209717
0.005,2.0,18,1,20,5,20181,-18.457648222689464,-27.566039684876316,33.04207483668403,2000,False,True,False,False,386.67400646209717
0.005,2.0,18,1,20,6,20181,-18.484128930779764,-27.566039684876316,32.94601204205333,2000,False,True,False,False,386.67400646209717
0.005,2.0,18,1,20,7,20181,-18.520305263255487,-27.566039684876316,32.81477689587609,2000,False,True,False,False,386.67400646209717
0.005,3.0,19,1,20,0,20191,-10.34540786599472,-19.56603968487626,47.125693126385244,2000,False,True,False,False,370.6503620147705
0.005,3.0,19,1,20,1,20191,-10.243764400959975,-19.56603968487626,47.645182336627975,2000,False,True,False,False,370.6503620147705
0.005,3.0,19,1,20,2,20191,-10.145285055743473,-19.56603968487626,48.148500058571585,2000,False,True,False,False,370.6503620147705
0.005,3.0,19,1,20,3,20191,-10.174855031866057,-19.56603968487626,47.99737097676031,2000,False,True,False,False,370.6503620147705
0.005,3.0,19,1,20,4,20191,-10.202552324542177,-19.56603968487626,47.8558129858628,2000,False,True,False,False,370.6503620147705
0.005,3.0,19,1,20,5,20191,-10.26073170182197,-19.56603968487626,47.55846422128494,2000,False,True,False,False,370.6503620147705
0.005,3.0,19,1,20,6,20191,-10.426574544974118,-19.56603968487626,46.710858646405434,2000,False,True,False,True,370.6503620147705
0.005,3.0,19,1,20,7,20191,-10.118943780531001,-19.56603968487626,48.283127584819695,2000,False,True,False,False,370.6503620147705
0.005,1.0,17,2,40,0,20172,-25.76696899682898,-35.56603968487631,27.551762228433248,2000,False,True,False,False,420.6292498111725
0.005,1.0,17,2,40,1,20172,-25.51929137200394,-35.56603968487631,28.248150207020462,2000,False,True,False,False,420.6292498111725
0.005,1.0,17,2,40,2,20172,-25.74213393354597,-35.56603968487631,27.62159025399655,2000,False,True,False,False,420.6292498111725
0.005,1.0,17,2,40,3,20172,-25.702194715827616,-35.56603968487631,27.733886191560092,2000,False,True,False,False,420.6292498111725
0.005,1.0,17,2,40,4,20172,-25.883142561468457,-35.56603968487631,27.225120393500813,2000,False,True,False,False,420.6292498111725
0.005,1.0,17,2,40,5,20172,-25.933881362585858,-35.56603968487631,27.08245958120077,2000,False,True,False,True,420.6292498111725
0.005,1.0,17,2,40,6,20172,-25.097397047304298,-35.56603968487631,29.4343782167672,2000,False,True,False,False,420.6292498111725
0.005,1.0,17,2,40,7,20172,-25.517597547253846,-35.56603968487631,28.252912684836666,2000,False,True,False,False,420.6292498111725
0.005,2.0,18,2,40,0,20182,-17.231771097245094,-27.566039684876316,37.48913048725298,2000,False,True,False,True,422.41839933395386
0.005,2.0,18,2,40,1,20182,-16.985491654954643,-27.566039684876316,38.382546607616355,2000,False,True,False,False,422.41839933395386
0.005,2.0,18,2,40,2,20182,-17.15963376483732,-27.566039684876316,37.75081962806689,2000,False,True,False,False,422.41839933395386
0.005,2.0,18,2,40,3,20182,-16.681604994828547,-27.566039684876316,39.48494166907605,2000,False,True,False,False,422.41839933395386
0.005,2.0,18,2,40,4,20182,-16.9731510111121,-27.566039684876316,38.427314169382996,2000,False,True,False,False,422.41839933395386
0.005,2.0,18,2,40,5,20182,-16.851298042494392,-27.566039684876316,38.869354339137814,2000,False,True,False,False,422.41839933395386
0.005,2.0,18,2,40,6,20182,-16.70141510660094,-27.566039684876316,39.41307747676241,2000,False,True,False,False,422.41839933395386
0.005,2.0,18,2,40,7,20182,-16.85230271562702,-27.566039684876316,38.86570973460226,2000,False,True,False,False,422.41839933395386
0.005,-1.0,15,3,60,0,20153,-51.73093755606778,-59.5660396848763,13.153639507106327,2000,False,True,False,False,474.30546975135803
0.005,-1.0,15,3,60,1,20153,-52.00286634770955,-59.5660396848763,12.697123020396178,2000,False,True,False,False,474.30546975135803
0.005,-1.0,15,3,60,2,20153,-51.8904969346422,-59.5660396848763,12.885769795743036,2000,False,True,False,False,474.30546975135803
0.005,-1.0,15,3,60,3,20153,-51.879154223038896,-59.5660396848763,12.90481204139729,2000,False,True,False,False,474.30546975135803
0.005,-1.0,15,3,60,4,20153,-51.895639934650085,-59.5660396848763,12.877135681346491,2000,False,True,False,False,474.30546975135803
0.005,-1.0,15,3,60,5,20153,-47.45593736312524,-59.5660396848763,20.330548053584625,2000,False,True,False,False,474.30546975135803
0.005,-1.0,15,3,60,6,20153,-51.766643304845154,-59.5660396848763,13.093696376815528,2000,False,True,False,False,474.30546975135803
0.005,-1.0,15,3,60,7,20153,-52.117112636671074,-59.5660396848763,12.505325329017122,2000,False,True,False,True,474.30546975135803
0.005,3.0,19,2,40,0,20192,-8.238734954476806,-19.56603968487626,57.89267993335918,2000,False,True,False,False,456.39004945755005
0.005,3.0,19,2,40,1,20192,-8.974919823393112,-19.56603968487626,54.13011540434341,2000,False,True,False,False,456.39004945755005
0.005,3.0,19,2,40,2,20192,-8.15854638551734,-19.56603968487626,58.30251539444868,2000,False,True,False,False,456.39004945755005
0.005,3.0,19,2,40,3,20192,-9.05919362389391,-19.56603968487626,53.6994007484494,2000,False,True,False,True,456.39004945755005
0.005,3.0,19,2,40,4,20192,-8.478918442133844,-19.56603968487626,56.66512703289824,2000,False,True,False,False,456.39004945755005
0.005,3.0,19,2,40,5,20192,-8.587172493800217,-19.56603968487626,56.111851799842015,2000,False,True,False,False,456.39004945755005
0.005,3.0,19,2,40,6,20192,-8.236581950293601,-19.56603968487626,57.90368371449159,2000,False,True,False,False,456.39004945755005
0.005,3.0,19,2,40,7,20192,-9.009392484675658,-19.56603968487626,53.95392920704568,2000,False,True,False,False,456.39004945755005
0.005,0.0,16,3,60,0,20163,-35.30665868593868,-43.56603968487638,18.958301141622663,2000,False,True,False,False,511.3607394695282
0.005,0.0,16,3,60,1,20163,-36.26892649142333,-43.56603968487638,16.74954447600659,2000,False,True,False,False,511.3607394695282
0.005,0.0,16,3,60,2,20163,-36.391896503946825,-43.56603968487638,16.467283307874332,2000,False,True,False,False,511.3607394695282
0.005,0.0,16,3,60,3,20163,-36.39781642147371,-43.56603968487638,16.453694931309215,2000,False,True,False,True,511.3607394695282
0.005,0.0,16,3,60,4,20163,-36.14695331922162,-43.56603968487638,17.029517530899728,2000,False,True,False,False,511.3607394695282
0.005,0.0,16,3,60,5,20163,-34.30965204904814,-43.56603968487638,21.246796134746038,2000,False,True,False,False,511.3607394695282
0.005,0.0,16,3,60,6,20163,-34.86318926407628,-43.56603968487638,19.9762257110123,2000,False,True,False,False,511.3607394695282
0.005,0.0,16,3,60,7,20163,-35.64127580057279,-43.56603968487638,18.190232441657095,2000,False,True,False,False,511.3607394695282
0.005,1.0,17,3,60,0,20173,-23.284443288989536,-35.56603968487631,34.53180760271506,2000,False,True,False,False,507.3792791366577
0.005,1.0,17,3,60,1,20173,-23.300684939759577,-35.56603968487631,34.48614142533364,2000,False,True,False,False,507.3792791366577
0.005,1.0,17,3,60,2,20173,-23.65469423267222,-35.56603968487631,33.49078378627894,2000,False,True,False,False,507.3792791366577
0.005,1.0,17,3,60,3,20173,-23.78959341360328,-35.56603968487631,33.11149168030847,2000,False,True,False,False,507.3792791366577
0.005,1.0,17,3,60,4,20173,-23.685252842359525,-35.56603968487631,33.404863031654415,2000,False,True,False,False,507.3792791366577
0.005,1.0,17,3,60,5,20173,-23.843714617419263,-35.56603968487631,32.95932066465559,2000,False,True,False,True,507.3792791366577
0.005,1.0,17,3,60,6,20173,-23.76116901912743,-35.56603968487631,33.191411724057225,2000,False,True,False,False,507.3792791366577
0.005,1.0,17,3,60,7,20173,-23.2482825930575,-35.56603968487631,34.633479580400596,2000,False,True,False,False,507.3792791366577
0.005,2.0,18,3,60,0,20183,-14.884388703782305,-27.566039684876316,46.004617007250424,2000,False,True,False,False,507.6432394981384
0.005,2.0,18,3,60,1,20183,-14.80113276391717,-27.566039684876316,46.306640587049635,2000,False,True,False,False,507.6432394981384
0.005,2.0,18,3,60,2,20183,-14.621870382018917,-27.566039684876316,46.95694213180364,2000,False,True,False,False,507.6432394981384
0.005,2.0,18,3,60,3,20183,-14.29912984339697,-27.566039684876316,48.12773250398399,2000,False,True,False,False,507.6432394981384
0.005,2.0,18,3,60,4,20183,-15.08498801661449,-27.566039684876316,45.276912501542114,2000,False,True,False,False,507.6432394981384
0.005,2.0,18,3,60,5,20183,-14.522324552350485,-27.566039684876316,47.31805976352151,2000,False,True,False,False,507.6432394981384
0.005,2.0,18,3,60,6,20183,-15.047689379873274,-27.566039684876316,45.4122189770736,2000,False,True,False,False,507.6432394981384
0.005,2.0,18,3,60,7,20183,-15.09934808657064,-27.566039684876316,45.224819164521975,2000,False,True,False,True,507.6432394981384
0.005,3.0,19,3,60,0,20193,-5.998527839899546,-19.56603968487626,69.3421462058254,2000,False,True,False,False,515.7616386413574
0.005,3.0,19,3,60,1,20193,-6.460876371855119,-19.56603968487626,66.97913080055179,2000,False,True,False,False,515.7616386413574
0.005,3.0,19,3,60,2,20193,-6.865422670824399,-19.56603968487626,64.91153661447856,2000,False,True,False,True,515.7616386413574
0.005,3.0,19,3,60,3,20193,-6.093260317234688,-19.56603968487626,68.85797833710556,2000,False,True,False,False,515.7616386413574
0.005,3.0,19,3,60,4,20193,-6.758457813910181,-19.56603968487626,65.4582229068349,2000,False,True,False,False,515.7616386413574
0.005,3.0,19,3,60,5,20193,-6.070040529617589,-19.56603968487626,68.97665226392503,2000,False,True,False,False,515.7616386413574
0.005,3.0,19,3,60,6,20193,-6.074662163650235,-19.56603968487626,68.95303157160772,2000,False,True,False,False,515.7616386413574
0.005,3.0,19,3,60,7,20193,-6.098190194925673,-19.56603968487626,68.8327822434127,2000,False,True,False,False,515.7616386413574
0.005,4.0,20,1,20,0,20201,-2.6573310939865413,-11.566039684876385,77.02471056310455,2000,False,True,False,False,401.6467442512512
0.005,4.0,20,1,20,1,20201,-2.7696264798323247,-11.566039684876385,76.05380445431244,2000,False,True,False,False,401.6467442512512
0.005,4.0,20,1,20,2,20201,-2.568715126421279,-11.566039684876385,77.7908843786858,2000,False,True,False,False,401.6467442512512
0.005,4.0,20,1,20,3,20201,-2.344232638252465,-11.566039684876385,79.73176037673676,2000,False,True,False,False,401.6467442512512
0.005,4.0,20,1,20,4,20201,-2.757553219185451,-11.566039684876385,76.15818988766574,2000,False,True,False,False,401.6467442512512
0.005,4.0,20,1,20,5,20201,-2.620549133002033,-11.566039684876385,77.34272746419303,2000,False,True,False,False,401.6467442512512
0.005,4.0,20,1,20,6,20201,-2.9080777366846653,-11.566039684876385,74.85675463756853,2000,False,True,False,True,401.6467442512512
0.005,4.0,20,1,20,7,20201,-2.6690617613241807,-11.566039684876385,76.92328719212148,2000,False,True,False,False,401.6467442512512
0.005,4.0,20,2,40,0,20202,-0.6202915983516134,-11.566039684876385,94.63695772060423,2000,False,True,False,False,464.3850462436676
0.005,4.0,20,2,40,1,20202,-0.4164857877776217,-11.566039684876385,96.39906312683489,2000,False,True,False,False,464.3850462436676
0.005,4.0,20,2,40,2,20202,-0.7603863647238611,-11.566039684876385,93.42569811758356,2000,False,True,False,False,464.3850462436676
0.005,4.0,20,2,40,3,20202,-0.8827242780752594,-11.566039684876385,92.36796429784432,2000,False,True,False,True,464.3850462436676
0.005,4.0,20,2,40,4,20202,-0.5785323415738954,-11.566039684876385,94.9980083301082,2000,False,True,False,False,464.3850462436676
0.005,4.0,20,2,40,5,20202,3.6030462220082775,-11.566039684876385,131.15194414142965,2000,False,True,False,False,464.3850462436676
0.005,4.0,20,2,40,6,20202,-0.7333379218049058,-11.566039684876385,93.65955900390166,2000,False,True,False,False,464.3850462436676
0.005,4.0,20,2,40,7,20202,-0.42441369506700644,-11.566039684876385,96.33051842609562,2000,False,True,False,False,464.3850462436676
0.005,5.0,21,1,20,0,20211,3.137954130550889,-3.5660396848763805,187.99549101651877,2000,False,True,False,False,445.5115079879761
0.005,5.0,21,1,20,1,20211,3.106964600570917,-3.5660396848763805,187.12647292590694,2000,False,True,False,False,445.5115079879761
0.005,5.0,21,1,20,2,20211,3.2164593180773364,-3.5660396848763805,190.19695803494227,2000,False,True,False,False,445.5115079879761
0.005,5.0,21,1,20,3,20211,2.8401499752206263,-3.5660396848763805,179.64437376470426,2000,False,True,False,True,445.5115079879761
0.005,5.0,21,1,20,4,20211,3.2168069975359597,-3.5660396848763805,190.2067077710458,2000,False,True,False,False,445.5115079879761
0.005,5.0,21,1,20,5,20211,2.854483753986485,-3.5660396848763805,180.04632607125453,2000,False,True,False,False,445.5115079879761
0.005,5.0,21,1,20,6,20211,3.0139889392579615,-3.5660396848763805,184.51922035641743,2000,False,True,False,False,445.5115079879761
0.005,5.0,21,1,20,7,20211,2.9392488138664743,-3.5660396848763805,182.42333438777663,2000,False,True,False,False,445.5115079879761
0.005,6.0,22,1,20,0,20221,3.7619197270081535,0.9999999999999979,276.19197270081617,2000,False,True,False,False,418.247597694397
0.005,6.0,22,1,20,1,20221,3.554666956170873,0.9999999999999979,255.46669561708802,2000,False,True,False,False,418.247597694397
0.005,6.0,22,1,20,2,20221,3.556890447659093,0.9999999999999979,255.68904476591007,2000,False,True,False,False,418.247597694397
0.005,6.0,22,1,20,3,20221,3.2349670448168655,0.9999999999999979,223.49670448168726,2000,False,True,False,True,418.247597694397
0.005,6.0,22,1,20,4,20221,3.335400802104423,0.9999999999999979,233.540080210443,2000,False,True,False,False,418.247597694397
0.005,6.0,22,1,20,5,20221,3.2720615780219218,0.9999999999999979,227.20615780219288,2000,False,True,False,False,418.247597694397
0.005,6.0,22,1,20,6,20221,3.53976649907115,0.9999999999999979,253.97664990711576,2000,False,True,False,False,418.247597694397
0.005,6.0,22,1,20,7,20221,3.7178726023404245,0.9999999999999979,271.78726023404323,2000,False,True,False,False,418.247597694397
0.005,5.0,21,2,40,0,20212,3.4604223115691557,-3.5660396848763805,197.038244589505,2000,False,True,False,True,473.3932886123657
0.005,5.0,21,2,40,1,20212,3.8099315779006555,-3.5660396848763805,206.8392927330176,2000,False,True,False,False,473.3932886123657
0.005,5.0,21,2,40,2,20212,3.839116321494096,-3.5660396848763805,207.6577004393932,2000,False,True,False,False,473.3932886123657
0.005,5.0,21,2,40,3,20212,3.600339083022428,-3.5660396848763805,200.96183444877275,2000,False,True,False,False,473.3932886123657
0.005,5.0,21,2,40,4,20212,5.252490158242706,-3.5660396848763805,247.29197155372623,2000,False,True,False,False,473.3932886123657
0.005,5.0,21,2,40,5,20212,5.049277805229348,-3.5660396848763805,241.59342720282666,2000,False,True,False,False,473.3932886123657
0.005,5.0,21,2,40,6,20212,7.243573204518428,-3.5660396848763805,303.12654498037455,2000,False,True,False,False,473.3932886123657
0.005,5.0,21,2,40,7,20212,3.7361629789782773,-3.5660396848763805,204.77065061343515,2000,False,True,False,False,473.3932886123657
0.005,8.0,24,1,20,0,20241,4.435981524797986,1.0000000000000249,343.59815247978764,2000,False,True,False,False,418.8709547519684
0.005,8.0,24,1,20,1,20241,4.413634995764326,1.0000000000000249,341.36349957642165,2000,False,True,False,False,418.8709547519684
0.005,8.0,24,1,20,2,20241,4.027105243036183,1.0000000000000249,302.7105243036083,2000,False,True,False,True,418.8709547519684
0.005,8.0,24,1,20,3,20241,4.298325680060073,1.0000000000000249,329.8325680059966,2000,False,True,False,False,418.8709547519684
0.005,8.0,24,1,20,4,20241,4.046673486927548,1.0000000000000249,304.6673486927447,2000,False,True,False,False,418.8709547519684
0.005,8.0,24,1,20,5,20241,4.077956063022159,1.0000000000000249,307.79560630220584,2000,False,True,False,False,418.8709547519684
0.005,8.0,24,1,20,6,20241,4.3800116912205596,1.0000000000000249,338.0011691220451,2000,False,True,False,False,418.8709547519684
0.005,8.0,24,1,20,7,20241,4.913212807441001,1.0000000000000249,391.32128074408786,2000,False,True,False,False,418.8709547519684
0.005,7.0,23,1,20,0,20231,3.8601698400729627,1.0000000000000147,286.0169840072906,2000,False,True,False,False,453.0868580341339
0.005,7.0,23,1,20,1,20231,4.4648839979962744,1.0000000000000147,346.48839979962094,2000,False,True,False,False,453.0868580341339
0.005,7.0,23,1,20,2,20231,4.192771831350237,1.0000000000000147,319.2771831350176,2000,False,True,False,False,453.0868580341339
0.005,7.0,23,1,20,3,20231,21.955384327886478,1.0000000000000147,2095.538432788616,2000,False,True,False,False,453.0868580341339
0.005,7.0,23,1,20,4,20231,3.6536830483716503,1.0000000000000147,265.36830483715966,2000,False,True,False,True,453.0868580341339
0.005,7.0,23,1,20,5,20231,4.003923458612916,1.0000000000000147,300.3923458612857,2000,False,True,False,False,453.0868580341339
0.005,7.0,23,1,20,6,20231,4.001292489282891,1.0000000000000147,300.12924892828323,2000,False,True,False,False,453.0868580341339
0.005,7.0,23,1,20,7,20231,4.426345956094026,1.0000000000000147,342.6345956093961,2000,False,True,False,False,453.0868580341339
0.005,4.0,20,3,60,0,20203,1.4529441121626065,-11.566039684876385,112.56215741730904,2000,False,True,False,False,527.434015750885
0.005,4.0,20,3,60,1,20203,1.231638395462693,-11.566039684876385,110.64874779111445,2000,False,True,False,False,527.434015750885
0.005,4.0,20,3,60,2,20203,0.7066917946938575,-11.566039684876385,106.11005853298185,2000,False,True,False,False,527.434015750885
0.005,4.0,20,3,60,3,20203,2.2067602496368686,-11.566039684876385,119.07965310306172,2000,False,True,False,False,527.434015750885
0.005,4.0,20,3,60,4,20203,0.6619526747431381,-11.566039684876385,105.72324402110344,2000,False,True,False,False,527.434015750885
0.005,4.0,20,3,60,5,20203,1.3898593277851157,-11.566039684876385,112.01672625767036,2000,False,True,False,False,527.434015750885
0.005,4.0,20,3,60,6,20203,0.5689392579834815,-11.566039684876385,104.91904985184703,2000,False,True,False,True,527.434015750885
0.005,4.0,20,3,60,7,20203,0.6706796797770194,-11.566039684876385,105.79869772238453,2000,False,True,False,False,527.434015750885
0.005,6.0,22,2,40,0,20222,5.042773267749264,0.9999999999999979,404.2773267749275,2000,False,True,False,False,515.2599101066589
0.005,6.0,22,2,40,1,20222,4.96242980135006,0.9999999999999979,396.2429801350071,2000,False,True,False,False,515.2599101066589
0.005,6.0,22,2,40,2,20222,4.228831122386413,0.9999999999999979,322.8831122386421,2000,False,True,False,False,515.2599101066589
0.005,6.0,22,2,40,3,20222,4.348786011502561,0.9999999999999979,334.87860115025705,2000,False,True,False,False,515.2599101066589
0.005,6.0,22,2,40,4,20222,4.092646445501807,0.9999999999999979,309.26464455018163,2000,False,True,False,True,515.2599101066589
0.005,6.0,22,2,40,5,20222,4.589650751455336,0.9999999999999979,358.96507514553457,2000,False,True,False,False,515.2599101066589
0.005,6.0,22,2,40,6,20222,5.160663549888388,0.9999999999999979,416.06635498883986,2000,False,True,False,False,515.2599101066589
0.005,6.0,22,2,40,7,20222,5.381112267451092,0.9999999999999979,438.1112267451103,2000,False,True,False,False,515.2599101066589
0.005,8.0,24,2,40,0,20242,5.789305762419937,1.0000000000000249,478.9305762419793,2000,False,True,False,False,480.1034791469574
0.005,8.0,24,2,40,1,20242,6.3626332329112385,1.0000000000000249,536.263323291108,2000,False,True,False,False,480.1034791469574
0.005,8.0,24,2,40,2,20242,6.571834431826251,1.0000000000000249,557.1834431826088,2000,False,True,False,False,480.1034791469574
0.005,8.0,24,2,40,3,20242,6.457927901963141,1.0000000000000249,545.792790196298,2000,False,True,False,False,480.1034791469574
0.005,8.0,24,2,40,4,20242,5.599571686673247,1.0000000000000249,459.9571686673108,2000,False,True,False,False,480.1034791469574
0.005,8.0,24,2,40,5,20242,6.327278600268224,1.0000000000000249,532.7278600268068,2000,False,True,False,False,480.1034791469574
0.005,8.0,24,2,40,6,20242,5.390603564870646,1.0000000000000249,439.0603564870512,2000,False,True,False,True,480.1034791469574
0.005,8.0,24,2,40,7,20242,6.776280011530185,1.0000000000000249,577.6280011530016,2000,False,True,False,False,480.1034791469574
0.005,7.0,23,2,40,0,20232,5.635589537739638,1.0000000000000147,463.5589537739555,2000,False,True,False,False,519.9544532299042
0.005,7.0,23,2,40,1,20232,5.729766175161244,1.0000000000000147,472.976617516116,2000,False,True,False,False,519.9544532299042
0.005,7.0,23,2,40,2,20232,6.075707631954139,1.0000000000000147,507.57076319540494,2000,False,True,False,False,519.9544532299042
0.005,7.0,23,2,40,3,20232,5.179286406586061,1.0000000000000147,417.92864065859845,2000,False,True,False,True,519.9544532299042
0.005,7.0,23,2,40,4,20232,6.96493601165032,1.0000000000000147,596.4936011650218,2000,False,True,False,False,519.9544532299042
0.005,7.0,23,2,40,5,20232,5.670048292122662,1.0000000000000147,467.0048292122579,2000,False,True,False,False,519.9544532299042
0.005,7.0,23,2,40,6,20232,5.650627829099024,1.0000000000000147,465.06278290989417,2000,False,True,False,False,519.9544532299042
0.005,7.0,23,2,40,7,20232,6.830450358190041,1.0000000000000147,583.045035818994,2000,False,True,False,False,519.9544532299042
0.005,6.0,22,3,60,0,20223,6.797120578575568,0.9999999999999979,579.7120578575583,2000,False,True,False,False,534.6247780323029
0.005,6.0,22,3,60,1,20223,7.005226498200635,0.9999999999999979,600.5226498200649,2000,False,True,False,False,534.6247780323029
0.005,6.0,22,3,60,2,20223,6.1429982546321895,0.9999999999999979,514.2998254632201,2000,False,True,False,False,534.6247780323029
0.005,6.0,22,3,60,3,20223,6.140950052830812,0.9999999999999979,514.0950052830824,2000,False,True,False,False,534.6247780323029
0.005,6.0,22,3,60,4,20223,6.140470554430095,0.9999999999999979,514.0470554430108,2000,False,True,False,False,534.6247780323029
0.005,6.0,22,3,60,5,20223,6.139289289458916,0.9999999999999979,513.9289289458928,2000,False,True,False,False,534.6247780323029
0.005,6.0,22,3,60,6,20223,17.75757567769244,0.9999999999999979,1675.757567769248,2000,False,True,False,False,534.6247780323029
0.005,6.0,22,3,60,7,20223,6.137462206989491,0.9999999999999979,513.7462206989503,2000,False,True,False,True,534.6247780323029
0.005,5.0,21,3,60,0,20213,5.2073833425111795,-3.5660396848763805,246.02707212137202,2000,False,True,False,True,577.6660540103912
0.005,5.0,21,3,60,1,20213,5.2144886537714275,-3.5660396848763805,246.2263214816745,2000,False,True,False,False,577.6660540103912
0.005,5.0,21,3,60,2,20213,5.209618645530339,-3.5660396848763805,246.08975518764976,2000,False,True,False,False,577.6660540103912
0.005,5.0,21,3,60,3,20213,6.277713409531872,-3.5660396848763805,276.04160256981254,2000,False,True,False,False,577.6660540103912
0.005,5.0,21,3,60,4,20213,5.985149886197858,-3.5660396848763805,267.8374447592649,2000,False,True,False,False,577.6660540103912
0.005,5.0,21,3,60,5,20213,5.995152087239461,-3.5660396848763805,268.11792960871907,2000,False,True,False,False,577.6660540103912
0.005,5.0,21,3,60,6,20213,5.216044309081688,-3.5660396848763805,246.26994565436266,2000,False,True,False,False,577.6660540103912
0.005,5.0,21,3,60,7,20213,6.012325606411018,-3.5660396848763805,268.5995148037574,2000,False,True,False,False,577.6660540103912
0.005,7.0,23,3,60,0,20233,7.193495121871635,1.0000000000000147,619.349512187153,2000,False,True,False,False,538.1423892974854
0.005,7.0,23,3,60,1,20233,8.396210007623818,1.0000000000000147,739.6210007623696,2000,False,True,False,False,538.1423892974854
0.005,7.0,23,3,60,2,20233,7.069396419794506,1.0000000000000147,606.9396419794404,2000,False,True,False,False,538.1423892974854
0.005,7.0,23,3,60,3,20233,25.912205827916953,1.0000000000000147,2491.2205827916573,2000,False,True,False,False,538.1423892974854
0.005,7.0,23,3,60,4,20233,7.057000130387447,1.0000000000000147,605.7000130387344,2000,False,True,False,False,538.1423892974854
0.005,7.0,23,3,60,5,20233,7.063053206001798,1.0000000000000147,606.3053206001694,2000,False,True,False,False,538.1423892974854
0.005,7.0,23,3,60,6,20233,7.843386418271721,1.0000000000000147,684.3386418271606,2000,False,True,False,False,538.1423892974854
0.005,7.0,23,3,60,7,20233,7.056168525143336,1.0000000000000147,605.6168525143233,2000,False,True,False,True,538.1423892974854
0.005,9.0,25,1,20,0,20251,5.077018474637617,0.9999999999999994,407.7018474637621,2000,False,True,False,False,456.9040639400482
0.005,9.0,25,1,20,1,20251,4.428782361530801,0.9999999999999994,342.8782361530803,2000,False,True,False,True,456.9040639400482
0.005,9.0,25,1,20,2,20251,5.243056410418544,0.9999999999999994,424.30564104185476,2000,False,True,False,False,456.9040639400482
0.005,9.0,25,1,20,3,20251,5.208828036885099,0.9999999999999994,420.88280368851025,2000,False,True,False,False,456.9040639400482
0.005,9.0,25,1,20,4,20251,5.077866843298173,0.9999999999999994,407.78668432981766,2000,False,True,False,False,456.9040639400482
0.005,9.0,25,1,20,5,20251,4.8587767947061575,0.9999999999999994,385.87767947061604,2000,False,True,False,False,456.9040639400482
0.005,9.0,25,1,20,6,20251,4.527359158570949,0.9999999999999994,352.7359158570951,2000,False,True,False,False,456.9040639400482
0.005,9.0,25,1,20,7,20251,4.986622237716685,0.9999999999999994,398.6622237716688,2000,False,True,False,False,456.9040639400482
0.005,8.0,24,3,60,0,20243,8.288089812145442,1.0000000000000249,728.8089812145236,2000,False,True,False,False,536.571489572525
0.005,8.0,24,3,60,1,20243,8.200199823375247,1.0000000000000249,720.0199823375042,2000,False,True,False,False,536.571489572525
0.005,8.0,24,3,60,2,20243,9.074546583902587,1.0000000000000249,807.4546583902361,2000,False,True,False,False,536.571489572525
0.005,8.0,24,3,60,3,20243,9.369518714342329,1.0000000000000249,836.9518714342096,2000,False,True,False,False,536.571489572525
0.005,8.0,24,3,60,4,20243,9.373396231752682,1.0000000000000249,837.3396231752449,2000,False,True,False,False,536.571489572525
0.005,8.0,24,3,60,5,20243,8.86762526528788,1.0000000000000249,786.7625265287661,2000,False,True,False,False,536.571489572525
0.005,8.0,24,3,60,6,20243,7.983745794781138,1.0000000000000249,698.3745794780939,2000,False,True,False,True,536.571489572525
0.005,8.0,24,3,60,7,20243,9.370456136181554,1.0000000000000249,837.0456136181322,2000,False,True,False,False,536.571489572525
0.005,10.0,26,1,20,0,20261,5.2489095006922355,0.9999999999999996,424.8909500692237,2000,False,True,False,False,453.90874433517456
0.005,10.0,26,1,20,1,20261,5.2840286102063825,0.9999999999999996,428.4028610206384,2000,False,True,False,False,453.90874433517456
0.005,10.0,26,1,20,2,20261,4.834376357225827,0.9999999999999996,383.43763572258297,2000,False,True,False,True,453.90874433517456
0.005,10.0,26,1,20,3,20261,5.393161687748739,0.9999999999999996,439.3161687748741,2000,False,True,False,False,453.90874433517456
0.005,10.0,26,1,20,4,20261,5.303495687030313,0.9999999999999996,430.34956870303154,2000,False,True,False,False,453.90874433517456
0.005,10.0,26,1,20,5,20261,4.8890360581748045,0.9999999999999996,388.9036058174807,2000,False,True,False,False,453.90874433517456
0.005,10.0,26,1,20,6,20261,4.893232479537951,0.9999999999999996,389.3232479537953,2000,False,True,False,False,453.90874433517456
0.005,10.0,26,1,20,7,20261,4.851636661293765,0.9999999999999996,385.1636661293767,2000,False,True,False,False,453.90874433517456
0.005,9.0,25,2,40,0,20252,6.102104910762106,0.9999999999999994,510.210491076211,2000,False,True,False,False,515.9688403606415
0.005,9.0,25,2,40,1,20252,7.017762317312494,0.9999999999999994,601.7762317312498,2000,False,True,False,False,515.9688403606415
0.005,9.0,25,2,40,2,20252,7.4503114884874515,0.9999999999999994,645.0311488487456,2000,False,True,False,False,515.9688403606415
0.005,9.0,25,2,40,3,20252,7.120704901751123,0.9999999999999994,612.0704901751127,2000,False,True,False,False,515.9688403606415
0.005,9.0,25,2,40,4,20252,7.590331146199665,0.9999999999999994,659.0331146199669,2000,False,True,False,False,515.9688403606415
0.005,9.0,25,2,40,5,20252,8.665457615357644,0.9999999999999994,766.5457615357649,2000,False,True,False,False,515.9688403606415
0.005,9.0,25,2,40,6,20252,6.266985869469307,0.9999999999999994,526.6985869469311,2000,False,True,False,False,515.9688403606415
0.005,9.0,25,2,40,7,20252,6.040596948457427,0.9999999999999994,504.0596948457431,2000,False,True,False,True,515.9688403606415
0.005,9.0,25,3,60,0,20253,10.119972868974937,0.9999999999999994,911.9972868974943,2000,False,True,False,False,566.8900310993195
0.005,9.0,25,3,60,1,20253,10.113906817346049,0.9999999999999994,911.3906817346054,2000,False,True,False,False,566.8900310993195
0.005,9.0,25,3,60,2,20253,10.12089909932728,0.9999999999999994,912.0899099327286,2000,False,True,False,False,566.8900310993195
0.005,9.0,25,3,60,3,20253,8.909214044637826,0.9999999999999994,790.9214044637831,2000,False,True,False,False,566.8900310993195
0.005,9.0,25,3,60,4,20253,9.118906597833387,0.9999999999999994,811.8906597833393,2000,False,True,False,False,566.8900310993195
0.005,9.0,25,3,60,5,20253,10.1176044916989,0.9999999999999994,911.7604491698905,2000,False,True,False,False,566.8900310993195
0.005,9.0,25,3,60,6,20253,9.088371769193753,0.9999999999999994,808.8371769193758,2000,False,True,False,False,566.8900310993195
0.005,9.0,25,3,60,7,20253,8.898322838428623,0.9999999999999994,789.8322838428628,2000,False,True,False,True,566.8900310993195
0.005,10.0,26,2,40,0,20262,6.593759195197136,0.9999999999999996,559.375919519714,2000,False,True,False,False,512.720452785492
0.005,10.0,26,2,40,1,20262,8.325168457290857,0.9999999999999996,732.5168457290861,2000,False,True,False,False,512.720452785492
0.005,10.0,26,2,40,2,20262,7.953232612967529,0.9999999999999996,695.3232612967531,2000,False,True,False,False,512.720452785492
0.005,10.0,26,2,40,3,20262,7.198585938220704,0.9999999999999996,619.8585938220707,2000,False,True,False,False,512.720452785492
0.005,10.0,26,2,40,4,20262,7.341741362561935,0.9999999999999996,634.1741362561937,2000,False,True,False,False,512.720452785492
0.005,10.0,26,2,40,5,20262,6.719436766568536,0.9999999999999996,571.9436766568539,2000,False,True,False,False,512.720452785492
0.005,10.0,26,2,40,6,20262,6.588090118736174,0.9999999999999996,558.8090118736177,2000,False,True,False,True,512.720452785492
0.005,10.0,26,2,40,7,20262,7.7486062054882865,0.9999999999999996,674.8606205488289,2000,False,True,False,False,512.720452785492
0.005,11.0,27,1,20,0,20271,5.2100538650648,1.0000000000000189,421.0053865064702,2000,False,True,False,True,420.88372445106506
0.005,11.0,27,1,20,1,20271,5.728295508159122,1.0000000000000189,472.8295508159015,2000,False,True,False,False,420.88372445106506
0.005,11.0,27,1,20,2,20271,5.375168735025935,1.0000000000000189,437.51687350258334,2000,False,True,False,False,420.88372445106506
0.005,11.0,27,1,20,3,20271,5.794909815560423,1.0000000000000189,479.4909815560314,2000,False,True,False,False,420.88372445106506
0.005,11.0,27,1,20,4,20271,5.848062045496811,1.0000000000000189,484.8062045496701,2000,False,True,False,False,420.88372445106506
0.005,11.0,27,1,20,5,20271,5.766349612980979,1.0000000000000189,476.63496129808703,2000,False,True,False,False,420.88372445106506
0.005,11.0,27,1,20,6,20271,5.344183989695396,1.0000000000000189,434.41839896952956,2000,False,True,False,False,420.88372445106506
0.005,11.0,27,1,20,7,20271,5.212403693655362,1.0000000000000189,421.2403693655263,2000,False,True,False,False,420.88372445106506
0.005,10.0,26,3,60,0,20263,10.976441601568398,0.9999999999999996,997.6441601568401,2000,False,True,False,False,535.759624004364
0.005,10.0,26,3,60,1,20263,11.161352422006997,0.9999999999999996,1016.1352422007003,2000,False,True,False,False,535.759624004364
0.005,10.0,26,3,60,2,20263,9.909852909176466,0.9999999999999996,890.985290917647,2000,False,True,False,False,535.759624004364
0.005,10.0,26,3,60,3,20263,11.146020291413889,0.9999999999999996,1014.6020291413894,2000,False,True,False,False,535.759624004364
0.005,10.0,26,3,60,4,20263,11.064078769954012,0.9999999999999996,1006.4078769954017,2000,False,True,False,False,535.759624004364
0.005,10.0,26,3,60,5,20263,10.954803856372028,0.9999999999999996,995.4803856372031,2000,False,True,False,False,535.759624004364
0.005,10.0,26,3,60,6,20263,9.831762254731242,0.9999999999999996,883.1762254731245,2000,False,True,False,False,535.759624004364
0.005,10.0,26,3,60,7,20263,9.830986964342248,0.9999999999999996,883.0986964342252,2000,False,True,False,True,535.759624004364
0.005,12.0,28,1,20,0,20281,6.404253434097498,1.0000000000000426,540.4253434097226,2000,False,True,False,False,419.6219856739044
0.005,12.0,28,1,20,1,20281,6.17093283421716,1.0000000000000426,517.0932834216896,2000,False,True,False,False,419.6219856739044
0.005,12.0,28,1,20,2,20281,5.701394598600505,1.0000000000000426,470.13945986002614,2000,False,True,False,False,419.6219856739044
0.005,12.0,28,1,20,3,20281,6.168825483834765,1.0000000000000426,516.8825483834502,2000,False,True,False,False,419.6219856739044
0.005,12.0,28,1,20,4,20281,5.71661560190693,1.0000000000000426,471.66156019066864,2000,False,True,False,False,419.6219856739044
0.005,12.0,28,1,20,5,20281,6.252448570654873,1.0000000000000426,525.2448570654607,2000,False,True,False,False,419.6219856739044
0.005,12.0,28,1,20,6,20281,5.636476961409481,1.0000000000000426,463.64769614092404,2000,False,True,False,True,419.6219856739044
0.005,12.0,28,1,20,7,20281,5.63775522526749,1.0000000000000426,463.77552252672496,2000,False,True,False,False,419.6219856739044
0.005,13.0,29,1,20,0,20291,6.606078931122919,1.0000000000000213,560.6078931122778,2000,False,True,False,False,416.545649766922
0.005,13.0,29,1,20,1,20291,6.693479646397069,1.0000000000000213,569.3479646396926,2000,False,True,False,False,416.545649766922
0.005,13.0,29,1,20,2,20291,6.05908544083266,1.0000000000000213,505.9085440832531,2000,False,True,False,False,416.545649766922
0.005,13.0,29,1,20,3,20291,6.56404606195399,1.0000000000000213,556.404606195385,2000,False,True,False,False,416.545649766922
0.005,13.0,29,1,20,4,20291,6.116383823053997,1.0000000000000213,511.6383823053867,2000,False,True,False,False,416.545649766922
0.005,13.0,29,1,20,5,20291,6.0176135627672265,1.0000000000000213,501.7613562767099,2000,False,True,False,True,416.545649766922
0.005,13.0,29,1,20,6,20291,6.032293920567058,1.0000000000000213,503.229392056693,2000,False,True,False,False,416.545649766922
0.005,13.0,29,1,20,7,20291,7.077192300740762,1.0000000000000213,607.7192300740611,2000,False,True,False,False,416.545649766922
0.005,11.0,27,2,40,0,20272,9.01247280506469,1.0000000000000189,801.247280506452,2000,False,True,False,False,513.6904485225677
0.005,11.0,27,2,40,1,20272,7.640794842576912,1.0000000000000189,664.0794842576768,2000,False,True,False,False,513.6904485225677
0.005,11.0,27,2,40,2,20272,9.32402159185311,1.0000000000000189,832.4021591852935,2000,False,True,False,False,513.6904485225677
0.005,11.0,27,2,40,3,20272,7.474724623341767,1.0000000000000189,647.4724623341625,2000,False,True,False,False,513.6904485225677
0.005,11.0,27,2,40,4,20272,10.09441453414412,1.0000000000000189,909.4414534143928,2000,False,True,False,False,513.6904485225677
0.005,11.0,27,2,40,5,20272,9.240313309920689,1.0000000000000189,824.0313309920513,2000,False,True,False,False,513.6904485225677
0.005,11.0,27,2,40,6,20272,8.848771295361757,1.0000000000000189,784.877129536159,2000,False,True,False,False,513.6904485225677
0.005,11.0,27,2,40,7,20272,7.2408371109543355,1.0000000000000189,624.0837110954199,2000,False,True,False,True,513.6904485225677
0.005,12.0,28,2,40,0,20282,8.323458668457496,1.0000000000000426,732.3458668457141,2000,False,True,False,False,474.0686151981354
0.005,12.0,28,2,40,1,20282,8.778538787302818,1.0000000000000426,777.8538787302443,2000,False,True,False,False,474.0686151981354
0.005,12.0,28,2,40,2,20282,8.05632972117703,1.0000000000000426,705.6329721176687,2000,False,True,False,False,474.0686151981354
0.005,12.0,28,2,40,3,20282,9.973391763334115,1.0000000000000426,897.3391763333691,2000,False,True,False,False,474.0686151981354
0.005,12.0,28,2,40,4,20282,10.062550146436408,1.0000000000000426,906.2550146435977,2000,False,True,False,False,474.0686151981354
0.005,12.0,28,2,40,5,20282,9.434626348753213,1.0000000000000426,843.4626348752811,2000,False,True,False,False,474.0686151981354
0.005,12.0,28,2,40,6,20282,9.927105994661652,1.0000000000000426,892.7105994661229,2000,False,True,False,False,474.0686151981354
0.005,12.0,28,2,40,7,20282,7.863394601479224,1.0000000000000426,686.339460147889,2000,False,True,False,True,474.0686151981354
0.005,11.0,27,3,60,0,20273,13.400581149711638,1.0000000000000189,1240.0581149711384,2000,False,True,False,False,533.262631893158
0.005,11.0,27,3,60,1,20273,10.760867471762674,1.0000000000000189,976.0867471762471,2000,False,True,False,True,533.262631893158
0.005,11.0,27,3,60,2,20273,11.982629307827423,1.0000000000000189,1098.2629307827196,2000,False,True,False,False,533.262631893158
0.005,11.0,27,3,60,3,20273,10.788592139673376,1.0000000000000189,978.8592139673173,2000,False,True,False,False,533.262631893158
0.005,11.0,27,3,60,4,20273,12.348797106562918,1.0000000000000189,1134.8797106562683,2000,False,True,False,False,533.262631893158
0.005,11.0,27,3,60,5,20273,12.473647323428594,1.0000000000000189,1147.3647323428359,2000,False,True,False,False,533.262631893158
0.005,11.0,27,3,60,6,20273,12.204979832435832,1.0000000000000189,1120.4979832435602,2000,False,True,False,False,533.262631893158
0.005,11.0,27,3,60,7,20273,13.44881610025007,1.0000000000000189,1244.8816100249817,2000,False,True,False,False,533.262631893158
0.005,15.0,31,1,20,0,20311,7.694366597179306,0.9999999999999432,669.4366597179743,2000,False,True,False,False,416.0541009902954
0.005,15.0,31,1,20,1,20311,6.960356729170232,0.9999999999999432,596.0356729170627,2000,False,True,False,False,416.0541009902954
0.005,15.0,31,1,20,2,20311,7.1445968916810365,0.9999999999999432,614.4596891681442,2000,False,True,False,False,416.0541009902954
0.005,15.0,31,1,20,3,20311,7.27421912769292,0.9999999999999432,627.4219127693334,2000,False,True,False,False,416.0541009902954
0.005,15.0,31,1,20,4,20311,6.794356787474421,0.9999999999999432,579.4356787474808,2000,False,True,False,True,416.0541009902954
0.005,15.0,31,1,20,5,20311,7.480641046455747,0.9999999999999432,648.0641046456172,2000,False,True,False,False,416.0541009902954
0.005,15.0,31,1,20,6,20311,7.455965863208695,0.9999999999999432,645.5965863209118,2000,False,True,False,False,416.0541009902954
0.005,15.0,31,1,20,7,20311,7.641095118356356,0.9999999999999432,664.109511835679,2000,False,True,False,False,416.0541009902954
0.005,14.0,30,1,20,0,20301,6.420219628244894,0.9999999999999973,542.0219628244911,2000,False,True,False,False,456.2177803516388
0.005,14.0,30,1,20,1,20301,7.16881792872574,0.9999999999999973,616.8817928725759,2000,False,True,False,False,456.2177803516388
0.005,14.0,30,1,20,2,20301,7.136924795871734,0.9999999999999973,613.6924795871753,2000,False,True,False,False,456.2177803516388
0.005,14.0,30,1,20,3,20301,7.065223882998817,0.9999999999999973,606.5223882998836,2000,False,True,False,False,456.2177803516388
0.005,14.0,30,1,20,4,20301,6.407804045149689,0.9999999999999973,540.7804045149705,2000,False,True,False,True,456.2177803516388
0.005,14.0,30,1,20,5,20301,7.0485879926036175,0.9999999999999973,604.8587992603636,2000,False,True,False,False,456.2177803516388
0.005,14.0,30,1,20,6,20301,7.186357675075699,0.9999999999999973,618.6357675075718,2000,False,True,False,False,456.2177803516388
0.005,14.0,30,1,20,7,20301,7.743617780690979,0.9999999999999973,674.3617780691,2000,False,True,False,False,456.2177803516388
0.005,14.0,30,2,40,0,20302,79.99345753976176,0.9999999999999973,7899.345753976198,2000,False,True,False,False,473.5585629940033
0.005,14.0,30,2,40,1,20302,9.182108968371542,0.9999999999999973,818.2108968371565,2000,False,True,False,True,473.5585629940033
0.005,14.0,30,2,40,2,20302,12.47165680534385,0.9999999999999973,1147.1656805343882,2000,False,True,False,False,473.5585629940033
0.005,14.0,30,2,40,3,20302,9.20696135321529,0.9999999999999973,820.6961353215313,2000,False,True,False,False,473.5585629940033
0.005,14.0,30,2,40,4,20302,12.49714954945438,0.9999999999999973,1149.7149549454411,2000,False,True,False,False,473.5585629940033
0.005,14.0,30,2,40,5,20302,9.520933103995457,0.9999999999999973,852.0933103995484,2000,False,True,False,False,473.5585629940033
0.005,14.0,30,2,40,6,20302,9.352643400367544,0.9999999999999973,835.2643400367571,2000,False,True,False,False,473.5585629940033
0.005,14.0,30,2,40,7,20302,9.391004513262882,0.9999999999999973,839.1004513262908,2000,False,True,False,False,473.5585629940033
0.005,13.0,29,2,40,0,20292,8.914057598345176,1.0000000000000213,791.4057598344986,2000,False,True,False,False,507.20954179763794
0.005,13.0,29,2,40,1,20292,8.829596006799397,1.0000000000000213,782.9596006799209,2000,False,True,False,False,507.20954179763794
0.005,13.0,29,2,40,2,20292,10.6394503856217,1.0000000000000213,963.9450385621473,2000,False,True,False,False,507.20954179763794
0.005,13.0,29,2,40,3,20292,8.911738671735467,1.0000000000000213,791.1738671735277,2000,False,True,False,False,507.20954179763794
0.005,13.0,29,2,40,4,20292,8.711499351374904,1.0000000000000213,771.1499351374719,2000,False,True,False,False,507.20954179763794
0.005,13.0,29,2,40,5,20292,8.739518003151565,1.0000000000000213,773.9518003151378,2000,False,True,False,False,507.20954179763794
0.005,13.0,29,2,40,6,20292,11.587958207204972,1.0000000000000213,1058.7958207204724,2000,False,True,False,False,507.20954179763794
0.005,13.0,29,2,40,7,20292,8.529902109597828,1.0000000000000213,752.9902109597646,2000,False,True,False,True,507.20954179763794
0.005,12.0,28,3,60,0,20283,11.96414228988814,1.0000000000000426,1096.4142289887632,2000,False,True,False,False,564.4554128646851
0.005,12.0,28,3,60,1,20283,14.564952746151189,1.0000000000000426,1356.4952746150566,2000,False,True,False,False,564.4554128646851
0.005,12.0,28,3,60,2,20283,11.73868289023086,1.0000000000000426,1073.868289023036,2000,False,True,False,False,564.4554128646851
0.005,12.0,28,3,60,3,20283,13.221886285306146,1.0000000000000426,1222.1886285305584,2000,False,True,False,False,564.4554128646851
0.005,12.0,28,3,60,4,20283,11.689717157781987,1.0000000000000426,1068.9717157781488,2000,False,True,False,True,564.4554128646851
0.005,12.0,28,3,60,5,20283,11.710588542303128,1.0000000000000426,1071.0588542302628,2000,False,True,False,False,564.4554128646851
0.005,12.0,28,3,60,6,20283,13.221399514305222,1.0000000000000426,1222.139951430466,2000,False,True,False,False,564.4554128646851
0.005,12.0,28,3,60,7,20283,11.95524070519979,1.0000000000000426,1095.524070519928,2000,False,True,False,False,564.4554128646851
0.005,13.0,29,3,60,0,20293,12.796660832397416,1.0000000000000213,1179.6660832397142,2000,False,True,False,False,529.2270109653473
0.005,13.0,29,3,60,1,20293,14.247237649812796,1.0000000000000213,1324.7237649812491,2000,False,True,False,False,529.2270109653473
0.005,13.0,29,3,60,2,20293,16.123237133663135,1.0000000000000213,1512.3237133662792,2000,False,True,False,False,529.2270109653473
0.005,13.0,29,3,60,3,20293,12.623354189841265,1.0000000000000213,1162.3354189840998,2000,False,True,False,False,529.2270109653473
0.005,13.0,29,3,60,4,20293,12.664302640860551,1.0000000000000213,1166.430264086028,2000,False,True,False,False,529.2270109653473
0.005,13.0,29,3,60,5,20293,12.619425385273832,1.0000000000000213,1161.9425385273564,2000,False,True,False,False,529.2270109653473
0.005,13.0,29,3,60,6,20293,12.614024130487177,1.0000000000000213,1161.402413048691,2000,False,True,False,True,529.2270109653473
0.005,13.0,29,3,60,7,20293,14.247482420799251,1.0000000000000213,1324.7482420798947,2000,False,True,False,False,529.2270109653473
0.005,16.0,32,1,20,0,20321,7.409039158155474,0.9999999999999984,640.9039158155485,2000,False,True,False,False,447.44978618621826
0.005,16.0,32,1,20,1,20321,7.328161646678015,0.9999999999999984,632.8161646678027,2000,False,True,False,False,447.44978618621826
0.005,16.0,32,1,20,2,20321,8.123169178199632,0.9999999999999984,712.3169178199644,2000,False,True,False,False,447.44978618621826
0.005,16.0,32,1,20,3,20321,7.409760505421422,0.9999999999999984,640.9760505421434,2000,False,True,False,False,447.44978618621826
0.005,16.0,32,1,20,4,20321,7.836915073391731,0.9999999999999984,683.6915073391743,2000,False,True,False,False,447.44978618621826
0.005,16.0,32,1,20,5,20321,7.213603157897019,0.9999999999999984,621.360315789703,2000,False,True,False,True,447.44978618621826
0.005,16.0,32,1,20,6,20321,7.950592956362179,0.9999999999999984,695.0592956362192,2000,False,True,False,False,447.44978618621826
0.005,16.0,32,1,20,7,20321,7.301737141951457,0.9999999999999984,630.1737141951469,2000,False,True,False,False,447.44978618621826
0.005,15.0,31,2,40,0,20312,11.295337453971834,0.9999999999999432,1029.5337453972475,2000,False,True,False,False,506.9546389579773
0.005,15.0,31,2,40,1,20312,13.331324085821656,0.9999999999999432,1233.1324085822414,2000,False,True,False,False,506.9546389579773
0.005,15.0,31,2,40,2,20312,9.751411276856723,0.9999999999999432,875.1411276857277,2000,False,True,False,True,506.9546389579773
0.005,15.0,31,2,40,3,20312,88.21119363174363,0.9999999999999432,8721.119363174865,2000,False,True,False,False,506.9546389579773
0.005,15.0,31,2,40,4,20312,9.893463320307516,0.9999999999999432,889.346332030808,2000,False,True,False,False,506.9546389579773
0.005,15.0,31,2,40,5,20312,10.572683508876658,0.9999999999999432,957.2683508877258,2000,False,True,False,False,506.9546389579773
0.005,15.0,31,2,40,6,20312,12.088200925688438,0.9999999999999432,1108.8200925689125,2000,False,True,False,False,506.9546389579773
0.005,15.0,31,2,40,7,20312,12.219114598860116,0.9999999999999432,1121.911459886081,2000,False,True,False,False,506.9546389579773
0.005,15.0,31,3,60,0,20313,16.63510162217701,0.9999999999999432,1563.5101622177956,2000,False,True,False,False,525.6769664287567
0.005,15.0,31,3,60,1,20313,14.543487552628552,0.9999999999999432,1354.3487552629379,2000,False,True,False,False,525.6769664287567
0.005,15.0,31,3,60,2,20313,16.339494008652455,0.9999999999999432,1533.9494008653385,2000,False,True,False,False,525.6769664287567
0.005,15.0,31,3,60,3,20313,14.510794909436804,0.9999999999999432,1351.0794909437627,2000,False,True,False,False,525.6769664287567
0.005,15.0,31,3,60,4,20313,14.484453685644766,0.9999999999999432,1348.445368564559,2000,False,True,False,True,525.6769664287567
0.005,15.0,31,3,60,5,20313,16.11300144738421,0.9999999999999432,1511.3001447385127,2000,False,True,False,False,525.6769664287567
0.005,15.0,31,3,60,6,20313,16.314914523761605,0.9999999999999432,1531.4914523762532,2000,False,True,False,False,525.6769664287567
0.005,15.0,31,3,60,7,20313,14.721694410053747,0.9999999999999432,1372.1694410054583,2000,False,True,False,False,525.6769664287567
0.005,14.0,30,3,60,0,20303,13.923164366826656,0.9999999999999973,1292.316436682669,2000,False,True,False,False,565.0317296981812
0.005,14.0,30,3,60,1,20303,15.319654946747677,0.9999999999999973,1431.9654946747717,2000,False,True,False,False,565.0317296981812
0.005,14.0,30,3,60,2,20303,15.71437841064778,0.9999999999999973,1471.437841064782,2000,False,True,False,False,565.0317296981812
0.005,14.0,30,3,60,3,20303,13.53507149070002,0.9999999999999973,1253.5071490700057,2000,False,True,False,True,565.0317296981812
0.005,14.0,30,3,60,4,20303,15.587889433147035,0.9999999999999973,1458.7889433147077,2000,False,True,False,False,565.0317296981812
0.005,14.0,30,3,60,5,20303,13.539408956700255,0.9999999999999973,1253.940895670029,2000,False,True,False,False,565.0317296981812
0.005,14.0,30,3,60,6,20303,13.644445019198226,0.9999999999999973,1264.4445019198263,2000,False,True,False,False,565.0317296981812
0.005,14.0,30,3,60,7,20303,15.583433991974156,0.9999999999999973,1458.3433991974196,2000,False,True,False,False,565.0317296981812
0.005,16.0,32,2,40,0,20322,11.985638038410297,0.9999999999999984,1098.5638038410316,2000,False,True,False,False,508.53852128982544
0.005,16.0,32,2,40,1,20322,12.071227111684479,0.9999999999999984,1107.1227111684498,2000,False,True,False,False,508.53852128982544
0.005,16.0,32,2,40,2,20322,10.455841778659698,0.9999999999999984,945.5841778659714,2000,False,True,False,True,508.53852128982544
0.005,16.0,32,2,40,3,20322,11.25983237080756,0.9999999999999984,1025.9832370807578,2000,False,True,False,False,508.53852128982544
0.005,16.0,32,2,40,4,20322,10.621022678003246,0.9999999999999984,962.1022678003262,2000,False,True,False,False,508.53852128982544
0.005,16.0,32,2,40,5,20322,11.151075964803772,0.9999999999999984,1015.1075964803789,2000,False,True,False,False,508.53852128982544
0.005,16.0,32,2,40,6,20322,12.644126068930476,0.9999999999999984,1164.4126068930495,2000,False,True,False,False,508.53852128982544
0.005,16.0,32,2,40,7,20322,12.382665971617094,0.9999999999999984,1138.2665971617114,2000,False,True,False,False,508.53852128982544
0.01,-16.0,0,1,20,0,30001,-370.04861563125525,-383.0000000000001,3.3815624983668053,2000,False,True,False,False,444.5562002658844
0.01,-16.0,0,1,20,1,30001,-369.2248776828725,-383.0000000000001,3.5966376807121723,2000,False,True,False,False,444.5562002658844
0.01,-16.0,0,1,20,2,30001,-370.36610959567014,-383.0000000000001,3.2986659019138305,2000,False,True,False,True,444.5562002658844
0.01,-16.0,0,1,20,3,30001,-370.0603396955228,-383.0000000000001,3.3785013849810133,2000,False,True,False,False,444.5562002658844
0.01,-16.0,0,1,20,4,30001,-368.9237903924931,-383.0000000000001,3.675250550262922,2000,False,True,False,False,444.5562002658844
0.01,-16.0,0,1,20,5,30001,-369.51250916613157,-383.0000000000001,3.521538076728079,2000,False,True,False,False,444.5562002658844
0.01,-16.0,0,1,20,6,30001,-369.61227462523067,-383.0000000000001,3.495489653986799,2000,False,True,False,False,444.5562002658844
0.01,-16.0,0,1,20,7,30001,-369.631587437043,-383.0000000000001,3.490447144375229,2000,False,True,False,False,444.5562002658844
0.01,-15.0,1,1,20,0,30011,-346.1066942172839,-359.0000000000002,3.5914500787510595,2000,False,True,False,False,403.36638474464417
0.01,-15.0,1,1,20,1,30011,-346.30895461367345,-359.0000000000002,3.535110135467067,2000,False,True,False,False,403.36638474464417
0.01,-15.0,1,1,20,2,30011,-346.44438639158636,-359.0000000000002,3.497385406243414,2000,False,True,False,True,403.36638474464417
0.01,-15.0,1,1,20,3,30011,-345.7451610824287,-359.0000000000002,3.6921556873458288,2000,False,True,False,False,403.36638474464417
0.01,-15.0,1,1,20,4,30011,-346.18209158896934,-359.0000000000002,3.57044802535679,2000,False,True,False,False,403.36638474464417
0.01,-15.0,1,1,20,5,30011,-346.2907376705409,-359.0000000000002,3.5401844928855986,2000,False,True,False,False,403.36638474464417
0.01,-15.0,1,1,20,6,30011,-345.9271824795822,-359.0000000000002,3.641453348305855,2000,False,True,False,False,403.36638474464417
0.01,-15.0,1,1,20,7,30011,-346.33251223706895,-359.0000000000002,3.5285481233791827,2000,False,True,False,False,403.36638474464417
0.01,-16.0,0,2,40,0,30002,-361.9797550893251,-383.0000000000001,5.488314598087463,2000,False,True,False,False,460.194123506546
0.01,-16.0,0,2,40,1,30002,-358.06899805805415,-383.0000000000001,6.509399984842286,2000,False,True,False,False,460.194123506546
0.01,-16.0,0,2,40,2,30002,-358.1118306970959,-383.0000000000001,6.498216528173419,2000,False,True,False,False,460.194123506546
0.01,-16.0,0,2,40,3,30002,-363.62054893888507,-383.0000000000001,5.059908893241525,2000,False,True,False,True,460.194123506546
0.01,-16.0,0,2,40,4,30002,-354.91278073312833,-383.0000000000001,7.333477615371222,2000,False,True,False,False,460.194123506546
0.01,-16.0,0,2,40,5,30002,-353.5449745659683,-383.0000000000001,7.690607162932589,2000,False,True,False,False,460.194123506546
0.01,-16.0,0,2,40,6,30002,-358.07087081782,-383.0000000000001,6.508911013624054,2000,False,True,False,False,460.194123506546
0.01,-16.0,0,2,40,7,30002,-358.01406252306606,-383.0000000000001,6.523743466562415,2000,False,True,False,False,460.194123506546
0.005,16.0,32,3,60,0,20323,15.439790001500741,0.9999999999999984,1443.9790001500767,2000,False,True,False,False,553.8824889659882
0.005,16.0,32,3,60,1,20323,17.339789519940275,0.9999999999999984,1633.97895199403,2000,False,True,False,False,553.8824889659882
0.005,16.0,32,3,60,2,20323,15.397558401599397,0.9999999999999984,1439.7558401599422,2000,False,True,False,False,553.8824889659882
0.005,16.0,32,3,60,3,20323,17.775147512809376,0.9999999999999984,1677.5147512809401,2000,False,True,False,False,553.8824889659882
0.005,16.0,32,3,60,4,20323,15.44856977732427,0.9999999999999984,1444.8569777324294,2000,False,True,False,False,553.8824889659882
0.005,16.0,32,3,60,5,20323,15.37647459012268,0.9999999999999984,1437.6474590122705,2000,False,True,False,True,553.8824889659882
0.005,16.0,32,3,60,6,20323,15.65181461856155,0.9999999999999984,1465.1814618561575,2000,False,True,False,False,553.8824889659882
0.005,16.0,32,3,60,7,20323,15.657948542469494,0.9999999999999984,1465.794854246952,2000,False,True,False,False,553.8824889659882
0.01,-15.0,1,2,40,0,30012,-339.14336077359303,-359.0000000000002,5.531097277550748,2000,False,True,False,False,435.2764461040497
0.01,-15.0,1,2,40,1,30012,-334.7840712259709,-359.0000000000002,6.7453840596182,1658,True,False,False,False,435.2764461040497
0.01,-15.0,1,2,40,2,30012,-335.7659789809284,-359.0000000000002,6.471872150159273,2000,False,True,False,False,435.2764461040497
0.01,-15.0,1,2,40,3,30012,-334.9469225511721,-359.0000000000002,6.700021573489718,2000,False,True,False,False,435.2764461040497
0.01,-15.0,1,2,40,4,30012,-332.65598929430365,-359.0000000000002,7.338164541976758,2000,False,True,False,False,435.2764461040497
0.01,-15.0,1,2,40,5,30012,-332.77051005611673,-359.0000000000002,7.3062646083240885,2000,False,True,False,False,435.2764461040497
0.01,-15.0,1,2,40,6,30012,-340.94198321600857,-359.0000000000002,5.030088240666198,2000,False,True,False,True,435.2764461040497
0.01,-15.0,1,2,40,7,30012,-339.36924159565586,-359.0000000000002,5.468177828508176,2000,False,True,False,False,435.2764461040497
0.01,-14.0,2,1,20,0,30021,-322.68067927945737,-335.0000000000001,3.677409170311267,2000,False,True,False,False,390.4088876247406
0.01,-14.0,2,1,20,1,30021,-324.0980373157278,-335.0000000000001,3.2543172191857574,2000,False,True,False,False,390.4088876247406
0.01,-14.0,2,1,20,2,30021,-322.0162333851754,-335.0000000000001,3.875751228305888,2000,False,True,False,False,390.4088876247406
0.01,-14.0,2,1,20,3,30021,-323.3687791131202,-335.0000000000001,3.4720062348895304,2000,False,True,False,False,390.4088876247406
0.01,-14.0,2,1,20,4,30021,-324.17243769753946,-335.0000000000001,3.2321081499882527,2000,False,True,False,True,390.4088876247406
0.01,-14.0,2,1,20,5,30021,-322.6441388231948,-335.0000000000001,3.688316769195617,2000,False,True,False,False,390.4088876247406
0.01,-14.0,2,1,20,6,30021,-324.1210224432934,-335.0000000000001,3.2474559870766346,2000,False,True,False,False,390.4088876247406
0.01,-14.0,2,1,20,7,30021,-323.32886899380844,-335.0000000000001,3.4839197033407965,2000,False,True,False,False,390.4088876247406
0.01,-16.0,0,3,60,0,30003,-352.01820068673,-383.0000000000001,8.089242640540501,2000,False,True,False,False,502.5503649711609
0.01,-16.0,0,3,60,1,30003,-351.92147688253414,-383.0000000000001,8.114496897510696,2000,False,True,False,False,502.5503649711609
0.01,-16.0,0,3,60,2,30003,-351.7346332427645,-383.0000000000001,8.163281137659423,2000,False,True,False,False,502.5503649711609
0.01,-16.0,0,3,60,3,30003,-348.9575458555037,-383.0000000000001,8.888369228328036,2000,False,True,False,False,502.5503649711609
0.01,-16.0,0,3,60,4,30003,-348.3580881291075,-383.0000000000001,9.04488560597718,2000,False,True,False,False,502.5503649711609
0.01,-16.0,0,3,60,5,30003,-352.0231209376177,-383.0000000000001,8.087957979734307,2000,False,True,False,False,502.5503649711609
0.01,-16.0,0,3,60,6,30003,-352.02280050793064,-383.0000000000001,8.08804164283798,2000,False,True,False,False,502.5503649711609
0.01,-16.0,0,3,60,7,30003,-352.0231700501868,-383.0000000000001,8.087945156609212,2000,False,True,False,True,502.5503649711609
0.01,-14.0,2,2,40,0,30022,-313.3062040763295,-335.0000000000001,6.475759977215108,2000,False,True,False,False,437.11673164367676
0.01,-14.0,2,2,40,1,30022,-313.3468746566827,-335.0000000000001,6.463619505467882,2000,False,True,False,False,437.11673164367676
0.01,-14.0,2,2,40,2,30022,-313.37460711212174,-335.0000000000001,6.455341160560707,2000,False,True,False,False,437.11673164367676
0.01,-14.0,2,2,40,3,30022,-310.4295273395267,-335.0000000000001,7.334469450887579,2000,False,True,False,False,437.11673164367676
0.01,-14.0,2,2,40,4,30022,-315.73574210152464,-335.0000000000001,5.750524745813573,2000,False,True,False,False,437.11673164367676
0.01,-14.0,2,2,40,5,30022,-313.3678119298496,-335.0000000000001,6.457369573179253,2000,False,True,False,False,437.11673164367676
0.01,-14.0,2,2,40,6,30022,-309.7915812973144,-335.0000000000001,7.524901105279317,2000,False,True,False,False,437.11673164367676
0.01,-14.0,2,2,40,7,30022,-315.7377075989103,-335.0000000000001,5.749938030176069,2000,False,True,False,True,437.11673164367676
0.01,-13.0,3,1,20,0,30031,-301.17236524935527,-311.0,3.16001117384075,2000,False,True,False,True,415.67076086997986
0.01,-13.0,3,1,20,1,30031,-300.05702833400153,-311.0,3.518640407073463,2000,False,True,False,False,415.67076086997986
0.01,-13.0,3,1,20,2,30031,-298.64642687417853,-311.0,3.9722100083027234,2000,False,True,False,False,415.67076086997986
0.01,-13.0,3,1,20,3,30031,-300.2530184427164,-311.0,3.4556210795124174,2000,False,True,False,False,415.67076086997986
0.01,-13.0,3,1,20,4,30031,-300.9201068598573,-311.0,3.2411231961873637,2000,False,True,False,False,415.67076086997986
0.01,-13.0,3,1,20,5,30031,-300.6058714363836,-311.0,3.3421635252785826,2000,False,True,False,False,415.67076086997986
0.01,-13.0,3,1,20,6,30031,-299.8851901232352,-311.0,3.573893851049778,2000,False,True,False,False,415.67076086997986
0.01,-13.0,3,1,20,7,30031,-300.0142657003237,-311.0,3.532390450056696,2000,False,True,False,False,415.67076086997986
0.01,-15.0,1,3,60,0,30013,-323.8152505158354,-359.0000000000002,9.800765873026416,2000,False,True,False,False,520.1308259963989
0.01,-15.0,1,3,60,1,30013,-328.386294515665,-359.0000000000002,8.527494563881676,2000,False,True,False,False,520.1308259963989
0.01,-15.0,1,3,60,2,30013,-327.3627061926454,-359.0000000000002,8.812616659430303,2000,False,True,False,False,520.1308259963989
0.01,-15.0,1,3,60,3,30013,-327.3641111121281,-359.0000000000002,8.812225316956015,2000,False,True,False,False,520.1308259963989
0.01,-15.0,1,3,60,4,30013,-326.5925483706671,-359.0000000000002,9.027145300649893,2000,False,True,False,False,520.1308259963989
0.01,-15.0,1,3,60,5,30013,-327.30044747030024,-359.0000000000002,8.829958921921996,2000,False,True,False,False,520.1308259963989
0.01,-15.0,1,3,60,6,30013,-327.2676031459295,-359.0000000000002,8.839107758794066,2000,False,True,False,False,520.1308259963989
0.01,-15.0,1,3,60,7,30013,-330.0825025989577,-359.0000000000002,8.055013203633006,2000,False,True,False,True,520.1308259963989
0.01,-12.0,4,1,20,0,30041,-277.17353681140537,-286.9999999999998,3.4238547695450907,2000,False,True,False,False,407.17309737205505
0.01,-12.0,4,1,20,1,30041,-278.0246867589348,-286.9999999999998,3.127286843576641,2000,False,True,False,True,407.17309737205505
0.01,-12.0,4,1,20,2,30041,-277.4070039791386,-286.9999999999998,3.3425073243418715,2000,False,True,False,False,407.17309737205505
0.01,-12.0,4,1,20,3,30041,-275.936589793185,-286.9999999999998,3.8548467619563627,2000,False,True,False,False,407.17309737205505
0.01,-12.0,4,1,20,4,30041,-276.2310277553993,-286.9999999999998,3.752255137491463,2000,False,True,False,False,407.17309737205505
0.01,-12.0,4,1,20,5,30041,-276.4596340109411,-286.9999999999998,3.672601389915916,2000,False,True,False,False,407.17309737205505
0.01,-12.0,4,1,20,6,30041,-276.6276220600589,-286.9999999999998,3.614068968620512,2000,False,True,False,False,407.17309737205505
0.01,-12.0,4,1,20,7,30041,-277.118082696005,-286.9999999999998,3.443176760973795,2000,False,True,False,False,407.17309737205505
0.01,-13.0,3,2,40,0,30032,-293.18900133907994,-311.0,5.7270092157299235,2000,False,True,False,False,426.99205684661865
0.01,-13.0,3,2,40,1,30032,-288.450450451964,-311.0,7.250659018661093,2000,False,True,False,False,426.99205684661865
0.01,-13.0,3,2,40,2,30032,-291.4278898388379,-311.0,6.29328301001996,2000,False,True,False,False,426.99205684661865
0.01,-13.0,3,2,40,3,30032,-288.32291996701105,-311.0,7.291665605462685,2000,False,True,False,False,426.99205684661865
0.01,-13.0,3,2,40,4,30032,-287.1926894845828,-311.0,7.655083767015182,2000,False,True,False,False,426.99205684661865
0.01,-13.0,3,2,40,5,30032,-292.43894730442304,-311.0,5.968184146487769,2000,False,True,False,False,426.99205684661865
0.01,-13.0,3,2,40,6,30032,-288.41411570025076,-311.0,7.262342218568888,2000,False,True,False,False,426.99205684661865
0.01,-13.0,3,2,40,7,30032,-295.58466018371723,-311.0,4.95670090555716,2000,False,True,False,True,426.99205684661865
0.01,-14.0,2,3,60,0,30023,-308.14198247878255,-335.0000000000001,8.017318663050016,2000,False,True,False,True,469.44517374038696
0.01,-14.0,2,3,60,1,30023,-305.5987625364804,-335.0000000000001,8.776488795080502,2000,False,True,False,False,469.44517374038696
0.01,-14.0,2,3,60,2,30023,-308.14003605935414,-335.0000000000001,8.017899683774914,2000,False,True,False,False,469.44517374038696
0.01,-14.0,2,3,60,3,30023,-304.8275969169805,-335.0000000000001,9.00668748746854,2000,False,True,False,False,469.44517374038696
0.01,-14.0,2,3,60,4,30023,-307.2287995026638,-335.0000000000001,8.2899105962198,1664,True,False,False,False,469.44517374038696
0.01,-14.0,2,3,60,5,30023,-304.0216345478865,-335.0000000000001,9.247273269287644,2000,False,True,False,False,469.44517374038696
0.01,-14.0,2,3,60,6,30023,-305.59865717779445,-335.0000000000001,8.776520245434522,2000,False,True,False,False,469.44517374038696
0.01,-14.0,2,3,60,7,30023,-307.2286858244539,-335.0000000000001,8.289944530013786,2000,False,True,False,False,469.44517374038696
0.01,-12.0,4,2,40,0,30042,-268.6766235031075,-286.9999999999998,6.384451741077444,2000,False,True,False,False,422.0294041633606
0.01,-12.0,4,2,40,1,30042,-268.6784420902398,-286.9999999999998,6.383818087024386,2000,False,True,False,False,422.0294041633606
0.01,-12.0,4,2,40,2,30042,-268.9464880892803,-286.9999999999998,6.290422268543372,2000,False,True,False,False,422.0294041633606
0.01,-12.0,4,2,40,3,30042,-270.5782420052091,-286.9999999999998,5.721866897139605,2000,False,True,False,False,422.0294041633606
0.01,-12.0,4,2,40,4,30042,-271.56019627807837,-286.9999999999998,5.379722551192132,2000,False,True,False,False,422.0294041633606
0.01,-12.0,4,2,40,5,30042,-268.6739663020796,-286.9999999999998,6.385377595094149,2000,False,True,False,False,422.0294041633606
0.01,-12.0,4,2,40,6,30042,-268.6010419664646,-286.9999999999998,6.410786771266613,2000,False,True,False,False,422.0294041633606
0.01,-12.0,4,2,40,7,30042,-272.90460541946226,-286.9999999999998,4.911287310291821,2000,False,True,False,True,422.0294041633606
0.01,-11.0,5,1,20,0,30051,-254.05437419819518,-263.0,3.401378631864952,2000,False,True,False,False,400.7354702949524
0.01,-11.0,5,1,20,1,30051,-254.0417371597161,-263.0,3.4061835894615617,2000,False,True,False,False,400.7354702949524
0.01,-11.0,5,1,20,2,30051,-253.72006801448043,-263.0,3.5284912492469838,2000,False,True,False,False,400.7354702949524
0.01,-11.0,5,1,20,3,30051,-254.88024853729328,-263.0,3.0873579706109187,2000,False,True,False,True,400.7354702949524
0.01,-11.0,5,1,20,4,30051,-254.0638468763823,-263.0,3.3977768530865724,2000,False,True,False,False,400.7354702949524
0.01,-11.0,5,1,20,5,30051,-254.22457220004148,-263.0,3.3366645627218716,2000,False,True,False,False,400.7354702949524
0.01,-11.0,5,1,20,6,30051,-254.85445041664596,-263.0,3.097167141959711,2000,False,True,False,False,400.7354702949524
0.01,-11.0,5,1,20,7,30051,-254.56208042661845,-263.0,3.2083344385481176,2000,False,True,False,False,400.7354702949524
0.01,-13.0,3,3,60,0,30033,-283.83391245696674,-311.0,8.735076380396546,2000,False,True,False,False,492.9798848628998
0.01,-13.0,3,3,60,1,30033,-286.20171462100274,-311.0,7.973725202249924,2000,False,True,False,True,492.9798848628998
0.01,-13.0,3,3,60,2,30033,-283.8338738953365,-311.0,8.735088779634559,2000,False,True,False,False,492.9798848628998
0.01,-13.0,3,3,60,3,30033,-280.62789467374745,-311.0,9.76595026567606,2000,False,True,False,False,492.9798848628998
0.01,-13.0,3,3,60,4,30033,-283.83378780035565,-311.0,8.73511646290815,2000,False,True,False,False,492.9798848628998
0.01,-13.0,3,3,60,5,30033,-283.83348992955206,-311.0,8.73521224130159,2000,False,True,False,False,492.9798848628998
0.01,-13.0,3,3,60,6,30033,-284.53426568328825,-311.0,8.509882416949115,2000,False,True,False,False,492.9798848628998
0.01,-13.0,3,3,60,7,30033,-283.83392453600766,-311.0,8.73507249646056,1627,True,False,False,False,492.9798848628998
0.01,-11.0,5,2,40,0,30052,-250.2264946524838,-263.0,4.8568461397399965,2000,False,True,False,True,416.67507696151733
0.01,-11.0,5,2,40,1,30052,-248.95569264325044,-263.0,5.340040820056865,2000,False,True,False,False,416.67507696151733
0.01,-11.0,5,2,40,2,30052,-248.95789452233913,-263.0,5.339203603673334,2000,False,True,False,False,416.67507696151733
0.01,-11.0,5,2,40,3,30052,-248.92577189480303,-263.0,5.351417530493142,2000,False,True,False,False,416.67507696151733
0.01,-11.0,5,2,40,4,30052,-246.33096359800817,-263.0,6.338036654749746,2000,False,True,False,False,416.67507696151733
0.01,-11.0,5,2,40,5,30052,-246.30622217566085,-263.0,6.3474440396726814,2000,False,True,False,False,416.67507696151733
0.01,-11.0,5,2,40,6,30052,-243.1044620603766,-263.0,7.5648433230507255,2000,False,True,False,False,416.67507696151733
0.01,-11.0,5,2,40,7,30052,-248.95782173610883,-263.0,5.339231279046073,2000,False,True,False,False,416.67507696151733
0.01,-10.0,6,1,20,0,30061,-230.7598971084864,-238.9999999999999,3.4477417956123393,2000,False,True,False,False,393.90862941741943
0.01,-10.0,6,1,20,1,30061,-230.95208089643282,-238.9999999999999,3.3673301688565154,2000,False,True,False,False,393.90862941741943
0.01,-10.0,6,1,20,2,30061,-230.94795661016346,-238.9999999999999,3.3690558116470424,2000,False,True,False,False,393.90862941741943
0.01,-10.0,6,1,20,3,30061,-231.01153044747068,-238.9999999999999,3.3424558797193367,2000,False,True,False,False,393.90862941741943
0.01,-10.0,6,1,20,4,30061,-231.37365746368005,-238.9999999999999,3.1909382997154156,2000,False,True,False,True,393.90862941741943
0.01,-10.0,6,1,20,5,30061,-230.6383684248964,-238.9999999999999,3.498590617198108,2000,False,True,False,False,393.90862941741943
0.01,-10.0,6,1,20,6,30061,-230.46449619567295,-238.9999999999999,3.5713405039024857,2000,False,True,False,False,393.90862941741943
0.01,-10.0,6,1,20,7,30061,-230.0283989262785,-238.9999999999999,3.753807980636566,2000,False,True,False,False,393.90862941741943
0.01,-12.0,4,3,60,0,30043,-261.13879969579443,-286.9999999999998,9.01087118613427,2000,False,True,False,False,496.5044414997101
0.01,-12.0,4,3,60,1,30043,-261.29955052991613,-286.9999999999998,8.95486044253786,2000,False,True,False,False,496.5044414997101
0.01,-12.0,4,3,60,2,30043,-263.37410230576825,-286.9999999999998,8.232020102519702,2000,False,True,False,True,496.5044414997101
0.01,-12.0,4,3,60,3,30043,-260.54663887716737,-286.9999999999998,9.217198997502587,2000,False,True,False,False,496.5044414997101
0.01,-12.0,4,3,60,4,30043,-262.0696212097775,-286.9999999999998,8.686543132481637,2000,False,True,False,False,496.5044414997101
0.01,-12.0,4,3,60,5,30043,-260.5466355381375,-286.9999999999998,9.217200160927636,2000,False,True,False,False,496.5044414997101
0.01,-12.0,4,3,60,6,30043,-262.60768128748333,-286.9999999999998,8.499065753490056,2000,False,True,False,False,496.5044414997101
0.01,-12.0,4,3,60,7,30043,-262.0696103189114,-286.9999999999998,8.686546927208509,2000,False,True,False,False,496.5044414997101
0.01,-9.0,7,1,20,0,30071,-207.4529961816619,-215.00000000000017,3.510234334110826,2000,False,True,False,False,357.6617693901062
0.01,-9.0,7,1,20,1,30071,-208.45452342968147,-215.00000000000017,3.0444077071249733,2000,False,True,False,True,357.6617693901062
0.01,-9.0,7,1,20,2,30071,-207.8238465673177,-215.00000000000017,3.3377457826430064,2000,False,True,False,False,357.6617693901062
0.01,-9.0,7,1,20,3,30071,-206.99453141999481,-215.00000000000017,3.7234737581420236,2000,False,True,False,False,357.6617693901062
0.01,-9.0,7,1,20,4,30071,-207.85984845386145,-215.00000000000017,3.321000719134288,2000,False,True,False,False,357.6617693901062
0.01,-9.0,7,1,20,5,30071,-207.83274735608867,-215.00000000000017,3.333605880889065,2000,False,True,False,False,357.6617693901062
0.01,-9.0,7,1,20,6,30071,-208.18927027751556,-215.00000000000017,3.1677812662719087,2000,False,True,False,False,357.6617693901062
0.01,-9.0,7,1,20,7,30071,-207.66121435646184,-215.00000000000017,3.4133886714131743,2000,False,True,False,False,357.6617693901062
0.01,-10.0,6,2,40,0,30062,-221.9159429841743,-238.9999999999999,7.148141010805685,2000,False,True,False,False,433.33475613594055
0.01,-10.0,6,2,40,1,30062,-227.55461589927162,-238.9999999999999,4.788863640472078,2000,False,True,False,False,433.33475613594055
0.01,-10.0,6,2,40,2,30062,-221.82227860669383,-238.9999999999999,7.1873311269063045,2000,False,True,False,False,433.33475613594055
0.01,-10.0,6,2,40,3,30062,-224.02964922173126,-238.9999999999999,6.263745095509887,2000,False,True,False,False,433.33475613594055
0.01,-10.0,6,2,40,4,30062,-225.56918579424357,-238.9999999999999,5.619587533789258,2000,False,True,False,False,433.33475613594055
0.01,-10.0,6,2,40,5,30062,-226.35353539013587,-238.9999999999999,5.291407786553982,2000,False,True,False,False,433.33475613594055
0.01,-10.0,6,2,40,6,30062,-227.55508421776153,-238.9999999999999,4.788667691313122,2000,False,True,False,False,433.33475613594055
0.01,-10.0,6,2,40,7,30062,-227.55537978139907,-238.9999999999999,4.788544024519173,2000,False,True,False,True,433.33475613594055
0.01,-11.0,5,3,60,0,30053,-239.37524716323355,-263.0,8.982795755424505,2000,False,True,False,False,492.95990204811096
0.01,-11.0,5,3,60,1,30053,-237.97339622064393,-263.0,9.515818927511813,2000,False,True,False,False,492.95990204811096
0.01,-11.0,5,3,60,2,30053,-240.30593386932438,-263.0,8.628922483146624,2000,False,True,False,False,492.95990204811096
0.01,-11.0,5,3,60,3,30053,-240.25217213415246,-263.0,8.649364207546594,2000,False,True,False,False,492.95990204811096
0.01,-11.0,5,3,60,4,30053,-237.46807196597507,-263.0,9.707957427385905,2000,False,True,False,False,492.95990204811096
0.01,-11.0,5,3,60,5,30053,-240.25170947045106,-263.0,8.649540125303778,2000,False,True,False,False,492.95990204811096
0.01,-11.0,5,3,60,6,30053,-239.53633728902167,-263.0,8.92154475702598,2000,False,True,False,False,492.95990204811096
0.01,-11.0,5,3,60,7,30053,-242.3213577158108,-263.0,7.862601628969281,2000,False,True,False,True,492.95990204811096
0.01,-8.0,8,1,20,0,30081,-183.77921808350922,-191.00000000000006,3.780514092403578,2000,False,True,False,False,354.36573815345764
0.01,-8.0,8,1,20,1,30081,-185.3009919347608,-191.00000000000006,2.9837738561462133,2000,False,True,False,False,354.36573815345764
0.01,-8.0,8,1,20,2,30081,-184.71980068638555,-191.00000000000006,3.288062467860995,2000,False,True,False,False,354.36573815345764
0.01,-8.0,8,1,20,3,30081,-185.31624080795353,-191.00000000000006,2.975790152903938,2000,False,True,False,True,354.36573815345764
0.01,-8.0,8,1,20,4,30081,-184.70659854095945,-191.00000000000006,3.2949745858851345,2000,False,True,False,False,354.36573815345764
0.01,-8.0,8,1,20,5,30081,-184.3435193657984,-191.00000000000006,3.4850683948699834,2000,False,True,False,False,354.36573815345764
0.01,-8.0,8,1,20,6,30081,-185.3160486677793,-191.00000000000006,2.9758907498537917,2000,False,True,False,False,354.36573815345764
0.01,-8.0,8,1,20,7,30081,-184.54761315985948,-191.00000000000006,3.378213005309201,2000,False,True,False,False,354.36573815345764
0.01,-9.0,7,2,40,0,30072,-201.63623686608952,-215.00000000000017,6.215703783214252,2000,False,True,False,False,428.9180612564087
0.01,-9.0,7,2,40,1,30072,-204.87798953478782,-215.00000000000017,4.707911844284813,2000,False,True,False,False,428.9180612564087
0.01,-9.0,7,2,40,2,30072,-203.74916557148282,-215.00000000000017,5.232946245822019,2000,False,True,False,False,428.9180612564087
0.01,-9.0,7,2,40,3,30072,-201.68806201728773,-215.00000000000017,6.191599061726709,2000,False,True,False,False,428.9180612564087
0.01,-9.0,7,2,40,4,30072,-203.72221388545302,-215.00000000000017,5.245481913742858,2000,False,True,False,False,428.9180612564087
0.01,-9.0,7,2,40,5,30072,-204.87802450145702,-215.00000000000017,4.70789558071774,2000,False,True,False,True,428.9180612564087
0.01,-9.0,7,2,40,6,30072,-201.63637965897937,-215.00000000000017,6.215637367916649,2000,False,True,False,False,428.9180612564087
0.01,-9.0,7,2,40,7,30072,-201.63620975195502,-215.00000000000017,6.2157163944396,2000,False,True,False,False,428.9180612564087
0.01,-10.0,6,3,60,0,30063,-216.3633450580581,-238.9999999999999,9.471403741398248,2000,False,True,False,False,450.4036407470703
0.01,-10.0,6,3,60,1,30063,-217.06963282910834,-238.9999999999999,9.17588584556132,2000,False,True,False,False,450.4036407470703
0.01,-10.0,6,3,60,2,30063,-218.54283085106226,-238.9999999999999,8.559484999555494,1918,True,False,False,False,450.4036407470703
0.01,-10.0,6,3,60,3,30063,-216.38354610876002,-238.9999999999999,9.46295141892882,2000,False,True,False,False,450.4036407470703
0.01,-10.0,6,3,60,4,30063,-219.52461953455585,-238.9999999999999,8.148694755415917,2000,False,True,False,True,450.4036407470703
0.01,-10.0,6,3,60,5,30063,-215.87410998715785,-238.9999999999999,9.676104607883701,2000,False,True,False,False,450.4036407470703
0.01,-10.0,6,3,60,6,30063,-218.4892874062913,-238.9999999999999,8.581888114522421,2000,False,True,False,False,450.4036407470703
0.01,-10.0,6,3,60,7,30063,-218.48123197246161,-238.9999999999999,8.585258588928152,2000,False,True,False,False,450.4036407470703
0.01,-8.0,8,2,40,0,30082,-179.34252703239454,-191.00000000000006,6.103388988275136,2000,False,True,False,False,403.38824105262756
0.01,-8.0,8,2,40,1,30082,-179.3425312817734,-191.00000000000006,6.10338676346945,2000,False,True,False,False,403.38824105262756
0.01,-8.0,8,2,40,2,30082,-182.2006818744553,-191.00000000000006,4.606972840599341,2000,False,True,False,False,403.38824105262756
0.01,-8.0,8,2,40,3,30082,-179.28926969858685,-191.00000000000006,6.1312724091168604,2000,False,True,False,False,403.38824105262756
0.01,-8.0,8,2,40,4,30082,-177.5970626372714,-191.00000000000006,7.017244692528095,2000,False,True,False,False,403.38824105262756
0.01,-8.0,8,2,40,5,30082,-182.2006827688034,-191.00000000000006,4.606972372354267,2000,False,True,False,True,403.38824105262756
0.01,-8.0,8,2,40,6,30082,-177.6337872537098,-191.00000000000006,6.998017144654576,2000,False,True,False,False,403.38824105262756
0.01,-8.0,8,2,40,7,30082,-179.72310628011783,-191.00000000000006,5.904132837634671,2000,False,True,False,False,403.38824105262756
0.01,-9.0,7,3,60,0,30073,-196.7239655688044,-215.00000000000017,8.500481130788723,2000,False,True,False,False,452.40240597724915
0.01,-9.0,7,3,60,1,30073,-194.79439904216522,-215.00000000000017,9.39795393387671,2000,False,True,False,False,452.40240597724915
0.01,-9.0,7,3,60,2,30073,-196.73008650723676,-215.00000000000017,8.497634182680649,2000,False,True,False,False,452.40240597724915
0.01,-9.0,7,3,60,3,30073,-198.4417659509635,-215.00000000000017,7.701504208854265,2000,False,True,False,True,452.40240597724915
0.01,-9.0,7,3,60,4,30073,-198.44176048039344,-215.00000000000017,7.701506753305449,2000,False,True,False,False,452.40240597724915
0.01,-9.0,7,3,60,5,30073,-195.8499794847667,-215.00000000000017,8.9069862861551,2000,False,True,False,False,452.40240597724915
0.01,-9.0,7,3,60,6,30073,-198.44155881706467,-215.00000000000017,7.70160055020255,2000,False,True,False,False,452.40240597724915
0.01,-9.0,7,3,60,7,30073,-196.73052262536996,-215.00000000000017,8.497431337037302,2000,False,True,False,False,452.40240597724915
0.01,-7.0,9,1,20,0,30091,-161.6058662303107,-166.99999999999986,3.2300202213707503,2000,False,True,False,False,379.20624232292175
0.01,-7.0,9,1,20,1,30091,-161.60599753701968,-166.99999999999986,3.2299415945989147,2000,False,True,False,False,379.20624232292175
0.01,-7.0,9,1,20,2,30091,-160.89915265459345,-166.99999999999986,3.653202003237373,2000,False,True,False,False,379.20624232292175
0.01,-7.0,9,1,20,3,30091,-161.8181422500762,-166.99999999999986,3.1029088322896228,2000,False,True,False,True,379.20624232292175
0.01,-7.0,9,1,20,4,30091,-161.16189970577966,-166.99999999999986,3.4958684396528152,2000,False,True,False,False,379.20624232292175
0.01,-7.0,9,1,20,5,30091,-161.55205658997215,-166.99999999999986,3.262241562890844,2000,False,True,False,False,379.20624232292175
0.01,-7.0,9,1,20,6,30091,-160.8954779757263,-166.99999999999986,3.655402409744652,2000,False,True,False,False,379.20624232292175
0.01,-7.0,9,1,20,7,30091,-161.5864201718688,-166.99999999999986,3.241664567743146,2000,False,True,False,False,379.20624232292175
0.01,-6.0,10,1,20,0,30101,-138.4906589756195,-143.00000000000034,3.1533853317348393,2000,False,True,False,False,353.69897961616516
0.01,-6.0,10,1,20,1,30101,-138.44984149325393,-143.00000000000034,3.181929025696785,2000,False,True,False,False,353.69897961616516
0.01,-6.0,10,1,20,2,30101,-137.86398095981087,-143.00000000000034,3.591621706426192,2000,False,True,False,False,353.69897961616516
0.01,-6.0,10,1,20,3,30101,-138.63200056372654,-143.00000000000034,3.0545450603313253,2000,False,True,False,True,353.69897961616516
0.01,-6.0,10,1,20,4,30101,-138.42031665541077,-143.00000000000034,3.202575765447243,2000,False,True,False,False,353.69897961616516
0.01,-6.0,10,1,20,5,30101,-137.2125468165134,-143.00000000000034,4.04717005838247,2000,False,True,False,False,353.69897961616516
0.01,-6.0,10,1,20,6,30101,-138.49058255324965,-143.00000000000034,3.1534387739515233,2000,False,True,False,False,353.69897961616516
0.01,-6.0,10,1,20,7,30101,-138.0872405185415,-143.00000000000034,3.435496140880296,2000,False,True,False,False,353.69897961616516
0.01,-8.0,8,3,60,0,30083,-174.90408537691906,-191.00000000000006,8.42718043093246,1509,True,False,False,False,430.06991934776306
0.01,-8.0,8,3,60,1,30083,-174.96992127501375,-191.00000000000006,8.39271137433838,2000,False,True,False,False,430.06991934776306
0.01,-8.0,8,3,60,2,30083,-174.96551493345913,-191.00000000000006,8.395018359445508,2000,False,True,False,False,430.06991934776306
0.01,-8.0,8,3,60,3,30083,-174.08771878553003,-191.00000000000006,8.854597494486923,2000,False,True,False,False,430.06991934776306
0.01,-8.0,8,3,60,4,30083,-176.50225075158326,-191.00000000000006,7.590444632678948,2000,False,True,False,False,430.06991934776306
0.01,-8.0,8,3,60,5,30083,-175.6725369127248,-191.00000000000006,8.02484978391374,1864,True,False,False,False,430.06991934776306
0.01,-8.0,8,3,60,6,30083,-175.01848327261004,-191.00000000000006,8.367286244706811,1818,True,False,False,False,430.06991934776306
0.01,-8.0,8,3,60,7,30083,-176.50225184028986,-191.00000000000006,7.590444062675495,2000,False,True,False,True,430.06991934776306
0.01,-7.0,9,3,60,0,30093,-151.8633733390008,-166.99999999999986,9.063848299999451,2000,False,True,False,False,392.9822552204132
0.01,-7.0,9,3,60,1,30093,-153.7464934364349,-166.99999999999986,7.936231475188611,1001,True,False,False,False,392.9822552204132
0.01,-7.0,9,3,60,2,30093,-152.97804173573442,-166.99999999999986,8.396382194170927,1632,True,False,False,False,392.9822552204132
0.01,-7.0,9,3,60,3,30093,-153.25727789336278,-166.99999999999986,8.229174914153944,1432,True,False,False,False,392.9822552204132
0.01,-7.0,9,3,60,4,30093,-153.17130424651356,-166.99999999999986,8.280656139812164,2000,False,True,False,False,392.9822552204132
0.01,-7.0,9,3,60,5,30093,-153.2110480073219,-166.99999999999986,8.256857480645495,2000,False,True,False,False,392.9822552204132
0.01,-7.0,9,3,60,6,30093,-152.4899324614568,-166.99999999999986,8.688663196732383,1429,True,False,False,False,392.9822552204132
0.01,-7.0,9,3,60,7,30093,-154.56293556839566,-166.99999999999986,7.4473439710204845,1745,True,False,False,True,392.9822552204132
0.01,-6.0,10,2,40,0,30102,-136.84489968455796,-143.00000000000034,4.304265954854802,2000,False,True,False,False,380.05544233322144
0.01,-6.0,10,2,40,1,30102,-136.8459999003554,-143.00000000000034,4.303496573178274,1991,True,False,False,False,380.05544233322144
0.01,-6.0,10,2,40,2,30102,-136.84599675190813,-143.00000000000034,4.303498774889647,2000,False,True,False,False,380.05544233322144
0.01,-6.0,10,2,40,3,30102,-136.84599995426981,-143.00000000000034,4.303496535475883,1863,True,False,False,False,380.05544233322144
0.01,-6.0,10,2,40,4,30102,-136.846000399755,-143.00000000000034,4.303496223947771,1768,True,False,False,True,380.05544233322144
0.01,-6.0,10,2,40,5,30102,-135.9360072483098,-143.00000000000034,4.93985507111225,1712,True,False,False,False,380.05544233322144
0.01,-6.0,10,2,40,6,30102,-134.59565740335617,-143.00000000000034,5.877162654995909,1744,True,False,False,False,380.05544233322144
0.01,-6.0,10,2,40,7,30102,-136.8459915625672,-143.00000000000034,4.303502403799384,2000,False,True,False,False,380.05544233322144
0.01,-7.0,9,2,40,0,30092,-156.63113262582849,-166.99999999999986,6.2089026192643,2000,False,True,False,False,414.6272609233856
0.01,-7.0,9,2,40,1,30092,-159.5233282288304,-166.99999999999986,4.477048964772138,1618,True,False,False,False,414.6272609233856
0.01,-7.0,9,2,40,2,30092,-154.65918190905967,-166.99999999999986,7.389711431700718,2000,False,True,False,False,414.6272609233856
0.01,-7.0,9,2,40,3,30092,-159.52214759622575,-166.99999999999986,4.477755930403661,2000,False,True,False,False,414.6272609233856
0.01,-7.0,9,2,40,4,30092,-159.52332887387016,-166.99999999999986,4.477048578520783,2000,False,True,False,True,414.6272609233856
0.01,-7.0,9,2,40,5,30092,-156.94234485974428,-166.99999999999986,6.0225479881769965,2000,False,True,False,False,414.6272609233856
0.01,-7.0,9,2,40,6,30092,-156.94236977720874,-166.99999999999986,6.022533067539597,2000,False,True,False,False,414.6272609233856
0.01,-7.0,9,2,40,7,30092,-155.4879451672954,-166.99999999999986,6.89344600760746,2000,False,True,False,False,414.6272609233856
0.01,-6.0,10,3,60,0,30103,-130.56722605375506,-143.00000000000034,8.694247514856816,1728,True,False,False,False,374.25645089149475
0.01,-6.0,10,3,60,1,30103,-131.82044926971497,-143.00000000000034,7.817867643556185,1601,True,False,False,False,374.25645089149475
0.01,-6.0,10,3,60,2,30103,-131.4520397559013,-143.00000000000034,8.075496674195117,2000,False,True,False,False,374.25645089149475
0.01,-6.0,10,3,60,3,30103,-131.49674088883881,-143.00000000000034,8.044237140672376,1626,True,False,False,False,374.25645089149475
0.01,-6.0,10,3,60,4,30103,-131.49674086672016,-143.00000000000034,8.044237156139967,993,True,False,False,False,374.25645089149475
0.01,-6.0,10,3,60,5,30103,-131.49674089002932,-143.00000000000034,8.04423713983986,1304,True,False,False,False,374.25645089149475
0.01,-6.0,10,3,60,6,30103,-132.62382003329267,-143.00000000000034,7.256069906788561,2000,False,True,False,True,374.25645089149475
0.01,-6.0,10,3,60,7,30103,-131.45204356049797,-143.00000000000034,8.075494013638004,2000,False,True,False,False,374.25645089149475
0.01,-5.0,11,1,20,0,30111,-117.6905971801561,-123.56603968487642,4.7549007151998435,2000,False,True,False,False,379.07907271385193
0.01,-5.0,11,1,20,1,30111,-115.44438151730421,-123.56603968487642,6.572726768847184,2000,False,True,False,False,379.07907271385193
0.01,-5.0,11,1,20,2,30111,-115.31540743560842,-123.56603968487642,6.677103409892493,2000,False,True,False,False,379.07907271385193
0.01,-5.0,11,1,20,3,30111,-114.99799884534873,-123.56603968487642,6.933977055004983,2000,False,True,False,False,379.07907271385193
0.01,-5.0,11,1,20,4,30111,-117.72037368126459,-123.56603968487642,4.730803073821659,2000,False,True,False,True,379.07907271385193
0.01,-5.0,11,1,20,5,30111,-114.73199455541145,-123.56603968487642,7.149250030181384,2000,False,True,False,False,379.07907271385193
0.01,-5.0,11,1,20,6,30111,-115.73810240662128,-123.56603968487642,6.335023197488798,2000,False,True,False,False,379.07907271385193
0.01,-5.0,11,1,20,7,30111,-115.35188972515311,-123.56603968487642,6.6475788822490305,2000,False,True,False,False,379.07907271385193
0.01,-5.0,11,3,60,0,30113,-108.97071817118389,-123.56603968487642,11.811757948149962,1976,True,False,False,False,384.27352571487427
0.01,-5.0,11,3,60,1,30113,-109.12595379166223,-123.56603968487642,11.686128267960951,1176,True,False,False,False,384.27352571487427
0.01,-5.0,11,3,60,2,30113,-109.69366516539105,-123.56603968487642,11.226688623236049,2000,False,True,False,False,384.27352571487427
0.01,-5.0,11,3,60,3,30113,-108.97071804894931,-123.56603968487642,11.811758047072434,1566,True,False,False,False,384.27352571487427
0.01,-5.0,11,3,60,4,30113,-108.80773997254478,-123.56603968487642,11.943653571781457,2000,False,True,False,False,384.27352571487427
0.01,-5.0,11,3,60,5,30113,-110.68490792297114,-123.56603968487642,10.42449187070761,1556,True,False,False,False,384.27352571487427
0.01,-5.0,11,3,60,6,30113,-108.3924204084744,-123.56603968487642,12.279764986478856,2000,False,True,False,False,384.27352571487427
0.01,-5.0,11,3,60,7,30113,-110.68490811859299,-123.56603968487642,10.424491712394005,1353,True,False,False,True,384.27352571487427
0.01,-4.0,12,1,20,0,30121,-101.79800979207046,-107.56603968487627,5.362315011042278,2000,False,True,False,False,377.75134921073914
0.01,-4.0,12,1,20,1,30121,-96.43567530114302,-107.56603968487627,10.347470648115879,2000,False,True,False,False,377.75134921073914
0.01,-4.0,12,1,20,2,30121,-101.47653770986409,-107.56603968487627,5.661175211853006,2000,False,True,False,False,377.75134921073914
0.01,-4.0,12,1,20,3,30121,-101.51882863812615,-107.56603968487627,5.621858966329831,2000,False,True,False,False,377.75134921073914
0.01,-4.0,12,1,20,4,30121,-101.72252164963767,-107.56603968487627,5.432493426696454,2000,False,True,False,False,377.75134921073914
0.01,-4.0,12,1,20,5,30121,-101.53512155854597,-107.56603968487627,5.606712066371864,2000,False,True,False,False,377.75134921073914
0.01,-4.0,12,1,20,6,30121,-101.82467618224972,-107.56603968487627,5.337524296187125,2000,False,True,False,True,377.75134921073914
0.01,-4.0,12,1,20,7,30121,-101.61878070271446,-107.56603968487627,5.5289373854283435,2000,False,True,False,False,377.75134921073914
0.01,-5.0,11,2,40,0,30112,-114.16870095244263,-123.56603968487642,7.605114444388839,1823,True,False,False,False,414.7356343269348
0.01,-5.0,11,2,40,1,30112,-111.12211376294452,-123.56603968487642,10.070668246442908,2000,False,True,False,False,414.7356343269348
0.01,-5.0,11,2,40,2,30112,-114.82939851827499,-123.56603968487642,7.07042257636645,2000,False,True,False,False,414.7356343269348
0.01,-5.0,11,2,40,3,30112,-111.82681231283316,-123.56603968487642,9.500367092755548,2000,False,True,False,False,414.7356343269348
0.01,-5.0,11,2,40,4,30112,-112.3074450162807,-123.56603968487642,9.11139880933943,1995,True,False,False,False,414.7356343269348
0.01,-5.0,11,2,40,5,30112,-110.93530031803026,-123.56603968487642,10.221853349882887,2000,False,True,False,False,414.7356343269348
0.01,-5.0,11,2,40,6,30112,-114.87288705094953,-123.56603968487642,7.0352280093272785,2000,False,True,False,True,414.7356343269348
0.01,-5.0,11,2,40,7,30112,-114.1687011013878,-123.56603968487642,7.605114323849925,1794,True,False,False,False,414.7356343269348
0.01,-4.0,12,2,40,0,30122,-98.78117296134418,-107.56603968487627,8.166951901611414,2000,False,True,False,False,424.55687403678894
0.01,-4.0,12,2,40,1,30122,-98.46932842175599,-107.56603968487627,8.456861747229759,2000,False,True,False,False,424.55687403678894
0.01,-4.0,12,2,40,2,30122,-97.1605595714572,-107.56603968487627,9.673573689152077,2000,False,True,False,False,424.55687403678894
0.01,-4.0,12,2,40,3,30122,-97.66752812172606,-107.56603968487627,9.202264573604017,2000,False,True,False,False,424.55687403678894
0.01,-4.0,12,2,40,4,30122,-98.82661098219546,-107.56603968487627,8.124709925440873,2000,False,True,False,True,424.55687403678894
0.01,-4.0,12,2,40,5,30122,-98.5615692210895,-107.56603968487627,8.371109032335971,2000,False,True,False,False,424.55687403678894
0.01,-4.0,12,2,40,6,30122,-98.65745774224598,-107.56603968487627,8.28196517109743,2000,False,True,False,False,424.55687403678894
0.01,-4.0,12,2,40,7,30122,-98.82246801125876,-107.56603968487627,8.128561485792854,2000,False,True,False,False,424.55687403678894
0.01,-3.0,13,1,20,0,30131,-85.68322216905489,-91.56603968487632,6.424671784503394,2000,False,True,False,False,377.45739912986755
0.01,-3.0,13,1,20,1,30131,-85.9441608407285,-91.56603968487632,6.139698586392357,2000,False,True,False,True,377.45739912986755
0.01,-3.0,13,1,20,2,30131,-85.9406385014532,-91.56603968487632,6.1435453611217525,2000,False,True,False,False,377.45739912986755
0.01,-3.0,13,1,20,3,30131,-85.5005838644669,-91.56603968487632,6.62413252913812,2000,False,True,False,False,377.45739912986755
0.01,-3.0,13,1,20,4,30131,-85.71654780965657,-91.56603968487632,6.388276587423365,2000,False,True,False,False,377.45739912986755
0.01,-3.0,13,1,20,5,30131,-85.86463858936901,-91.56603968487632,6.226545469399602,2000,False,True,False,False,377.45739912986755
0.01,-3.0,13,1,20,6,30131,-85.8614313587448,-91.56603968487632,6.230048111465646,2000,False,True,False,False,377.45739912986755
0.01,-3.0,13,1,20,7,30131,-85.86494808818075,-91.56603968487632,6.226207463286407,2000,False,True,False,False,377.45739912986755
0.01,-4.0,12,3,60,0,30123,-93.79313242618502,-107.56603968487627,12.804140878515312,2000,False,True,False,False,421.3846845626831
0.01,-4.0,12,3,60,1,30123,-86.19923592133692,-107.56603968487627,19.86389368441489,888,True,False,False,False,421.3846845626831
0.01,-4.0,12,3,60,2,30123,-92.63504511408237,-107.56603968487627,13.88077000374421,2000,False,True,False,False,421.3846845626831
0.01,-4.0,12,3,60,3,30123,-89.49186253681466,-107.56603968487627,16.80286566374613,2000,False,True,False,False,421.3846845626831
0.01,-4.0,12,3,60,4,30123,-93.79605308940273,-107.56603968487627,12.801425650524894,2000,False,True,False,False,421.3846845626831
0.01,-4.0,12,3,60,5,30123,-93.07121256271961,-107.56603968487627,13.475281942721399,2000,False,True,False,False,421.3846845626831
0.01,-4.0,12,3,60,6,30123,-93.86299143716604,-107.56603968487627,12.73919564934663,2000,False,True,False,True,421.3846845626831
0.01,-4.0,12,3,60,7,30123,-93.77635356114558,-107.56603968487627,12.819739542451067,2000,False,True,False,False,421.3846845626831
0.01,-2.0,14,1,20,0,30141,-69.80549799013531,-75.56603968487632,7.623188562962252,2000,False,True,False,False,375.8155815601349
0.01,-2.0,14,1,20,1,30141,-69.85848521489939,-75.56603968487632,7.553068142486271,2000,False,True,False,False,375.8155815601349
0.01,-2.0,14,1,20,2,30141,-70.00255870259845,-75.56603968487632,7.362409100011806,2000,False,True,False,False,375.8155815601349
0.01,-2.0,14,1,20,3,30141,-69.88837836367742,-75.56603968487632,7.513509170092471,1909,True,False,False,False,375.8155815601349
0.01,-2.0,14,1,20,4,30141,-64.52883739246013,-75.56603968487632,14.606035116360813,2000,False,True,False,False,375.8155815601349
0.01,-2.0,14,1,20,5,30141,-69.58710392294934,-75.56603968487632,7.9121994309351,2000,False,True,False,False,375.8155815601349
0.01,-2.0,14,1,20,6,30141,-69.89134709758056,-75.56603968487632,7.509580508599126,2000,False,True,False,False,375.8155815601349
0.01,-2.0,14,1,20,7,30141,-70.02860762947698,-75.56603968487632,7.327937362459911,2000,False,True,False,True,375.8155815601349
0.01,-3.0,13,2,40,0,30132,-82.7777971742147,-91.56603968487632,9.597709522991574,2000,False,True,False,True,433.3795609474182
0.01,-3.0,13,2,40,1,30132,-82.3888634787289,-91.56603968487632,10.02246710432229,2000,False,True,False,False,433.3795609474182
0.01,-3.0,13,2,40,2,30132,-82.76138245075312,-91.56603968487632,9.615636173000759,2000,False,True,False,False,433.3795609474182
0.01,-3.0,13,2,40,3,30132,-82.73890246508067,-91.56603968487632,9.640186744096562,2000,False,True,False,False,433.3795609474182
0.01,-3.0,13,2,40,4,30132,-82.7764697640539,-91.56603968487632,9.599159198182688,2000,False,True,False,False,433.3795609474182
0.01,-3.0,13,2,40,5,30132,-82.44889810192397,-91.56603968487632,9.956902814983483,2000,False,True,False,False,433.3795609474182
0.01,-3.0,13,2,40,6,30132,-77.37916912645507,-91.56603968487632,15.493594139536047,2000,False,True,False,False,433.3795609474182
0.01,-3.0,13,2,40,7,30132,-77.83956867582235,-91.56603968487632,14.990788130941876,2000,False,True,False,False,433.3795609474182
0.01,-2.0,14,2,40,0,30142,-61.59176979439474,-75.56603968487632,18.492791138395948,2000,False,True,False,False,400.54683542251587
0.01,-2.0,14,2,40,1,30142,-61.60497106287993,-75.56603968487632,18.475321295407955,2000,False,True,False,False,400.54683542251587
0.01,-2.0,14,2,40,2,30142,-66.30672311511492,-75.56603968487632,12.253277541570757,2000,False,True,False,False,400.54683542251587
0.01,-2.0,14,2,40,3,30142,-66.28891745634198,-75.56603968487632,12.276840585032074,2000,False,True,False,False,400.54683542251587
0.01,-2.0,14,2,40,4,30142,-66.71061313300156,-75.56603968487632,11.718791389364117,2000,False,True,False,False,400.54683542251587
0.01,-2.0,14,2,40,5,30142,-66.71326461737611,-75.56603968487632,11.715282558696781,1811,True,False,False,False,400.54683542251587
0.01,-2.0,14,2,40,6,30142,-66.7747659139174,-75.56603968487632,11.633895077233197,2000,False,True,False,True,400.54683542251587
0.01,-2.0,14,2,40,7,30142,-66.73554677536447,-75.56603968487632,11.685795558873478,2000,False,True,False,False,400.54683542251587
0.01,-3.0,13,3,60,0,30133,-68.39635487892362,-91.56603968487632,25.303797003442497,1282,True,False,False,False,433.0767035484314
0.01,-3.0,13,3,60,1,30133,-77.52040463514555,-91.56603968487632,15.339349717503003,2000,False,True,False,False,433.0767035484314
0.01,-3.0,13,3,60,2,30133,-77.50116935292705,-91.56603968487632,15.360356722157459,2000,False,True,False,False,433.0767035484314
0.01,-3.0,13,3,60,3,30133,-77.91308165500759,-91.56603968487632,14.910504021857074,2000,False,True,False,False,433.0767035484314
0.01,-3.0,13,3,60,4,30133,-73.77866866753335,-91.56603968487632,19.425729319033604,2000,False,True,False,False,433.0767035484314
0.01,-3.0,13,3,60,5,30133,-77.91546492606274,-91.56603968487632,14.907901232587871,2000,False,True,False,False,433.0767035484314
0.01,-3.0,13,3,60,6,30133,-78.07566173100422,-91.56603968487632,14.732949028154007,2000,False,True,False,True,433.0767035484314
0.01,-3.0,13,3,60,7,30133,-77.91120752507071,-91.56603968487632,14.912550774062726,2000,False,True,False,False,433.0767035484314
0.01,-1.0,15,1,20,0,30151,-54.159991665612885,-59.5660396848763,9.07572174994874,1804,True,False,False,True,348.5992224216461
0.01,-1.0,15,1,20,1,30151,-54.13001103266675,-59.5660396848763,9.126053504594074,2000,False,True,False,False,348.5992224216461
0.01,-1.0,15,1,20,2,30151,-53.15230397814653,-59.5660396848763,10.767436849353288,2000,False,True,False,False,348.5992224216461
0.01,-1.0,15,1,20,3,30151,-53.90528643471958,-59.5660396848763,9.50332316887936,2000,False,True,False,False,348.5992224216461
0.01,-1.0,15,1,20,4,30151,-54.07243000963825,-59.5660396848763,9.222721040883409,2000,False,True,False,False,348.5992224216461
0.01,-1.0,15,1,20,5,30151,-48.6718665157081,-59.5660396848763,18.28923532066579,2000,False,True,False,False,348.5992224216461
0.01,-1.0,15,1,20,6,30151,-53.91084473716758,-59.5660396848763,9.493991841033147,2000,False,True,False,False,348.5992224216461
0.01,-1.0,15,1,20,7,30151,-54.03739261694834,-59.5660396848763,9.281542128998842,2000,False,True,False,False,348.5992224216461
0.01,0.0,16,1,20,0,30161,-37.98633526713274,-43.56603968487638,12.807463010415873,2000,False,True,False,False,353.8764910697937
0.01,0.0,16,1,20,1,30161,-38.17869702847328,-43.56603968487638,12.365922391319113,2000,False,True,False,True,353.8764910697937
0.01,0.0,16,1,20,2,30161,-38.08111868700525,-43.56603968487638,12.589900384668606,2000,False,True,False,False,353.8764910697937
0.01,0.0,16,1,20,3,30161,-37.55560842190323,-43.56603968487638,13.79613870447725,2000,False,True,False,False,353.8764910697937
0.01,0.0,16,1,20,4,30161,-37.22679891894774,-43.56603968487638,14.550876810887301,2000,False,True,False,False,353.8764910697937
0.01,0.0,16,1,20,5,30161,-37.33769170429048,-43.56603968487638,14.296337297668178,2000,False,True,False,False,353.8764910697937
0.01,0.0,16,1,20,6,30161,-37.99986199601967,-43.56603968487638,12.77641421877731,2000,False,True,False,False,353.8764910697937
0.01,0.0,16,1,20,7,30161,-38.0789194522429,-43.56603968487638,12.594948433052759,2000,False,True,False,False,353.8764910697937
0.01,-2.0,14,3,60,0,30143,-57.703935235065536,-75.56603968487632,23.63774060980157,2000,False,True,False,False,452.66109919548035
0.01,-2.0,14,3,60,1,30143,-61.922778551479546,-75.56603968487632,18.05475209537455,2000,False,True,False,False,452.66109919548035
0.01,-2.0,14,3,60,2,30143,-61.1168137629214,-75.56603968487632,19.121322200039497,2000,False,True,False,False,452.66109919548035
0.01,-2.0,14,3,60,3,30143,-61.86650877112002,-75.56603968487632,18.129216471957182,2000,False,True,False,False,452.66109919548035
0.01,-2.0,14,3,60,4,30143,-62.04614412059768,-75.56603968487632,17.89149678964119,2000,False,True,False,True,452.66109919548035
0.01,-2.0,14,3,60,5,30143,-61.90004002922297,-75.56603968487632,18.08484302292798,2000,False,True,False,False,452.66109919548035
0.01,-2.0,14,3,60,6,30143,-61.76286410860816,-75.56603968487632,18.266374199084435,1899,True,False,False,False,452.66109919548035
0.01,-2.0,14,3,60,7,30143,-62.00647529626965,-75.56603968487632,17.943992361055887,2000,False,True,False,False,452.66109919548035
0.01,1.0,17,1,20,0,30171,-25.085962848396004,-35.56603968487631,29.466527421484972,2000,False,True,False,False,378.97986698150635
0.01,1.0,17,1,20,1,30171,-25.177524180864243,-35.56603968487631,29.209087084355804,2000,False,True,False,False,378.97986698150635
0.01,1.0,17,1,20,2,30171,-25.354210630310384,-35.56603968487631,28.712302930113093,2000,False,True,False,False,378.97986698150635
0.01,1.0,17,1,20,3,30171,-24.756112962524913,-35.56603968487631,30.393956757991482,2000,False,True,False,False,378.97986698150635
0.01,1.0,17,1,20,4,30171,-25.535650990530392,-35.56603968487631,28.202152343127263,2000,False,True,False,True,378.97986698150635
0.01,1.0,17,1,20,5,30171,-25.212385724828152,-35.56603968487631,29.11106789449719,2000,False,True,False,False,378.97986698150635
0.01,1.0,17,1,20,6,30171,-25.315997951976914,-35.56603968487631,28.81974440707269,2000,False,True,False,False,378.97986698150635
0.01,1.0,17,1,20,7,30171,-25.177803909231443,-35.56603968487631,29.208300580236486,2000,False,True,False,False,378.97986698150635
0.01,-1.0,15,2,40,0,30152,-50.789988666896726,-59.5660396848763,14.733312915224406,2000,False,True,False,False,433.4433546066284
0.01,-1.0,15,2,40,1,30152,-50.088499840030586,-59.5660396848763,15.910978629744363,2000,False,True,False,False,433.4433546066284
0.01,-1.0,15,2,40,2,30152,-50.659230690725266,-59.5660396848763,14.952830574721684,2000,False,True,False,False,433.4433546066284
0.01,-1.0,15,2,40,3,30152,-50.4710459488497,-59.5660396848763,15.2687568019329,2000,False,True,False,False,433.4433546066284
0.01,-1.0,15,2,40,4,30152,-50.57169325503482,-59.5660396848763,15.099789204426703,2000,False,True,False,False,433.4433546066284
0.01,-1.0,15,2,40,5,30152,-50.51706925810665,-59.5660396848763,15.191492458860187,2000,False,True,False,False,433.4433546066284
0.01,-1.0,15,2,40,6,30152,-50.51146825405811,-59.5660396848763,15.200895474535184,2000,False,True,False,False,433.4433546066284
0.01,-1.0,15,2,40,7,30152,-50.79025279254532,-59.5660396848763,14.732869498724016,2000,False,True,False,True,433.4433546066284
0.01,-1.0,15,3,60,0,30153,-46.049972450150996,-59.5660396848763,22.690894520148884,2000,False,True,False,False,452.53234338760376
0.01,-1.0,15,3,60,1,30153,-46.2217741799932,-59.5660396848763,22.402472240018984,2000,False,True,False,False,452.53234338760376
0.01,-1.0,15,3,60,2,30153,-46.382900673684446,-59.5660396848763,22.131971641786063,2000,False,True,False,False,452.53234338760376
0.01,-1.0,15,3,60,3,30153,-45.973541989041635,-59.5660396848763,22.81920666162027,2000,False,True,False,False,452.53234338760376
0.01,-1.0,15,3,60,4,30153,-46.22093244132225,-59.5660396848763,22.40388535842572,2000,False,True,False,False,452.53234338760376
0.01,-1.0,15,3,60,5,30153,-46.22365279093622,-59.5660396848763,22.39931841117127,1939,True,False,False,False,452.53234338760376
0.01,-1.0,15,3,60,6,30153,-46.21491805443081,-59.5660396848763,22.413982364913398,2000,False,True,False,False,452.53234338760376
0.01,-1.0,15,3,60,7,30153,-46.56774790945166,-59.5660396848763,21.821648449670022,2000,False,True,False,True,452.53234338760376
0.01,0.0,16,2,40,0,30162,-34.972202646778115,-43.56603968487638,19.72600011444591,2000,False,True,False,False,430.91466546058655
0.01,0.0,16,2,40,1,30162,-34.55199541970494,-43.56603968487638,20.690529436166766,2000,False,True,False,False,430.91466546058655
0.01,0.0,16,2,40,2,30162,-35.22893032390472,-43.56603968487638,19.136716169924952,2000,False,True,False,False,430.91466546058655
0.01,0.0,16,2,40,3,30162,-35.20109310262231,-43.56603968487638,19.200612777199254,2000,False,True,False,False,430.91466546058655
0.01,0.0,16,2,40,4,30162,-35.22905333787719,-43.56603968487638,19.13643380785266,2000,False,True,False,True,430.91466546058655
0.01,0.0,16,2,40,5,30162,-34.79581847268429,-43.56603968487638,20.13086632530569,2000,False,True,False,False,430.91466546058655
0.01,0.0,16,2,40,6,30162,-34.67395439207284,-43.56603968487638,20.410588975087315,2000,False,True,False,False,430.91466546058655
0.01,0.0,16,2,40,7,30162,-34.8181891411355,-43.56603968487638,20.079517456753436,2000,False,True,False,False,430.91466546058655
0.01,1.0,17,2,40,0,30172,-22.166980533947996,-35.56603968487631,37.67374515028158,2000,False,True,False,False,406.98680901527405
0.01,1.0,17,2,40,1,30172,-22.70132535728398,-35.56603968487631,36.171343342066756,2000,False,True,False,False,406.98680901527405
0.01,1.0,17,2,40,2,30172,-23.025176199022386,-35.56603968487631,35.26078134357662,2000,False,True,False,False,406.98680901527405
0.01,1.0,17,2,40,3,30172,-22.81891072872002,-35.56603968487631,35.840731971000785,2000,False,True,False,False,406.98680901527405
0.01,1.0,17,2,40,4,30172,-22.599020967341787,-35.56603968487631,36.45898962163186,2000,False,True,False,False,406.98680901527405
0.01,1.0,17,2,40,5,30172,-22.941471492983396,-35.56603968487631,35.49613143253967,2000,False,True,False,False,406.98680901527405
0.01,1.0,17,2,40,6,30172,-22.52641111621793,-35.56603968487631,36.66314462951916,2000,False,True,False,False,406.98680901527405
0.01,1.0,17,2,40,7,30172,-23.063574038574885,-35.56603968487631,35.15281925419947,2000,False,True,False,True,406.98680901527405
0.01,2.0,18,1,20,0,30181,-16.40943891804272,-27.566039684876316,40.472265491783695,2000,False,True,False,False,355.2050130367279
0.01,2.0,18,1,20,1,30181,-16.554609177189487,-27.566039684876316,39.945638305556386,2000,False,True,False,False,355.2050130367279
0.01,2.0,18,1,20,2,30181,-16.17665683001826,-27.566039684876316,41.31671790745722,2000,False,True,False,False,355.2050130367279
0.01,2.0,18,1,20,3,30181,-16.669316905210774,-27.566039684876316,39.529518582402176,2000,False,True,False,False,355.2050130367279
0.01,2.0,18,1,20,4,30181,-16.768261089631004,-27.566039684876316,39.17058351029418,2000,False,True,False,True,355.2050130367279
0.01,2.0,18,1,20,5,30181,-16.269852034529805,-27.566039684876316,40.97863813402253,2000,False,True,False,False,355.2050130367279
0.01,2.0,18,1,20,6,30181,-16.402121831361136,-27.566039684876316,40.498809336185104,2000,False,True,False,False,355.2050130367279
0.01,2.0,18,1,20,7,30181,-16.7348724165269,-27.566039684876316,39.291705998275,2000,False,True,False,False,355.2050130367279
0.01,0.0,16,3,60,0,30163,-30.104938298473368,-43.56603968487638,30.898152514597122,2000,False,True,False,False,456.9281940460205
0.01,0.0,16,3,60,1,30163,-30.2167213858944,-43.56603968487638,30.641569432385417,2000,False,True,False,False,456.9281940460205
0.01,0.0,16,3,60,2,30163,-30.23304690851962,-43.56603968487638,30.604096385160318,2000,False,True,False,False,456.9281940460205
0.01,0.0,16,3,60,3,30163,-29.979707817153795,-43.56603968487638,31.18560228562381,2000,False,True,False,False,456.9281940460205
0.01,0.0,16,3,60,4,30163,-29.05859332349242,-43.56603968487638,33.29989704439467,2000,False,True,False,False,456.9281940460205
0.01,0.0,16,3,60,5,30163,-30.427916772798138,-43.56603968487638,30.156798752214886,2000,False,True,False,True,456.9281940460205
0.01,0.0,16,3,60,6,30163,-30.40108124574475,-43.56603968487638,30.218396104757133,2000,False,True,False,False,456.9281940460205
0.01,0.0,16,3,60,7,30163,-30.21905400910503,-43.56603968487638,30.63621520871142,2000,False,True,False,False,456.9281940460205
0.01,1.0,17,3,60,0,30173,-18.56613580970233,-35.56603968487631,47.79813559732044,2000,False,True,False,False,485.88451170921326
0.01,1.0,17,3,60,1,30173,-19.279362181009514,-35.56603968487631,45.79277774014393,2000,False,True,False,True,485.88451170921326
0.01,1.0,17,3,60,2,30173,-19.18646447658534,-35.56603968487631,46.053975515457886,2000,False,True,False,False,485.88451170921326
0.01,1.0,17,3,60,3,30173,-18.178945634855612,-35.56603968487631,48.88678695765552,2000,False,True,False,False,485.88451170921326
0.01,1.0,17,3,60,4,30173,-19.26147899233316,-35.56603968487631,45.843059381942695,2000,False,True,False,False,485.88451170921326
0.01,1.0,17,3,60,5,30173,-19.198737992040208,-35.56603968487631,46.01946642880215,2000,False,True,False,False,485.88451170921326
0.01,1.0,17,3,60,6,30173,-18.279030289754314,-35.56603968487631,48.60538184259217,2000,False,True,False,False,485.88451170921326
0.01,1.0,17,3,60,7,30173,-18.08075772055479,-35.56603968487631,49.16285906231151,2000,False,True,False,False,485.88451170921326
0.01,2.0,18,2,40,0,30182,-14.263759864575084,-27.566039684876316,48.25604247968678,2000,False,True,False,True,435.3534460067749
0.01,2.0,18,2,40,1,30182,-14.23482139284091,-27.566039684876316,48.361021185605324,2000,False,True,False,False,435.3534460067749
0.01,2.0,18,2,40,2,30182,-14.156467776424103,-27.566039684876316,48.64526084176382,2000,False,True,False,False,435.3534460067749
0.01,2.0,18,2,40,3,30182,-14.161454704991362,-27.566039684876316,48.627170000191114,2000,False,True,False,False,435.3534460067749
0.01,2.0,18,2,40,4,30182,-14.177820468958856,-27.566039684876316,48.567800703206196,2000,False,True,False,False,435.3534460067749
0.01,2.0,18,2,40,5,30182,-13.426363403226853,-27.566039684876316,51.293825458021736,2000,False,True,False,False,435.3534460067749
0.01,2.0,18,2,40,6,30182,-12.718461070624166,-27.566039684876316,53.86184879650321,2000,False,True,False,False,435.3534460067749
0.01,2.0,18,2,40,7,30182,-13.724135906320926,-27.566039684876316,50.21361043077051,2000,False,True,False,False,435.3534460067749
0.01,3.0,19,1,20,0,30191,-8.155127760981907,-19.56603968487626,58.31998762996743,2000,False,True,False,False,378.37342596054077
0.01,3.0,19,1,20,1,30191,-8.277134095761934,-19.56603968487626,57.69642590391035,2000,False,True,False,False,378.37342596054077
0.01,3.0,19,1,20,2,30191,-8.27897313906844,-19.56603968487626,57.68702674426371,2000,False,True,False,False,378.37342596054077
0.01,3.0,19,1,20,3,30191,-8.495530884562951,-19.56603968487626,56.58022256220994,2000,False,True,False,True,378.37342596054077
0.01,3.0,19,1,20,4,30191,-8.25609269206283,-19.56603968487626,57.80396633640456,2000,False,True,False,False,378.37342596054077
0.01,3.0,19,1,20,5,30191,-8.092218853736636,-19.56603968487626,58.64150853178741,2000,False,True,False,False,378.37342596054077
0.01,3.0,19,1,20,6,30191,-7.952866516014857,-19.56603968487626,59.35372388024902,2000,False,True,False,False,378.37342596054077
0.01,3.0,19,1,20,7,30191,-7.957084215626985,-19.56603968487626,59.33216765487048,2000,False,True,False,False,378.37342596054077
0.01,2.0,18,3,60,0,30183,-9.582384448571108,-27.566039684876316,65.238443540991,2000,False,True,False,False,478.93239188194275
0.01,2.0,18,3,60,1,30183,-9.16386025752509,-27.566039684876316,66.75670367494718,2000,False,True,False,False,478.93239188194275
0.01,2.0,18,3,60,2,30183,-10.474691696666925,-27.566039684876316,62.00146333528751,2000,False,True,False,True,478.93239188194275
0.01,2.0,18,3,60,3,30183,-10.383331951378842,-27.566039684876316,62.33288470133235,2000,False,True,False,False,478.93239188194275
0.01,2.0,18,3,60,4,30183,-8.761079859912241,-27.566039684876316,68.21785080459391,2000,False,True,False,False,478.93239188194275
0.01,2.0,18,3,60,5,30183,-9.97480146964805,-27.566039684876316,63.81489113533936,2000,False,True,False,False,478.93239188194275
0.01,2.0,18,3,60,6,30183,-10.373395009667178,-27.566039684876316,62.36893246816886,2000,False,True,False,False,478.93239188194275
0.01,2.0,18,3,60,7,30183,-9.2483511930122,-27.566039684876316,66.4501999607649,2000,False,True,False,False,478.93239188194275
0.01,3.0,19,2,40,0,30192,-4.542537738752934,-19.56603968487626,76.78356063918173,2000,False,True,False,False,427.4725890159607
0.01,3.0,19,2,40,1,30192,-4.761628715843543,-19.56603968487626,75.66380937311456,2000,False,True,False,False,427.4725890159607
0.01,3.0,19,2,40,2,30192,-5.7783354240848315,-19.56603968487626,70.46752681100179,2000,False,True,False,False,427.4725890159607
0.01,3.0,19,2,40,3,30192,-6.041389302291585,-19.56603968487626,69.12308571590331,2000,False,True,False,False,427.4725890159607
0.01,3.0,19,2,40,4,30192,-5.679815589047415,-19.56603968487626,70.97105147222165,2000,False,True,False,False,427.4725890159607
0.01,3.0,19,2,40,5,30192,-4.111019604234434,-19.56603968487626,78.98900508000052,2000,False,True,False,False,427.4725890159607
0.01,3.0,19,2,40,6,30192,-4.695456152855278,-19.56603968487626,76.00201048102406,2000,False,True,False,False,427.4725890159607
0.01,3.0,19,2,40,7,30192,-6.04323363463455,-19.56603968487626,69.11365952453976,2000,False,True,False,True,427.4725890159607
0.01,4.0,20,1,20,0,30201,-0.4585998310003887,-11.566039684876385,96.0349450330864,2000,False,True,False,False,375.3058807849884
0.01,4.0,20,1,20,1,30201,-0.5560766199050552,-11.566039684876385,95.19216054020484,2000,False,True,False,False,375.3058807849884
0.01,4.0,20,1,20,2,30201,-0.6590024363114572,-11.566039684876385,94.30226374570407,2000,False,True,False,False,375.3058807849884
0.01,4.0,20,1,20,3,30201,-1.0905604065626164,-11.566039684876385,90.57101275565724,2000,False,True,False,False,375.3058807849884
0.01,4.0,20,1,20,4,30201,-1.160015884021631,-11.566039684876385,89.97050057213228,2000,False,True,False,True,375.3058807849884
0.01,4.0,20,1,20,5,30201,-0.5069736475289904,-11.566039684876385,95.61670492803252,2000,False,True,False,False,375.3058807849884
0.01,4.0,20,1,20,6,30201,-0.43182415364090865,-11.566039684876385,96.26644758788476,2000,False,True,False,False,375.3058807849884
0.01,4.0,20,1,20,7,30201,-1.1383799936471775,-11.566039684876385,90.15756451937727,2000,False,True,False,False,375.3058807849884
0.01,5.0,21,1,20,0,30211,4.042923421815744,-3.5660396848763805,213.37292288029866,2000,False,True,False,False,353.2477059364319
0.01,5.0,21,1,20,1,30211,4.04562630788363,-3.5660396848763805,213.44871805664928,2000,False,True,False,False,353.2477059364319
0.01,5.0,21,1,20,2,30211,4.569812801062165,-3.5660396848763805,228.14811961972268,2000,False,True,False,False,353.2477059364319
0.01,5.0,21,1,20,3,30211,4.032916984185065,-3.5660396848763805,213.09231922708872,2000,False,True,False,True,353.2477059364319
0.01,5.0,21,1,20,4,30211,5.263195968690369,-3.5660396848763805,247.59218723817492,2000,False,True,False,False,353.2477059364319
0.01,5.0,21,1,20,5,30211,4.410788339061202,-3.5660396848763805,223.68870592684124,2000,False,True,False,False,353.2477059364319
0.01,5.0,21,1,20,6,30211,4.040249699515163,-3.5660396848763805,213.29794552343077,2000,False,True,False,False,353.2477059364319
0.01,5.0,21,1,20,7,30211,4.062879927456566,-3.5660396848763805,213.9325494521918,2000,False,True,False,False,353.2477059364319
0.01,3.0,19,3,60,0,30193,-0.26020306555878325,-19.56603968487626,98.67012911274064,2000,False,True,False,False,455.35816740989685
0.01,3.0,19,3,60,1,30193,-2.0856221006516815,-19.56603968487626,89.34060170457599,2000,False,True,False,True,455.35816740989685
0.01,3.0,19,3,60,2,30193,-0.9504178775479315,-19.56603968487626,95.14251277798151,2000,False,True,False,False,455.35816740989685
0.01,3.0,19,3,60,3,30193,-2.032381848148657,-19.56603968487626,89.6127071145644,2000,False,True,False,False,455.35816740989685
0.01,3.0,19,3,60,4,30193,-1.8959243989894918,-19.56603968487626,90.31012698775744,2000,False,True,False,False,455.35816740989685
0.01,3.0,19,3,60,5,30193,-1.6769475283529156,-19.56603968487626,91.42929506756992,2000,False,True,False,False,455.35816740989685
0.01,3.0,19,3,60,6,30193,-0.3469535963032351,-19.56603968487626,98.22675614538687,2000,False,True,False,False,455.35816740989685
0.01,3.0,19,3,60,7,30193,-0.14306478111407764,-19.56603968487626,99.26881073830867,2000,False,True,False,False,455.35816740989685
0.01,4.0,20,2,40,0,30202,3.5620912704578904,-11.566039684876385,130.79784755637348,2000,False,True,False,False,430.42875719070435
0.01,4.0,20,2,40,1,30202,3.3588220061524385,-11.566039684876385,129.04038113014943,2000,False,True,False,False,430.42875719070435
0.01,4.0,20,2,40,2,30202,2.5075105460170244,-11.566039684876385,121.67994070862316,2000,False,True,False,False,430.42875719070435
0.01,4.0,20,2,40,3,30202,3.243229092564176,-11.566039684876385,128.0409645905416,2000,False,True,False,False,430.42875719070435
0.01,4.0,20,2,40,4,30202,2.511048775574043,-11.566039684876385,121.71053224776205,2000,False,True,False,False,430.42875719070435
0.01,4.0,20,2,40,5,30202,2.419364730582324,-11.566039684876385,120.91783182921165,2000,False,True,False,True,430.42875719070435
0.01,4.0,20,2,40,6,30202,2.5800645856889224,-11.566039684876385,122.30724306663569,2000,False,True,False,False,430.42875719070435
0.01,4.0,20,2,40,7,30202,2.562918165043322,-11.566039684876385,122.15899508277292,2000,False,True,False,False,430.42875719070435
0.01,5.0,21,2,40,0,30212,5.363545405421559,-3.5660396848763805,250.40621752383808,2000,False,True,False,True,402.40218329429626
0.01,5.0,21,2,40,1,30212,7.177527510932869,-3.5660396848763805,301.27447098732114,2000,False,True,False,False,402.40218329429626
0.01,5.0,21,2,40,2,30212,7.455440384117953,-3.5660396848763805,309.06779068490374,2000,False,True,False,False,402.40218329429626
0.01,5.0,21,2,40,3,30212,6.814334449219722,-3.5660396848763805,291.08969757457834,2000,False,True,False,False,402.40218329429626
0.01,5.0,21,2,40,4,30212,8.208659571410903,-3.5660396848763805,330.1897986784593,2000,False,True,False,False,402.40218329429626
0.01,5.0,21,2,40,5,30212,8.416795478040608,-3.5660396848763805,336.02641085954104,2000,False,True,False,False,402.40218329429626
0.01,5.0,21,2,40,6,30212,7.01059448521481,-3.5660396848763805,296.59328287755267,2000,False,True,False,False,402.40218329429626
0.01,5.0,21,2,40,7,30212,5.458358289464326,-3.5660396848763805,253.06499006764543,2000,False,True,False,False,402.40218329429626
0.01,6.0,22,1,20,0,30221,4.982702138247166,0.9999999999999979,398.2702138247177,2000,False,True,False,False,353.54349875450134
0.01,6.0,22,1,20,1,30221,5.365819236202828,0.9999999999999979,436.5819236202839,2000,False,True,False,False,353.54349875450134
0.01,6.0,22,1,20,2,30221,5.506951264901865,0.9999999999999979,450.69512649018765,2000,False,True,False,False,353.54349875450134
0.01,6.0,22,1,20,3,30221,5.7585473469711905,0.9999999999999979,475.8547346971202,2000,False,True,False,False,353.54349875450134
0.01,6.0,22,1,20,4,30221,5.419780488420855,0.9999999999999979,441.9780488420866,2000,False,True,False,False,353.54349875450134
0.01,6.0,22,1,20,5,30221,15.81881564370086,0.9999999999999979,1481.8815643700893,2000,False,True,False,False,353.54349875450134
0.01,6.0,22,1,20,6,30221,4.704469808338989,0.9999999999999979,370.44698083389994,2000,False,True,False,False,353.54349875450134
0.01,6.0,22,1,20,7,30221,4.696627084921635,0.9999999999999979,369.66270849216454,2000,False,True,False,True,353.54349875450134
0.01,4.0,20,3,60,0,30203,5.371493808359005,-11.566039684876385,146.44194516626726,2000,False,True,False,True,451.87896513938904
0.01,4.0,20,3,60,1,30203,6.385497440217883,-11.566039684876385,155.20902239828456,2000,False,True,False,False,451.87896513938904
0.01,4.0,20,3,60,2,30203,6.097558485212461,-11.566039684876385,152.71950167338227,2000,False,True,False,False,451.87896513938904
0.01,4.0,20,3,60,3,30203,7.008485335148559,-11.566039684876385,160.59537686277153,2000,False,True,False,False,451.87896513938904
0.01,4.0,20,3,60,4,30203,6.495733799444981,-11.566039684876385,156.16212615921356,2000,False,True,False,False,451.87896513938904
0.01,4.0,20,3,60,5,30203,7.023592394509567,-11.566039684876385,160.7259925252853,2000,False,True,False,False,451.87896513938904
0.01,4.0,20,3,60,6,30203,7.262428232655883,-11.566039684876385,162.7909676131593,2000,False,True,False,False,451.87896513938904
0.01,4.0,20,3,60,7,30203,6.245310378613091,-11.566039684876385,153.99696481051666,2000,False,True,False,False,451.87896513938904
0.01,7.0,23,1,20,0,30231,6.632663799738808,1.0000000000000147,563.266379973871,2000,False,True,False,False,353.75716519355774
0.01,7.0,23,1,20,1,30231,5.4252952111886845,1.0000000000000147,442.52952111886054,2000,False,True,False,False,353.75716519355774
0.01,7.0,23,1,20,2,30231,5.376184761897435,1.0000000000000147,437.6184761897356,2000,False,True,False,False,353.75716519355774
0.01,7.0,23,1,20,3,30231,5.544565511477629,1.0000000000000147,454.4565511477548,2000,False,True,False,False,353.75716519355774
0.01,7.0,23,1,20,4,30231,5.388648478882646,1.0000000000000147,438.86484788825675,2000,False,True,False,False,353.75716519355774
0.01,7.0,23,1,20,5,30231,5.369474100701387,1.0000000000000147,436.9474100701309,2000,False,True,False,True,353.75716519355774
0.01,7.0,23,1,20,6,30231,6.571143603274593,1.0000000000000147,557.1143603274496,2000,False,True,False,False,353.75716519355774
0.01,7.0,23,1,20,7,30231,5.893607532324626,1.0000000000000147,489.36075323245404,2000,False,True,False,False,353.75716519355774
0.01,5.0,21,3,60,0,30213,8.703955149919308,-3.5660396848763805,344.0790321777094,2000,False,True,False,False,450.6096444129944
0.01,5.0,21,3,60,1,30213,8.72027193042044,-3.5660396848763805,344.53659243903604,2000,False,True,False,False,450.6096444129944
0.01,5.0,21,3,60,2,30213,9.760049292711662,-3.5660396848763805,373.6943543871414,1940,True,False,False,False,450.6096444129944
0.01,5.0,21,3,60,3,30213,10.069945408989884,-3.5660396848763805,382.38455818920494,2000,False,True,False,False,450.6096444129944
0.01,5.0,21,3,60,4,30213,8.696512214731392,-3.5660396848763805,343.8703150616469,2000,False,True,False,True,450.6096444129944
0.01,5.0,21,3,60,5,30213,9.760440617158645,-3.5660396848763805,373.70532802965704,2000,False,True,False,False,450.6096444129944
0.01,5.0,21,3,60,6,30213,10.587769132187068,-3.5660396848763805,396.90553296672306,2000,False,True,False,False,450.6096444129944
0.01,5.0,21,3,60,7,30213,15.992758355499443,-3.5660396848763805,548.473930991989,2000,False,True,False,False,450.6096444129944
0.01,8.0,24,1,20,0,30241,6.064337406212002,1.0000000000000249,506.4337406211851,2000,False,True,False,False,353.62561416625977
0.01,8.0,24,1,20,1,30241,6.827568171634552,1.0000000000000249,582.7568171634382,2000,False,True,False,False,353.62561416625977
0.01,8.0,24,1,20,2,30241,6.78130228832484,1.0000000000000249,578.1302288324671,2000,False,True,False,False,353.62561416625977
0.01,8.0,24,1,20,3,30241,6.021361655564786,1.0000000000000249,502.1361655564636,2000,False,True,False,True,353.62561416625977
0.01,8.0,24,1,20,4,30241,6.781565496752953,1.0000000000000249,578.1565496752785,2000,False,True,False,False,353.62561416625977
0.01,8.0,24,1,20,5,30241,7.013380416596395,1.0000000000000249,601.3380416596221,2000,False,True,False,False,353.62561416625977
0.01,8.0,24,1,20,6,30241,6.629370043381666,1.0000000000000249,562.9370043381501,2000,False,True,False,False,353.62561416625977
0.01,8.0,24,1,20,7,30241,6.782433758492009,1.0000000000000249,578.243375849184,2000,False,True,False,False,353.62561416625977
0.01,6.0,22,2,40,0,30222,7.988789441313307,0.9999999999999979,698.8789441313324,2000,False,True,False,False,430.8579375743866
0.01,6.0,22,2,40,1,30222,7.185625404644526,0.9999999999999979,618.5625404644541,2000,False,True,False,False,430.8579375743866
0.01,6.0,22,2,40,2,30222,8.239378473534545,0.9999999999999979,723.9378473534562,2000,False,True,False,False,430.8579375743866
0.01,6.0,22,2,40,3,30222,8.671411742991175,0.9999999999999979,767.1411742991193,2000,False,True,False,False,430.8579375743866
0.01,6.0,22,2,40,4,30222,6.479875444664055,0.9999999999999979,547.9875444664068,2000,False,True,False,True,430.8579375743866
0.01,6.0,22,2,40,5,30222,8.737950913675412,0.9999999999999979,773.795091367543,2000,False,True,False,False,430.8579375743866
0.01,6.0,22,2,40,6,30222,8.144017319844908,0.9999999999999979,714.4017319844925,2000,False,True,False,False,430.8579375743866
0.01,6.0,22,2,40,7,30222,7.522980959816499,0.9999999999999979,652.2980959816514,2000,False,True,False,False,430.8579375743866
0.01,7.0,23,2,40,0,30232,11.758051698160344,1.0000000000000147,1075.805169816017,2000,False,True,False,False,429.2634449005127
0.01,7.0,23,2,40,1,30232,10.005101887815927,1.0000000000000147,900.5101887815781,2000,False,True,False,False,429.2634449005127
0.01,7.0,23,2,40,2,30232,7.675648645500901,1.0000000000000147,667.5648645500789,2000,False,True,False,True,429.2634449005127
0.01,7.0,23,2,40,3,30232,9.463288225667988,1.0000000000000147,846.3288225667849,2000,False,True,False,False,429.2634449005127
0.01,7.0,23,2,40,4,30232,11.135933766327483,1.0000000000000147,1013.593376632732,2000,False,True,False,False,429.2634449005127
0.01,7.0,23,2,40,5,30232,10.249592695531266,1.0000000000000147,924.9592695531117,2000,False,True,False,False,429.2634449005127
0.01,7.0,23,2,40,6,30232,9.833555178864756,1.0000000000000147,883.3555178864613,2000,False,True,False,False,429.2634449005127
0.01,7.0,23,2,40,7,30232,9.304777731021812,1.0000000000000147,830.4777731021675,2000,False,True,False,False,429.2634449005127
0.01,8.0,24,2,40,0,30242,8.706929249232191,1.0000000000000249,770.6929249231974,2000,False,True,False,True,404.503493309021
0.01,8.0,24,2,40,1,30242,10.943518910059238,1.0000000000000249,994.3518910058966,2000,False,True,False,False,404.503493309021
0.01,8.0,24,2,40,2,30242,34.94687217932104,1.0000000000000249,3394.6872179320176,2000,False,True,False,False,404.503493309021
0.01,8.0,24,2,40,3,30242,8.850134199000678,1.0000000000000249,785.0134199000457,2000,False,True,False,False,404.503493309021
0.01,8.0,24,2,40,4,30242,8.731189550851743,1.0000000000000249,773.1189550851527,2000,False,True,False,False,404.503493309021
0.01,8.0,24,2,40,5,30242,10.9427641883833,1.0000000000000249,994.2764188383029,2000,False,True,False,False,404.503493309021
0.01,8.0,24,2,40,6,30242,9.080639341697719,1.0000000000000249,808.0639341697494,2000,False,True,False,False,404.503493309021
0.01,8.0,24,2,40,7,30242,9.192799867029988,1.0000000000000249,819.2799867029759,2000,False,True,False,False,404.503493309021
0.01,6.0,22,3,60,0,30223,11.652369418818267,0.9999999999999979,1065.2369418818291,2000,False,True,False,False,482.4503207206726
0.01,6.0,22,3,60,1,30223,23.077221317211897,0.9999999999999979,2207.7221317211947,2000,False,True,False,False,482.4503207206726
0.01,6.0,22,3,60,2,30223,10.419239154272127,0.9999999999999979,941.9239154272148,2000,False,True,False,False,482.4503207206726
0.01,6.0,22,3,60,3,30223,10.365864477890385,0.9999999999999979,936.5864477890407,2000,False,True,False,True,482.4503207206726
0.01,6.0,22,3,60,4,30223,11.971752131063301,0.9999999999999979,1097.1752131063326,2000,False,True,False,False,482.4503207206726
0.01,6.0,22,3,60,5,30223,11.718779477932005,0.9999999999999979,1071.877947793203,2000,False,True,False,False,482.4503207206726
0.01,6.0,22,3,60,6,30223,10.400713044738524,0.9999999999999979,940.0713044738545,2000,False,True,False,False,482.4503207206726
0.01,6.0,22,3,60,7,30223,10.379820003206618,0.9999999999999979,937.9820003206639,2000,False,True,False,False,482.4503207206726
0.01,7.0,23,3,60,0,30233,12.056682801555201,1.0000000000000147,1105.6682801555025,2000,False,True,False,False,452.90516543388367
0.01,7.0,23,3,60,1,30233,12.05156037581508,1.0000000000000147,1105.1560375814904,2000,False,True,False,False,452.90516543388367
0.01,7.0,23,3,60,2,30233,14.353773963948983,1.0000000000000147,1335.3773963948775,2000,False,True,False,False,452.90516543388367
0.01,7.0,23,3,60,3,30233,12.057291374406418,1.0000000000000147,1105.7291374406243,2000,False,True,False,False,452.90516543388367
0.01,7.0,23,3,60,4,30233,12.037070318809967,1.0000000000000147,1103.707031880979,2000,False,True,False,True,452.90516543388367
0.01,7.0,23,3,60,5,30233,12.058635419653235,1.0000000000000147,1105.863541965306,2000,False,True,False,False,452.90516543388367
0.01,7.0,23,3,60,6,30233,12.059419418786563,1.0000000000000147,1105.9419418786388,2000,False,True,False,False,452.90516543388367
0.01,7.0,23,3,60,7,30233,14.339980058670944,1.0000000000000147,1333.9980058670735,2000,False,True,False,False,452.90516543388367
0.01,9.0,25,1,20,0,30251,7.61577545187595,0.9999999999999994,661.5775451875954,2000,False,True,False,False,381.2785539627075
0.01,9.0,25,1,20,1,30251,6.687880588191831,0.9999999999999994,568.7880588191836,2000,False,True,False,True,381.2785539627075
0.01,9.0,25,1,20,2,30251,7.523198750530613,0.9999999999999994,652.3198750530617,2000,False,True,False,False,381.2785539627075
0.01,9.0,25,1,20,3,30251,6.811985145628051,0.9999999999999994,581.1985145628055,2000,False,True,False,False,381.2785539627075
0.01,9.0,25,1,20,4,30251,6.691705644464621,0.9999999999999994,569.1705644464625,2000,False,True,False,False,381.2785539627075
0.01,9.0,25,1,20,5,30251,7.524238575393689,0.9999999999999994,652.4238575393694,2000,False,True,False,False,381.2785539627075
0.01,9.0,25,1,20,6,30251,7.53769002239789,0.9999999999999994,653.7690022397894,2000,False,True,False,False,381.2785539627075
0.01,9.0,25,1,20,7,30251,7.569267397565886,0.9999999999999994,656.9267397565891,2000,False,True,False,False,381.2785539627075
0.01,9.0,25,2,40,0,30252,9.81075381512456,0.9999999999999994,881.0753815124565,2000,False,True,False,True,427.5603187084198
0.01,9.0,25,2,40,1,30252,9.99148612675761,0.9999999999999994,899.1486126757616,2000,False,True,False,False,427.5603187084198
0.01,9.0,25,2,40,2,30252,11.738373602097196,0.9999999999999994,1073.8373602097201,2000,False,True,False,False,427.5603187084198
0.01,9.0,25,2,40,3,30252,11.705064833294799,0.9999999999999994,1070.5064833294805,2000,False,True,False,False,427.5603187084198
0.01,9.0,25,2,40,4,30252,10.753714643091172,0.9999999999999994,975.3714643091178,2000,False,True,False,False,427.5603187084198
0.01,9.0,25,2,40,5,30252,12.58948289071178,0.9999999999999994,1158.9482890711788,2000,False,True,False,False,427.5603187084198
0.01,9.0,25,2,40,6,30252,13.001510327465649,0.9999999999999994,1200.1510327465655,2000,False,True,False,False,427.5603187084198
0.01,9.0,25,2,40,7,30252,10.804140371738015,0.9999999999999994,980.4140371738021,2000,False,True,False,False,427.5603187084198
0.01,10.0,26,1,20,0,30261,7.41126089406449,0.9999999999999996,641.1260894064493,2000,False,True,False,False,380.7014892101288
0.01,10.0,26,1,20,1,30261,7.394718273832936,0.9999999999999996,639.4718273832939,2000,False,True,False,False,380.7014892101288
0.01,10.0,26,1,20,2,30261,7.356466571878741,0.9999999999999996,635.6466571878743,2000,False,True,False,False,380.7014892101288
0.01,10.0,26,1,20,3,30261,8.157184531104727,0.9999999999999996,715.7184531104731,2000,False,True,False,False,380.7014892101288
0.01,10.0,26,1,20,4,30261,7.556104148923749,0.9999999999999996,655.6104148923752,2000,False,True,False,False,380.7014892101288
0.01,10.0,26,1,20,5,30261,9.324579219738034,0.9999999999999996,832.4579219738038,2000,False,True,False,False,380.7014892101288
0.01,10.0,26,1,20,6,30261,8.473107169687532,0.9999999999999996,747.3107169687536,2000,False,True,False,False,380.7014892101288
0.01,10.0,26,1,20,7,30261,7.350068404887007,0.9999999999999996,635.0068404887011,2000,False,True,False,True,380.7014892101288
0.01,8.0,24,3,60,0,30243,15.725273750441987,1.0000000000000249,1472.5273750441597,2000,False,True,False,False,482.42829394340515
0.01,8.0,24,3,60,1,30243,13.729634368916818,1.0000000000000249,1272.9634368916477,2000,False,True,False,False,482.42829394340515
0.01,8.0,24,3,60,2,30243,39.539554535563425,1.0000000000000249,3853.955453556244,2000,False,True,False,False,482.42829394340515
0.01,8.0,24,3,60,3,30243,15.732912299024619,1.0000000000000249,1473.2912299024229,2000,False,True,False,False,482.42829394340515
0.01,8.0,24,3,60,4,30243,15.888157396984862,1.0000000000000249,1488.8157396984468,2000,False,True,False,False,482.42829394340515
0.01,8.0,24,3,60,5,30243,13.72386934032639,1.0000000000000249,1272.3869340326048,2000,False,True,False,True,482.42829394340515
0.01,8.0,24,3,60,6,30243,13.732067065266412,1.0000000000000249,1273.2067065266071,2000,False,True,False,False,482.42829394340515
0.01,8.0,24,3,60,7,30243,13.728745245140253,1.0000000000000249,1272.8745245139912,2000,False,True,False,False,482.42829394340515
0.01,11.0,27,1,20,0,30271,8.08949975840422,1.0000000000000189,708.9499758404066,2000,False,True,False,False,357.9670662879944
0.01,11.0,27,1,20,1,30271,9.026622215475658,1.0000000000000189,802.6622215475488,2000,False,True,False,False,357.9670662879944
0.01,11.0,27,1,20,2,30271,8.201602116293905,1.0000000000000189,720.1602116293751,2000,False,True,False,False,357.9670662879944
0.01,11.0,27,1,20,3,30271,8.073579560487882,1.0000000000000189,707.3579560487731,2000,False,True,False,False,357.9670662879944
0.01,11.0,27,1,20,4,30271,8.173256900087063,1.0000000000000189,717.3256900086909,2000,False,True,False,False,357.9670662879944
0.01,11.0,27,1,20,5,30271,8.022315764065734,1.0000000000000189,702.2315764065584,2000,False,True,False,True,357.9670662879944
0.01,11.0,27,1,20,6,30271,8.026121207780372,1.0000000000000189,702.6121207780221,2000,False,True,False,False,357.9670662879944
0.01,11.0,27,1,20,7,30271,8.033705796854477,1.0000000000000189,703.3705796854326,2000,False,True,False,False,357.9670662879944
0.01,10.0,26,2,40,0,30262,11.06532141181442,0.9999999999999996,1006.5321411814425,2000,False,True,False,False,433.6766424179077
0.01,10.0,26,2,40,1,30262,12.011370156542494,0.9999999999999996,1101.13701565425,2000,False,True,False,False,433.6766424179077
0.01,10.0,26,2,40,2,30262,11.203143774366763,0.9999999999999996,1020.3143774366769,2000,False,True,False,False,433.6766424179077
0.01,10.0,26,2,40,3,30262,15.57591138786356,0.9999999999999996,1457.5911387863566,2000,False,True,False,False,433.6766424179077
0.01,10.0,26,2,40,4,30262,15.575780160712187,0.9999999999999996,1457.5780160712193,2000,False,True,False,False,433.6766424179077
0.01,10.0,26,2,40,5,30262,13.079159393704387,0.9999999999999996,1207.9159393704392,2000,False,True,False,False,433.6766424179077
0.01,10.0,26,2,40,6,30262,10.95402306450074,0.9999999999999996,995.4023064500743,2000,False,True,False,True,433.6766424179077
0.01,10.0,26,2,40,7,30262,13.38578014606246,0.9999999999999996,1238.5780146062466,2000,False,True,False,False,433.6766424179077
0.01,9.0,25,3,60,0,30253,18.104507196627722,0.9999999999999994,1710.4507196627733,2000,False,True,False,False,484.04115557670593
0.01,9.0,25,3,60,1,30253,15.415488771118934,0.9999999999999994,1441.5488771118942,2000,False,True,False,False,484.04115557670593
0.01,9.0,25,3,60,2,30253,15.410311818587632,0.9999999999999994,1441.031181858764,2000,False,True,False,False,484.04115557670593
0.01,9.0,25,3,60,3,30253,15.39947944940855,0.9999999999999994,1439.9479449408557,2000,False,True,False,False,484.04115557670593
0.01,9.0,25,3,60,4,30253,15.419491302271476,0.9999999999999994,1441.9491302271485,2000,False,True,False,False,484.04115557670593
0.01,9.0,25,3,60,5,30253,15.40889370627977,0.9999999999999994,1440.8893706279778,2000,False,True,False,False,484.04115557670593
0.01,9.0,25,3,60,6,30253,15.399764794606682,0.9999999999999994,1439.976479460669,2000,False,True,False,False,484.04115557670593
0.01,9.0,25,3,60,7,30253,15.39101010301924,0.9999999999999994,1439.1010103019248,2000,False,True,False,True,484.04115557670593
0.01,12.0,28,1,20,0,30281,9.945307651940848,1.0000000000000426,894.5307651940423,2000,False,True,False,False,356.36149191856384
0.01,12.0,28,1,20,1,30281,9.947199194513116,1.0000000000000426,894.7199194512691,2000,False,True,False,False,356.36149191856384
0.01,12.0,28,1,20,2,30281,8.830310954676303,1.0000000000000426,783.0310954675926,2000,False,True,False,False,356.36149191856384
0.01,12.0,28,1,20,3,30281,9.742855476062015,1.0000000000000426,874.28554760616,2000,False,True,False,False,356.36149191856384
0.01,12.0,28,1,20,4,30281,8.731505662039115,1.0000000000000426,773.1505662038743,2000,False,True,False,True,356.36149191856384
0.01,12.0,28,1,20,5,30281,8.85098392996274,1.0000000000000426,785.0983929962364,2000,False,True,False,False,356.36149191856384
0.01,12.0,28,1,20,6,30281,9.774678772614456,1.0000000000000426,877.4678772614038,2000,False,True,False,False,356.36149191856384
0.01,12.0,28,1,20,7,30281,9.801111920161485,1.0000000000000426,880.1111920161068,2000,False,True,False,False,356.36149191856384
0.01,10.0,26,3,60,0,30263,17.07131586540283,0.9999999999999996,1607.1315865402837,2000,False,True,False,False,456.7759747505188
0.01,10.0,26,3,60,1,30263,17.149684008572297,0.9999999999999996,1614.9684008572303,2000,False,True,False,False,456.7759747505188
0.01,10.0,26,3,60,2,30263,17.06821129847651,0.9999999999999996,1606.8211298476517,2000,False,True,False,True,456.7759747505188
0.01,10.0,26,3,60,3,30263,19.484118995707846,0.9999999999999996,1848.4118995707852,2000,False,True,False,False,456.7759747505188
0.01,10.0,26,3,60,4,30263,19.506639415813428,0.9999999999999996,1850.6639415813436,2000,False,True,False,False,456.7759747505188
0.01,10.0,26,3,60,5,30263,17.07316861742358,0.9999999999999996,1607.3168617423587,2000,False,True,False,False,456.7759747505188
0.01,10.0,26,3,60,6,30263,17.088029726895094,0.9999999999999996,1608.8029726895102,2000,False,True,False,False,456.7759747505188
0.01,10.0,26,3,60,7,30263,17.10718379802839,0.9999999999999996,1610.7183798028398,2000,False,True,False,False,456.7759747505188
0.01,11.0,27,2,40,0,30272,15.536367427297128,1.0000000000000189,1453.6367427296834,2000,False,True,False,False,435.9684193134308
0.01,11.0,27,2,40,1,30272,14.849765904400554,1.0000000000000189,1384.9765904400274,2000,False,True,False,False,435.9684193134308
0.01,11.0,27,2,40,2,30272,14.232643211281003,1.0000000000000189,1323.2643211280733,2000,False,True,False,False,435.9684193134308
0.01,11.0,27,2,40,3,30272,12.238065784678051,1.0000000000000189,1123.806578467782,2000,False,True,False,False,435.9684193134308
0.01,11.0,27,2,40,4,30272,12.507693195135605,1.0000000000000189,1150.7693195135369,2000,False,True,False,False,435.9684193134308
0.01,11.0,27,2,40,5,30272,13.099793541196947,1.0000000000000189,1209.9793541196698,2000,False,True,False,False,435.9684193134308
0.01,11.0,27,2,40,6,30272,14.281443877823444,1.0000000000000189,1328.1443877823174,2000,False,True,False,False,435.9684193134308
0.01,11.0,27,2,40,7,30272,12.051900059571983,1.0000000000000189,1105.1900059571756,2000,False,True,False,True,435.9684193134308
0.01,12.0,28,2,40,0,30282,17.01407693755437,1.0000000000000426,1601.4076937553646,2000,False,True,False,False,407.0328001976013
0.01,12.0,28,2,40,1,30282,18.792379882828918,1.0000000000000426,1779.2379882828116,2000,False,True,False,False,407.0328001976013
0.01,12.0,28,2,40,2,30282,19.479750274728392,1.0000000000000426,1847.975027472756,2000,False,True,False,False,407.0328001976013
0.01,12.0,28,2,40,3,30282,15.698195936825005,1.0000000000000426,1469.8195936824336,2000,False,True,False,False,407.0328001976013
0.01,12.0,28,2,40,4,30282,15.690546617671613,1.0000000000000426,1469.0546617670943,2000,False,True,False,False,407.0328001976013
0.01,12.0,28,2,40,5,30282,16.5971842582425,1.0000000000000426,1559.7184258241793,2000,False,True,False,False,407.0328001976013
0.01,12.0,28,2,40,6,30282,15.58929121315175,1.0000000000000426,1458.9291213151087,2000,False,True,False,False,407.0328001976013
0.01,12.0,28,2,40,7,30282,13.359356212368036,1.0000000000000426,1235.9356212367466,2000,False,True,False,True,407.0328001976013
0.01,13.0,29,1,20,0,30291,10.79172089670776,1.0000000000000213,979.1720896707529,2000,False,True,False,False,354.5875368118286
0.01,13.0,29,1,20,1,30291,9.41944466072291,1.0000000000000213,841.9444660722709,2000,False,True,False,True,354.5875368118286
0.01,13.0,29,1,20,2,30291,10.384549769333178,1.0000000000000213,938.4549769332956,2000,False,True,False,False,354.5875368118286
0.01,13.0,29,1,20,3,30291,9.61037185998492,1.0000000000000213,861.0371859984715,2000,False,True,False,False,354.5875368118286
0.01,13.0,29,1,20,4,30291,11.551562674400428,1.0000000000000213,1055.1562674400182,2000,False,True,False,False,354.5875368118286
0.01,13.0,29,1,20,5,30291,10.47018140529215,1.0000000000000213,947.0181405291927,2000,False,True,False,False,354.5875368118286
0.01,13.0,29,1,20,6,30291,10.530353236857673,1.0000000000000213,953.0353236857449,2000,False,True,False,False,354.5875368118286
0.01,13.0,29,1,20,7,30291,9.445781715285415,1.0000000000000213,844.5781715285215,2000,False,True,False,False,354.5875368118286
0.01,11.0,27,3,60,0,30273,18.807081576889345,1.0000000000000189,1780.708157688899,2000,False,True,False,False,455.70332527160645
0.01,11.0,27,3,60,1,30273,21.056241395150238,1.0000000000000189,2005.624139514984,2000,False,True,False,False,455.70332527160645
0.01,11.0,27,3,60,2,30273,18.826455983755107,1.0000000000000189,1782.6455983754752,2000,False,True,False,False,455.70332527160645
0.01,11.0,27,3,60,3,30273,21.37079745740879,1.0000000000000189,2037.079745740839,2000,False,True,False,False,455.70332527160645
0.01,11.0,27,3,60,4,30273,18.755363081640148,1.0000000000000189,1775.5363081639796,2000,False,True,False,True,455.70332527160645
0.01,11.0,27,3,60,5,30273,21.048705566650046,1.0000000000000189,2004.8705566649649,2000,False,True,False,False,455.70332527160645
0.01,11.0,27,3,60,6,30273,18.758914433925778,1.0000000000000189,1775.8914433925427,2000,False,True,False,False,455.70332527160645
0.01,11.0,27,3,60,7,30273,23.636158916534985,1.0000000000000189,2263.615891653454,2000,False,True,False,False,455.70332527160645
0.01,13.0,29,2,40,0,30292,16.83651714919764,1.0000000000000213,1583.6517149197282,2000,False,True,False,False,409.13284850120544
0.01,13.0,29,2,40,1,30292,16.714768058834373,1.0000000000000213,1571.4768058834015,2000,False,True,False,False,409.13284850120544
0.01,13.0,29,2,40,2,30292,17.6861630062131,1.0000000000000213,1668.6163006212723,2000,False,True,False,False,409.13284850120544
0.01,13.0,29,2,40,3,30292,19.9996975711359,1.0000000000000213,1899.9697571135475,2000,False,True,False,False,409.13284850120544
0.01,13.0,29,2,40,4,30292,14.455170417157147,1.0000000000000213,1345.517041715684,2000,False,True,False,True,409.13284850120544
0.01,13.0,29,2,40,5,30292,17.91035300760931,1.0000000000000213,1691.0353007608928,2000,False,True,False,False,409.13284850120544
0.01,13.0,29,2,40,6,30292,14.743459394020517,1.0000000000000213,1374.3459394020203,2000,False,True,False,False,409.13284850120544
0.01,13.0,29,2,40,7,30292,20.030699634140685,1.0000000000000213,1903.0699634140258,2000,False,True,False,False,409.13284850120544
0.01,12.0,28,3,60,0,30283,22.97895447260899,1.0000000000000426,2197.895447260801,2000,False,True,False,False,458.3841927051544
0.01,12.0,28,3,60,1,30283,23.244988202631752,1.0000000000000426,2224.498820263076,2000,False,True,False,False,458.3841927051544
0.01,12.0,28,3,60,2,30283,26.432824897927205,1.0000000000000426,2543.282489792608,2000,False,True,False,False,458.3841927051544
0.01,12.0,28,3,60,3,30283,23.257050208258406,1.0000000000000426,2225.7050208257415,2000,False,True,False,False,458.3841927051544
0.01,12.0,28,3,60,4,30283,20.4531440187194,1.0000000000000426,1945.3144018718529,2000,False,True,False,True,458.3841927051544
0.01,12.0,28,3,60,5,30283,23.772014383280183,1.0000000000000426,2277.201438327917,2000,False,True,False,False,458.3841927051544
0.01,12.0,28,3,60,6,30283,20.537890320393096,1.0000000000000426,1953.789032039222,2000,False,True,False,False,458.3841927051544
0.01,12.0,28,3,60,7,30283,20.767703611421844,1.0000000000000426,1976.770361142096,2000,False,True,False,False,458.3841927051544
0.01,14.0,30,1,20,0,30301,12.575454802449192,0.9999999999999973,1157.5454802449224,2000,False,True,False,False,382.8838999271393
0.01,14.0,30,1,20,1,30301,11.567092783814095,0.9999999999999973,1056.7092783814126,2000,False,True,False,False,382.8838999271393
0.01,14.0,30,1,20,2,30301,11.104586128702428,0.9999999999999973,1010.4586128702456,2000,False,True,False,False,382.8838999271393
0.01,14.0,30,1,20,3,30301,11.357450930793199,0.9999999999999973,1035.7450930793232,2000,False,True,False,False,382.8838999271393
0.01,14.0,30,1,20,4,30301,10.028944940215272,0.9999999999999973,902.89449402153,2000,False,True,False,False,382.8838999271393
0.01,14.0,30,1,20,5,30301,10.112247613847497,0.9999999999999973,911.2247613847526,2000,False,True,False,False,382.8838999271393
0.01,14.0,30,1,20,6,30301,11.267253698002706,0.9999999999999973,1026.7253698002735,2000,False,True,False,False,382.8838999271393
0.01,14.0,30,1,20,7,30301,10.027401807740567,0.9999999999999973,902.7401807740596,2000,False,True,False,True,382.8838999271393
0.01,15.0,31,1,20,0,30311,12.178315710515363,0.9999999999999432,1117.8315710516056,2000,False,True,False,False,359.98534893989563
0.01,15.0,31,1,20,1,30311,12.180281846716298,0.9999999999999432,1118.0281846716991,2000,False,True,False,False,359.98534893989563
0.01,15.0,31,1,20,2,30311,10.702875025752517,0.9999999999999432,970.2875025753125,2000,False,True,False,True,359.98534893989563
0.01,15.0,31,1,20,3,30311,10.789879780439264,0.9999999999999432,978.9879780439877,2000,False,True,False,False,359.98534893989563
0.01,15.0,31,1,20,4,30311,10.77952843398903,0.9999999999999432,977.9528433989643,2000,False,True,False,False,359.98534893989563
0.01,15.0,31,1,20,5,30311,11.025424539380918,0.9999999999999432,1002.5424539381545,2000,False,True,False,False,359.98534893989563
0.01,15.0,31,1,20,6,30311,11.958311305408026,0.9999999999999432,1095.8311305408706,2000,False,True,False,False,359.98534893989563
0.01,15.0,31,1,20,7,30311,12.184299837005922,0.9999999999999432,1118.4299837006615,2000,False,True,False,False,359.98534893989563
0.01,14.0,30,2,40,0,30302,15.73027061926743,0.9999999999999973,1473.0270619267471,2000,False,True,False,False,411.7910645008087
0.01,14.0,30,2,40,1,30302,18.10085385596546,0.9999999999999973,1710.085385596551,2000,False,True,False,False,411.7910645008087
0.01,14.0,30,2,40,2,30302,21.892621571985305,0.9999999999999973,2089.2621571985364,2000,False,True,False,False,411.7910645008087
0.01,14.0,30,2,40,3,30302,18.854873399739994,0.9999999999999973,1785.4873399740043,2000,False,True,False,False,411.7910645008087
0.01,14.0,30,2,40,4,30302,20.06171559416675,0.9999999999999973,1906.1715594166803,2000,False,True,False,False,411.7910645008087
0.01,14.0,30,2,40,5,30302,18.01720955156981,0.9999999999999973,1701.7209551569858,2000,False,True,False,False,411.7910645008087
0.01,14.0,30,2,40,6,30302,22.6901666804575,0.9999999999999973,2169.016668045756,2000,False,True,False,False,411.7910645008087
0.01,14.0,30,2,40,7,30302,15.68031625542182,0.9999999999999973,1468.031625542186,2000,False,True,False,True,411.7910645008087
0.01,13.0,29,3,60,0,30293,22.098778239282634,1.0000000000000213,2109.877823928216,2000,False,True,False,True,485.07783222198486
0.01,13.0,29,3,60,1,30293,25.632590919285125,1.0000000000000213,2463.2590919284576,2000,False,True,False,False,485.07783222198486
0.01,13.0,29,3,60,2,30293,25.1092829852672,1.0000000000000213,2410.9282985266664,2000,False,True,False,False,485.07783222198486
0.01,13.0,29,3,60,3,30293,22.120458172987966,1.0000000000000213,2112.045817298749,2000,False,True,False,False,485.07783222198486
0.01,13.0,29,3,60,4,30293,22.109908051188558,1.0000000000000213,2110.9908051188086,2000,False,True,False,False,485.07783222198486
0.01,13.0,29,3,60,5,30293,22.103108588370254,1.0000000000000213,2110.3108588369782,2000,False,True,False,False,485.07783222198486
0.01,13.0,29,3,60,6,30293,22.444776166788166,1.0000000000000213,2144.4776166787688,2000,False,True,False,False,485.07783222198486
0.01,13.0,29,3,60,7,30293,24.825650435969134,1.0000000000000213,2382.5650435968605,2000,False,True,False,False,485.07783222198486
0.01,15.0,31,2,40,0,30312,21.42818283658507,0.9999999999999432,2042.8182836586288,2000,False,True,False,False,438.9850401878357
0.01,15.0,31,2,40,1,30312,19.60788331392294,0.9999999999999432,1860.7883313924056,2000,False,True,False,False,438.9850401878357
0.01,15.0,31,2,40,2,30312,16.507650931252666,0.9999999999999432,1550.7650931253604,2000,False,True,False,True,438.9850401878357
0.01,15.0,31,2,40,3,30312,16.580846477785826,0.9999999999999432,1558.084647778677,2000,False,True,False,False,438.9850401878357
0.01,15.0,31,2,40,4,30312,20.6105185695589,0.9999999999999432,1961.0518569560072,2000,False,True,False,False,438.9850401878357
0.01,15.0,31,2,40,5,30312,20.556942839996896,0.9999999999999432,1955.6942839998064,2000,False,True,False,False,438.9850401878357
0.01,15.0,31,2,40,6,30312,20.59920290158085,0.9999999999999432,1959.920290158202,2000,False,True,False,False,438.9850401878357
0.01,15.0,31,2,40,7,30312,91.83414494237503,0.9999999999999432,9083.414494238024,2000,False,True,False,False,438.9850401878357
0.01,16.0,32,1,20,0,30321,11.362954411953131,0.9999999999999984,1036.2954411953149,2000,False,True,False,False,383.7788188457489
0.01,16.0,32,1,20,1,30321,11.537129564296093,0.9999999999999984,1053.712956429611,2000,False,True,False,False,383.7788188457489
0.01,16.0,32,1,20,2,30321,14.066792092860195,0.9999999999999984,1306.6792092860217,2000,False,True,False,False,383.7788188457489
0.01,16.0,32,1,20,3,30321,11.433461388882513,0.9999999999999984,1043.346138888253,2000,False,True,False,False,383.7788188457489
0.01,16.0,32,1,20,4,30321,11.337475734061673,0.9999999999999984,1033.747573406169,2000,False,True,False,True,383.7788188457489
0.01,16.0,32,1,20,5,30321,11.420547045811661,0.9999999999999984,1042.054704581168,2000,False,True,False,False,383.7788188457489
0.01,16.0,32,1,20,6,30321,11.45673398031699,0.9999999999999984,1045.6733980317008,2000,False,True,False,False,383.7788188457489
0.01,16.0,32,1,20,7,30321,11.377981446086794,0.9999999999999984,1037.7981446086812,2000,False,True,False,False,383.7788188457489
0.01,14.0,30,3,60,0,30303,23.87051848138531,0.9999999999999973,2287.0518481385375,2000,False,True,False,False,488.95605850219727
0.01,14.0,30,3,60,1,30303,26.81476219619777,0.9999999999999973,2581.476219619784,2000,False,True,False,False,488.95605850219727
0.01,14.0,30,3,60,2,30303,26.99188530545559,0.9999999999999973,2599.188530545566,2000,False,True,False,False,488.95605850219727
0.01,14.0,30,3,60,3,30303,30.615479938030727,0.9999999999999973,2961.5479938030808,2000,False,True,False,False,488.95605850219727
0.01,14.0,30,3,60,4,30303,23.792993930276584,0.9999999999999973,2279.299393027665,2000,False,True,False,True,488.95605850219727
0.01,14.0,30,3,60,5,30303,26.69924531546697,0.9999999999999973,2569.924531546704,2000,False,True,False,False,488.95605850219727
0.01,14.0,30,3,60,6,30303,24.005657247297805,0.9999999999999973,2300.565724729787,2000,False,True,False,False,488.95605850219727
0.01,14.0,30,3,60,7,30303,23.799982502263255,0.9999999999999973,2279.998250226332,2000,False,True,False,False,488.95605850219727
0.02,-16.0,0,1,20,0,40001,-358.7937671872671,-383.0000000000001,6.320165225256654,2000,False,True,False,False,384.2636630535126
0.02,-16.0,0,1,20,1,40001,-357.46104096780545,-383.0000000000001,6.668135517544298,2000,False,True,False,False,384.2636630535126
0.02,-16.0,0,1,20,2,40001,-358.39813176214943,-383.0000000000001,6.423464291867016,2000,False,True,False,False,384.2636630535126
0.02,-16.0,0,1,20,3,40001,-357.7887146737135,-383.0000000000001,6.582581025140103,2000,False,True,False,False,384.2636630535126
0.02,-16.0,0,1,20,4,40001,-357.7982732514432,-383.0000000000001,6.5800853129391355,2000,False,True,False,False,384.2636630535126
0.02,-16.0,0,1,20,5,40001,-355.02693197911987,-383.0000000000001,7.303673112501369,2000,False,True,False,False,384.2636630535126
0.02,-16.0,0,1,20,6,40001,-360.41562572166896,-383.0000000000001,5.8967034669271925,2000,False,True,False,True,384.2636630535126
0.02,-16.0,0,1,20,7,40001,-358.9106278459551,-383.0000000000001,6.2896533039281985,2000,False,True,False,False,384.2636630535126
0.01,16.0,32,2,40,0,30322,21.381972480991642,0.9999999999999984,2038.1972480991674,2000,False,True,False,False,439.80987882614136
0.01,16.0,32,2,40,1,30322,20.79063977721359,0.9999999999999984,1979.063977721362,2000,False,True,False,False,439.80987882614136
0.01,16.0,32,2,40,2,30322,22.83436395680654,0.9999999999999984,2183.436395680658,2000,False,True,False,False,439.80987882614136
0.01,16.0,32,2,40,3,30322,20.639292823298614,0.9999999999999984,1963.9292823298647,2000,False,True,False,False,439.80987882614136
0.01,16.0,32,2,40,4,30322,19.014984118990082,0.9999999999999984,1801.498411899011,2000,False,True,False,False,439.80987882614136
0.01,16.0,32,2,40,5,30322,17.594939927400205,0.9999999999999984,1659.493992740023,2000,False,True,False,True,439.80987882614136
0.01,16.0,32,2,40,6,30322,19.36347579536084,0.9999999999999984,1836.3475795360869,2000,False,True,False,False,439.80987882614136
0.01,16.0,32,2,40,7,30322,17.81260908351167,0.9999999999999984,1681.2609083511695,2000,False,True,False,False,439.80987882614136
0.01,15.0,31,3,60,0,30313,25.44211781037888,0.9999999999999432,2444.2117810380323,2000,False,True,False,True,485.1765353679657
0.01,15.0,31,3,60,1,30313,25.5743012019943,0.9999999999999432,2457.430120199575,2000,False,True,False,False,485.1765353679657
0.01,15.0,31,3,60,2,30313,25.47217058673317,0.9999999999999432,2447.217058673462,2000,False,True,False,False,485.1765353679657
0.01,15.0,31,3,60,3,30313,28.759637086757458,0.9999999999999432,2775.9637086759094,2000,False,True,False,False,485.1765353679657
0.01,15.0,31,3,60,4,30313,26.401045978113093,0.9999999999999432,2540.1045978114594,2000,False,True,False,False,485.1765353679657
0.01,15.0,31,3,60,5,30313,25.69050411412731,0.9999999999999432,2469.050411412877,2000,False,True,False,False,485.1765353679657
0.01,15.0,31,3,60,6,30313,28.913432183597408,0.9999999999999432,2791.343218359905,2000,False,True,False,False,485.1765353679657
0.01,15.0,31,3,60,7,30313,25.48346087057741,0.9999999999999432,2448.346087057886,2000,False,True,False,False,485.1765353679657
0.02,-15.0,1,1,20,0,40011,-335.83614936591164,-359.0000000000002,6.452326081918823,2000,False,True,False,False,359.50611209869385
0.02,-15.0,1,1,20,1,40011,-335.81498510246786,-359.0000000000002,6.458221419925447,2000,False,True,False,False,359.50611209869385
0.02,-15.0,1,1,20,2,40011,-332.4221186934923,-359.0000000000002,7.403309556130343,2000,False,True,False,False,359.50611209869385
0.02,-15.0,1,1,20,3,40011,-336.36236843651994,-359.0000000000002,6.305746953615674,2000,False,True,False,False,359.50611209869385
0.02,-15.0,1,1,20,4,40011,-338.5015285503272,-359.0000000000002,5.709880626649871,2000,False,True,False,True,359.50611209869385
0.02,-15.0,1,1,20,5,40011,-335.9792680069553,-359.0000000000002,6.41246016519357,2000,False,True,False,False,359.50611209869385
0.02,-15.0,1,1,20,6,40011,-336.4247269953746,-359.0000000000002,6.28837688151131,2000,False,True,False,False,359.50611209869385
0.02,-15.0,1,1,20,7,40011,-335.91959266794487,-359.0000000000002,6.429082822299538,2000,False,True,False,False,359.50611209869385
0.01,16.0,32,3,60,0,30323,27.120911539958964,0.9999999999999984,2612.0911539959,2000,False,True,False,True,461.08641934394836
0.01,16.0,32,3,60,1,30323,30.466476570185733,0.9999999999999984,2946.647657018578,2000,False,True,False,False,461.08641934394836
0.01,16.0,32,3,60,2,30323,27.176816396047748,0.9999999999999984,2617.681639604779,2000,False,True,False,False,461.08641934394836
0.01,16.0,32,3,60,3,30323,27.19042059263213,0.9999999999999984,2619.0420592632167,2000,False,True,False,False,461.08641934394836
0.01,16.0,32,3,60,4,30323,27.140731925796935,0.9999999999999984,2614.073192579697,2000,False,True,False,False,461.08641934394836
0.01,16.0,32,3,60,5,30323,30.7777282179685,0.9999999999999984,2977.7728217968547,2000,False,True,False,False,461.08641934394836
0.01,16.0,32,3,60,6,30323,30.83764514913214,0.9999999999999984,2983.7645149132186,2000,False,True,False,False,461.08641934394836
0.01,16.0,32,3,60,7,30323,27.143953126904538,0.9999999999999984,2614.3953126904576,2000,False,True,False,False,461.08641934394836
0.02,-16.0,0,3,60,0,40003,-322.4085918992669,-383.0000000000001,15.820210992358529,2000,False,True,False,False,417.18879079818726
0.02,-16.0,0,3,60,1,40003,-323.2109486909384,-383.0000000000001,15.610718357457367,2000,False,True,False,False,417.18879079818726
0.02,-16.0,0,3,60,2,40003,-323.21094990214704,-383.0000000000001,15.610718041214898,1605,True,False,False,False,417.18879079818726
0.02,-16.0,0,3,60,3,40003,-323.0205601081132,-383.0000000000001,15.660428170205451,2000,False,True,False,False,417.18879079818726
0.02,-16.0,0,3,60,4,40003,-325.56967870528916,-383.0000000000001,14.994861956843586,2000,False,True,False,False,417.18879079818726
0.02,-16.0,0,3,60,5,40003,-322.1777757510113,-383.0000000000001,15.880476305218998,1794,True,False,False,False,417.18879079818726
0.02,-16.0,0,3,60,6,40003,-325.5696897843565,-383.0000000000001,14.994859064136707,2000,False,True,False,True,417.18879079818726
0.02,-16.0,0,3,60,7,40003,-318.3098863036042,-383.0000000000001,16.89036911133053,1056,True,False,False,False,417.18879079818726
0.02,-16.0,0,2,40,0,40002,-347.385405032265,-383.0000000000001,9.298849861027444,2000,False,True,False,False,435.83087372779846
0.02,-16.0,0,2,40,1,40002,-339.1567841284012,-383.0000000000001,11.44731484898143,2000,False,True,False,False,435.83087372779846
0.02,-16.0,0,2,40,2,40002,-342.810362206002,-383.0000000000001,10.493378014098715,1987,True,False,False,False,435.83087372779846
0.02,-16.0,0,2,40,3,40002,-347.3854341567235,-383.0000000000001,9.29884225673019,2000,False,True,False,True,435.83087372779846
0.02,-16.0,0,2,40,4,40002,-338.3635945896322,-383.0000000000001,11.654413945265766,2000,False,True,False,False,435.83087372779846
0.02,-16.0,0,2,40,5,40002,-335.9072737253084,-383.0000000000001,12.295750985559186,2000,False,True,False,False,435.83087372779846
0.02,-16.0,0,2,40,6,40002,-347.38015608254534,-383.0000000000001,9.300220343982966,2000,False,True,False,False,435.83087372779846
0.02,-16.0,0,2,40,7,40002,-344.47115766737284,-383.0000000000001,10.059749956299548,2000,False,True,False,False,435.83087372779846
0.02,-14.0,2,1,20,0,40021,-315.3518457124521,-335.0000000000001,5.865120682850159,2000,False,True,False,False,360.53316164016724
0.02,-14.0,2,1,20,1,40021,-314.0925504687413,-335.0000000000001,6.241029710823522,2000,False,True,False,False,360.53316164016724
0.02,-14.0,2,1,20,2,40021,-310.4231693434586,-335.0000000000001,7.336367360161644,2000,False,True,False,False,360.53316164016724
0.02,-14.0,2,1,20,3,40021,-315.16923214935827,-335.0000000000001,5.919632194221445,2000,False,True,False,False,360.53316164016724
0.02,-14.0,2,1,20,4,40021,-315.9797868307647,-335.0000000000001,5.6776755729060975,2000,False,True,False,True,360.53316164016724
0.02,-14.0,2,1,20,5,40021,-314.0580703383298,-335.0000000000001,6.251322287065763,2000,False,True,False,False,360.53316164016724
0.02,-14.0,2,1,20,6,40021,-312.9959123386839,-335.0000000000001,6.568384376512294,2000,False,True,False,False,360.53316164016724
0.02,-14.0,2,1,20,7,40021,-311.95416793941246,-335.0000000000001,6.87935285390676,2000,False,True,False,False,360.53316164016724
0.02,-15.0,1,2,40,0,40012,-317.22546832717615,-359.0000000000002,11.636359797444026,2000,False,True,False,False,420.92932748794556
0.02,-15.0,1,2,40,1,40012,-325.7879755474321,-359.0000000000002,9.25126029319446,2000,False,True,False,True,420.92932748794556
0.02,-15.0,1,2,40,2,40012,-317.3129340599247,-359.0000000000002,11.611996083586487,1311,True,False,False,False,420.92932748794556
0.02,-15.0,1,2,40,3,40012,-317.31292177587324,-359.0000000000002,11.611999505327846,2000,False,True,False,False,420.92932748794556
0.02,-15.0,1,2,40,4,40012,-312.5336992248859,-359.0000000000002,12.943259268834073,2000,False,True,False,False,420.92932748794556
0.02,-15.0,1,2,40,5,40012,-323.02918350889536,-359.0000000000002,10.019726042090486,2000,False,True,False,False,420.92932748794556
0.02,-15.0,1,2,40,6,40012,-325.7868928201773,-359.0000000000002,9.251561888530063,2000,False,True,False,False,420.92932748794556
0.02,-15.0,1,2,40,7,40012,-321.44202911355296,-359.0000000000002,10.461830330486697,2000,False,True,False,False,420.92932748794556
0.02,-15.0,1,3,60,0,40013,-302.91484386202796,-359.0000000000002,15.622606166566081,2000,False,True,False,False,432.53867268562317
0.02,-15.0,1,3,60,1,40013,-304.21957034637694,-359.0000000000002,15.259172605466087,1956,True,False,False,False,432.53867268562317
0.02,-15.0,1,3,60,2,40013,-298.88626104993034,-359.0000000000002,16.744774080799402,2000,False,True,False,False,432.53867268562317
0.02,-15.0,1,3,60,3,40013,-307.07258433707784,-359.0000000000002,14.464461187443552,1810,True,False,False,True,432.53867268562317
0.02,-15.0,1,3,60,4,40013,-303.101242143682,-359.0000000000002,15.570684639642954,1264,True,False,False,False,432.53867268562317
0.02,-15.0,1,3,60,5,40013,-305.2709836301912,-359.0000000000002,14.966299824459325,2000,False,True,False,False,432.53867268562317
0.02,-15.0,1,3,60,6,40013,-298.8974916262842,-359.0000000000002,16.741645786550414,2000,False,True,False,False,432.53867268562317
0.02,-15.0,1,3,60,7,40013,-303.1012392672633,-359.0000000000002,15.570685440873792,2000,False,True,False,False,432.53867268562317
0.02,-14.0,2,2,40,0,40022,-296.1759478771449,-335.0000000000001,11.58926929040454,2000,False,True,False,False,409.8637146949768
0.02,-14.0,2,2,40,1,40022,-293.9198677699445,-335.0000000000001,12.262726038822562,2000,False,True,False,False,409.8637146949768
0.02,-14.0,2,2,40,2,40022,-291.74827726337327,-335.0000000000001,12.910962010933384,2000,False,True,False,False,409.8637146949768
0.02,-14.0,2,2,40,3,40022,-296.2600723357904,-335.0000000000001,11.56415751170438,2000,False,True,False,False,409.8637146949768
0.02,-14.0,2,2,40,4,40022,-296.17593860611424,-335.0000000000001,11.589272057876375,2000,False,True,False,False,409.8637146949768
0.02,-14.0,2,2,40,5,40022,-292.29117988084766,-335.0000000000001,12.748901528105206,2000,False,True,False,False,409.8637146949768
0.02,-14.0,2,2,40,6,40022,-301.56827727626086,-335.0000000000001,9.979618723504252,2000,False,True,False,True,409.8637146949768
0.02,-14.0,2,2,40,7,40022,-291.8081266756739,-335.0000000000001,12.893096514724235,2000,False,True,False,False,409.8637146949768
0.02,-13.0,3,1,20,0,40031,-291.00851395072743,-311.0,6.4281305624670635,2000,False,True,False,False,360.68066906929016
0.02,-13.0,3,1,20,1,40031,-290.29052712856725,-311.0,6.658994492422107,2000,False,True,False,False,360.68066906929016
0.02,-13.0,3,1,20,2,40031,-290.5781330030212,-311.0,6.566516719285785,2000,False,True,False,False,360.68066906929016
0.02,-13.0,3,1,20,3,40031,-291.69907313488636,-311.0,6.206085808718212,2000,False,True,False,False,360.68066906929016
0.02,-13.0,3,1,20,4,40031,-292.8237792833689,-311.0,5.84444396033155,2000,False,True,False,True,360.68066906929016
0.02,-13.0,3,1,20,5,40031,-289.6857105341011,-311.0,6.8534692816395255,2000,False,True,False,False,360.68066906929016
0.02,-13.0,3,1,20,6,40031,-291.6878109596053,-311.0,6.209707086943628,2000,False,True,False,False,360.68066906929016
0.02,-13.0,3,1,20,7,40031,-291.69325571544937,-311.0,6.207956361591843,2000,False,True,False,False,360.68066906929016
0.02,-14.0,2,3,60,0,40023,-282.9931388211973,-335.0000000000001,15.524436172776953,1140,True,False,False,False,415.4565079212189
0.02,-14.0,2,3,60,1,40023,-282.835123094602,-335.0000000000001,15.571605046387488,2000,False,True,False,False,415.4565079212189
0.02,-14.0,2,3,60,2,40023,-286.71589331068026,-335.0000000000001,14.41316617591637,1610,True,False,False,True,415.4565079212189
0.02,-14.0,2,3,60,3,40023,-282.83554165879735,-335.0000000000001,15.571480101851565,2000,False,True,False,False,415.4565079212189
0.02,-14.0,2,3,60,4,40023,-282.9931389142994,-335.0000000000001,15.524436144985287,1684,True,False,False,False,415.4565079212189
0.02,-14.0,2,3,60,5,40023,-284.9722677664061,-335.0000000000001,14.933651413013132,2000,False,True,False,False,415.4565079212189
0.02,-14.0,2,3,60,6,40023,-282.993138922905,-335.0000000000001,15.524436142416443,2000,False,True,False,False,415.4565079212189
0.02,-14.0,2,3,60,7,40023,-279.0141499599825,-335.0000000000001,16.712194041796298,2000,False,True,False,False,415.4565079212189
0.02,-12.0,4,1,20,0,40041,-270.9128855096072,-286.9999999999998,5.605266372959097,2000,False,True,False,True,359.6798815727234
0.02,-12.0,4,1,20,1,40041,-269.2423677051037,-286.9999999999998,6.1873283257477745,2000,False,True,False,False,359.6798815727234
0.02,-12.0,4,1,20,2,40041,-270.9094977160064,-286.9999999999998,5.60644678884787,2000,False,True,False,False,359.6798815727234
0.02,-12.0,4,1,20,3,40041,-269.2197271057112,-286.9999999999998,6.195217036337496,2000,False,True,False,False,359.6798815727234
0.02,-12.0,4,1,20,4,40041,-269.292044470726,-286.9999999999998,6.170019348179015,2000,False,True,False,False,359.6798815727234
0.02,-12.0,4,1,20,5,40041,-269.29011325202526,-286.9999999999998,6.170692246681019,2000,False,True,False,False,359.6798815727234
0.02,-12.0,4,1,20,6,40041,-269.2943307564902,-286.9999999999998,6.169222732930176,2000,False,True,False,False,359.6798815727234
0.02,-12.0,4,1,20,7,40041,-268.9424132846622,-286.9999999999998,6.291842061093228,2000,False,True,False,False,359.6798815727234
0.02,-13.0,3,2,40,0,40032,-280.1073657477152,-311.0,9.9333229107025,1690,True,False,False,False,421.4768497943878
0.02,-13.0,3,2,40,1,40032,-275.20800055516395,-311.0,11.508681493516415,2000,False,True,False,False,421.4768497943878
0.02,-13.0,3,2,40,2,40032,-275.1193895825005,-311.0,11.537173767684726,2000,False,True,False,False,421.4768497943878
0.02,-13.0,3,2,40,3,40032,-280.1073659247294,-311.0,9.933322853784766,1812,True,False,False,False,421.4768497943878
0.02,-13.0,3,2,40,4,40032,-269.01256678778094,-311.0,13.50078238335018,2000,False,True,False,False,421.4768497943878
0.02,-13.0,3,2,40,5,40032,-271.0244478288081,-311.0,12.853875296203185,2000,False,True,False,False,421.4768497943878
0.02,-13.0,3,2,40,6,40032,-282.5935818770799,-311.0,9.13389650254666,2000,False,True,False,True,421.4768497943878
0.02,-13.0,3,2,40,7,40032,-270.9195962476826,-311.0,12.887589630970227,2000,False,True,False,False,421.4768497943878
0.02,-13.0,3,3,60,0,40033,-266.3599880341389,-311.0,14.353701596739906,2000,False,True,False,True,418.54693603515625
0.02,-13.0,3,3,60,1,40033,-263.62216186110055,-311.0,15.234031555916221,1860,True,False,False,False,418.54693603515625
0.02,-13.0,3,3,60,2,40033,-262.8868166459889,-311.0,15.470476962704529,1899,True,False,False,False,418.54693603515625
0.02,-13.0,3,3,60,3,40033,-258.30225394544397,-311.0,16.944612879278466,2000,False,True,False,False,418.54693603515625
0.02,-13.0,3,3,60,4,40033,-262.7346229795867,-311.0,15.51941383293033,2000,False,True,False,False,418.54693603515625
0.02,-13.0,3,3,60,5,40033,-259.0694464732868,-311.0,16.69792717900746,1483,True,False,False,False,418.54693603515625
0.02,-13.0,3,3,60,6,40033,-264.67357880677474,-311.0,14.895955367596548,1855,True,False,False,False,418.54693603515625
0.02,-13.0,3,3,60,7,40033,-261.51102180026385,-311.0,15.912854726603264,1432,True,False,False,False,418.54693603515625
0.02,-11.0,5,1,20,0,40051,-247.76514273325682,-263.0,5.792721394198926,2000,False,True,False,False,382.89222979545593
0.02,-11.0,5,1,20,1,40051,-245.1439328692515,-263.0,6.789379137166731,2000,False,True,False,False,382.89222979545593
0.02,-11.0,5,1,20,2,40051,-246.88989461222593,-263.0,6.125515356568087,2000,False,True,False,False,382.89222979545593
0.02,-11.0,5,1,20,3,40051,-246.59762046340626,-263.0,6.236646211632602,2000,False,True,False,False,382.89222979545593
0.02,-11.0,5,1,20,4,40051,-246.88958853484246,-263.0,6.125631735801346,2000,False,True,False,False,382.89222979545593
0.02,-11.0,5,1,20,5,40051,-246.8898879771271,-263.0,6.125517879419353,2000,False,True,False,False,382.89222979545593
0.02,-11.0,5,1,20,6,40051,-247.7679063834243,-263.0,5.791670576644751,2000,False,True,False,True,382.89222979545593
0.02,-11.0,5,1,20,7,40051,-245.8191843013259,-263.0,6.532629543222095,2000,False,True,False,False,382.89222979545593
0.02,-12.0,4,2,40,0,40042,-250.21560446296564,-286.9999999999998,12.816862556457895,2000,False,True,False,False,435.28171825408936
0.02,-12.0,4,2,40,1,40042,-260.9966674714707,-286.9999999999998,9.060394609243591,2000,False,True,False,True,435.28171825408936
0.02,-12.0,4,2,40,2,40042,-254.06395068625469,-286.9999999999998,11.475975370642896,2000,False,True,False,False,435.28171825408936
0.02,-12.0,4,2,40,3,40042,-260.99630355267453,-286.9999999999998,9.060521410217861,2000,False,True,False,False,435.28171825408936
0.02,-12.0,4,2,40,4,40042,-254.1574369748806,-286.9999999999998,11.443401750912614,1997,True,False,False,False,435.28171825408936
0.02,-12.0,4,2,40,5,40042,-254.15743014116387,-286.9999999999998,11.443404131998582,2000,False,True,False,False,435.28171825408936
0.02,-12.0,4,2,40,6,40042,-260.98921470416866,-286.9999999999998,9.062991392275656,2000,False,True,False,False,435.28171825408936
0.02,-12.0,4,2,40,7,40042,-254.15743675613527,-286.9999999999998,11.443401827130497,2000,False,True,False,False,435.28171825408936
0.02,-10.0,6,3,60,0,40063,-202.5805771343441,-238.9999999999999,15.238252245044265,1409,True,False,False,False,332.2977285385132
0.02,-10.0,6,3,60,1,40063,-198.67816820857365,-238.9999999999999,16.87105932695659,2000,False,True,False,False,332.2977285385132
0.02,-10.0,6,3,60,2,40063,-202.58057715963318,-238.9999999999999,15.238252234463065,1243,True,False,False,False,332.2977285385132
0.02,-10.0,6,3,60,3,40063,-203.77746669711755,-238.9999999999999,14.73746163300517,1666,True,False,False,False,332.2977285385132
0.02,-10.0,6,3,60,4,40063,-203.7774673932009,-238.9999999999999,14.737461341756902,1359,True,False,False,False,332.2977285385132
0.02,-10.0,6,3,60,5,40063,-202.5805770857873,-238.9999999999999,15.238252265360924,1202,True,False,False,False,332.2977285385132
0.02,-10.0,6,3,60,6,40063,-202.58057704170517,-238.9999999999999,15.238252283805329,1302,True,False,False,False,332.2977285385132
0.02,-10.0,6,3,60,7,40063,-203.7774674319583,-238.9999999999999,14.737461325540412,1402,True,False,False,True,332.2977285385132
0.02,-11.0,5,2,40,0,40052,-239.39993363078736,-263.0,8.97340926586032,2000,False,True,False,True,433.7162928581238
0.02,-11.0,5,2,40,1,40052,-229.48286052797664,-263.0,12.744159495065915,2000,False,True,False,False,433.7162928581238
0.02,-11.0,5,2,40,2,40052,-233.00963029076863,-263.0,11.40318239894729,1846,True,False,False,False,433.7162928581238
0.02,-11.0,5,2,40,3,40052,-229.65272391653934,-263.0,12.679572655308235,2000,False,True,False,False,433.7162928581238
0.02,-11.0,5,2,40,4,40052,-227.8771214946622,-263.0,13.35470665602198,2000,False,True,False,False,433.7162928581238
0.02,-11.0,5,2,40,5,40052,-231.09867226086396,-263.0,12.129782410317883,2000,False,True,False,False,433.7162928581238
0.02,-11.0,5,2,40,6,40052,-229.48319023998866,-263.0,12.744034129281879,2000,False,True,False,False,433.7162928581238
0.02,-11.0,5,2,40,7,40052,-235.97234926036904,-263.0,10.276673285030782,2000,False,True,False,False,433.7162928581238
0.02,-12.0,4,3,60,0,40043,-242.78246896878736,-286.9999999999998,15.406805237356256,1739,True,False,False,False,445.32022428512573
0.02,-12.0,4,3,60,1,40043,-242.7824689449196,-286.9999999999998,15.406805245672547,1474,True,False,False,False,445.32022428512573
0.02,-12.0,4,3,60,2,40043,-241.40432440745522,-286.9999999999998,15.886994979980692,1409,True,False,False,False,445.32022428512573
0.02,-12.0,4,3,60,3,40043,-242.63670332738596,-286.9999999999998,15.457594659447334,2000,False,True,False,False,445.32022428512573
0.02,-12.0,4,3,60,4,40043,-242.6392542030143,-286.9999999999998,15.456705852608192,2000,False,True,False,False,445.32022428512573
0.02,-12.0,4,3,60,5,40043,-242.63950600766967,-286.9999999999998,15.456618115794473,2000,False,True,False,False,445.32022428512573
0.02,-12.0,4,3,60,6,40043,-242.63919231569304,-286.9999999999998,15.456727416134763,2000,False,True,False,False,445.32022428512573
0.02,-12.0,4,3,60,7,40043,-246.00561773123172,-286.9999999999998,14.283756888072501,1916,True,False,False,True,445.32022428512573
0.02,-10.0,6,2,40,0,40062,-211.95648206734484,-238.9999999999999,11.315279469730152,2000,False,True,False,False,364.2975585460663
0.02,-10.0,6,2,40,1,40062,-212.05926885241007,-238.9999999999999,11.272272446690303,2000,False,True,False,False,364.2975585460663
0.02,-10.0,6,2,40,2,40062,-217.80343181986373,-238.9999999999999,8.86885697913647,1576,True,False,False,True,364.2975585460663
0.02,-10.0,6,2,40,3,40062,-215.72460059526816,-238.9999999999999,9.738660838799891,1303,True,False,False,False,364.2975585460663
0.02,-10.0,6,2,40,4,40062,-217.8033711709812,-238.9999999999999,8.86888235523795,2000,False,True,False,False,364.2975585460663
0.02,-10.0,6,2,40,5,40062,-217.80343169116725,-238.9999999999999,8.868857032984371,1669,True,False,False,False,364.2975585460663
0.02,-10.0,6,2,40,6,40062,-208.7748529054089,-238.9999999999999,12.646505060498331,1510,True,False,False,False,364.2975585460663
0.02,-10.0,6,2,40,7,40062,-215.7246005242551,-238.9999999999999,9.738660868512468,1392,True,False,False,False,364.2975585460663
0.02,-11.0,5,3,60,0,40053,-219.10052954120673,-263.0,16.69181386265904,1968,True,False,False,False,397.93047881126404
0.02,-11.0,5,3,60,1,40053,-222.68031094265305,-263.0,15.330680249941805,1665,True,False,False,False,397.93047881126404
0.02,-11.0,5,3,60,2,40053,-219.1005301553147,-263.0,16.691813629157913,1837,True,False,False,False,397.93047881126404
0.02,-11.0,5,3,60,3,40053,-225.652145823036,-263.0,14.200705010252474,1705,True,False,False,True,397.93047881126404
0.02,-11.0,5,3,60,4,40053,-222.68031088545288,-263.0,15.33068027169092,1504,True,False,False,False,397.93047881126404
0.02,-11.0,5,3,60,5,40053,-220.03870470825927,-263.0,16.33509326682157,2000,False,True,False,False,397.93047881126404
0.02,-11.0,5,3,60,6,40053,-221.29982698142473,-263.0,15.855579094515312,1258,True,False,False,False,397.93047881126404
0.02,-11.0,5,3,60,7,40053,-222.68031075288536,-263.0,15.330680322096821,1186,True,False,False,False,397.93047881126404
0.02,-9.0,7,1,20,0,40071,-202.70883522551662,-215.00000000000017,5.7168208253411805,2000,False,True,False,False,355.14296889305115
0.02,-9.0,7,1,20,1,40071,-200.24270536952255,-215.00000000000017,6.863857967664003,2000,False,True,False,False,355.14296889305115
0.02,-9.0,7,1,20,2,40071,-202.0815066869542,-215.00000000000017,6.008601540951603,2000,False,True,False,False,355.14296889305115
0.02,-9.0,7,1,20,3,40071,-202.7087979585515,-215.00000000000017,5.716838158813338,2000,False,True,False,False,355.14296889305115
0.02,-9.0,7,1,20,4,40071,-202.70891253278998,-215.00000000000017,5.716784868469851,1796,True,False,False,True,355.14296889305115
0.02,-9.0,7,1,20,5,40071,-202.08150280805032,-215.00000000000017,6.008603345092951,2000,False,True,False,False,355.14296889305115
0.02,-9.0,7,1,20,6,40071,-201.49359961434993,-215.00000000000017,6.282046691000105,2000,False,True,False,False,355.14296889305115
0.02,-9.0,7,1,20,7,40071,-202.08150616517545,-215.00000000000017,6.008601783639398,2000,False,True,False,False,355.14296889305115
0.02,-10.0,6,1,20,0,40061,-225.8411473902836,-238.9999999999999,5.5057960710110025,2000,False,True,False,True,385.1912305355072
0.02,-10.0,6,1,20,1,40061,-225.84093125625841,-238.9999999999999,5.505886503657522,2000,False,True,False,False,385.1912305355072
0.02,-10.0,6,1,20,2,40061,-222.72533494204689,-238.9999999999999,6.809483287846447,1968,True,False,False,False,385.1912305355072
0.02,-10.0,6,1,20,3,40061,-223.89735178290834,-238.9999999999999,6.319099672423242,2000,False,True,False,False,385.1912305355072
0.02,-10.0,6,1,20,4,40061,-224.4855853329426,-238.9999999999999,6.072976848141125,2000,False,True,False,False,385.1912305355072
0.02,-10.0,6,1,20,5,40061,-223.1169197779345,-238.9999999999999,6.645640260278409,2000,False,True,False,False,385.1912305355072
0.02,-10.0,6,1,20,6,40061,-225.23843540751048,-238.9999999999999,5.757976816941177,2000,False,True,False,False,385.1912305355072
0.02,-10.0,6,1,20,7,40061,-224.4834642702428,-238.9999999999999,6.073864322074101,2000,False,True,False,False,385.1912305355072
0.02,-9.0,7,2,40,0,40072,-193.2397880003674,-215.00000000000017,10.121028837038484,1490,True,False,False,True,357.62588691711426
0.02,-9.0,7,2,40,1,40072,-190.9045594058634,-215.00000000000017,11.207181671691508,1370,True,False,False,False,357.62588691711426
0.02,-9.0,7,2,40,2,40072,-193.23978775219132,-215.00000000000017,10.121028952469226,1870,True,False,False,False,357.62588691711426
0.02,-9.0,7,2,40,3,40072,-187.8974478030985,-215.00000000000017,12.605838231117053,2000,False,True,False,False,357.62588691711426
0.02,-9.0,7,2,40,4,40072,-190.90455974014802,-215.00000000000017,11.207181516210294,1799,True,False,False,False,357.62588691711426
0.02,-9.0,7,2,40,5,40072,-185.87782721417707,-215.00000000000017,13.545196644568872,2000,False,True,False,False,357.62588691711426
0.02,-9.0,7,2,40,6,40072,-186.5160762320025,-215.00000000000017,13.24833663627798,2000,False,True,False,False,357.62588691711426
0.02,-9.0,7,2,40,7,40072,-193.23978749097523,-215.00000000000017,10.12102907396508,1390,True,False,False,False,357.62588691711426
0.02,-8.0,8,2,40,0,40082,-168.2352949822882,-191.00000000000006,11.918693726550709,1155,True,False,False,False,326.1781985759735
0.02,-8.0,8,2,40,1,40082,-172.80275687619715,-191.00000000000006,9.527352420839215,1161,True,False,False,False,326.1781985759735
0.02,-8.0,8,2,40,2,40082,-174.61097458330252,-191.00000000000006,8.58064157942279,2000,False,True,False,True,326.1781985759735
0.02,-8.0,8,2,40,3,40082,-169.96608904104525,-191.00000000000006,11.012518826677905,1338,True,False,False,False,326.1781985759735
0.02,-8.0,8,2,40,4,40082,-169.9660889688592,-191.00000000000006,11.012518864471652,1495,True,False,False,False,326.1781985759735
0.02,-8.0,8,2,40,5,40082,-167.02185475834816,-191.00000000000006,12.554002744320364,1226,True,False,False,False,326.1781985759735
0.02,-8.0,8,2,40,6,40082,-167.1831016393668,-191.00000000000006,12.469580293525256,2000,False,True,False,False,326.1781985759735
0.02,-8.0,8,2,40,7,40082,-167.02185527635692,-191.00000000000006,12.55400247311159,1537,True,False,False,False,326.1781985759735
0.02,-9.0,7,3,60,0,40073,-182.42734539999427,-215.00000000000017,15.150071906979479,1522,True,False,False,False,358.3651704788208
0.02,-9.0,7,3,60,1,40073,-182.36107178461677,-215.00000000000017,15.18089684436436,2000,False,True,False,False,358.3651704788208
0.02,-9.0,7,3,60,2,40073,-181.4560678214073,-215.00000000000017,15.601828920275748,1049,True,False,False,False,358.3651704788208
0.02,-9.0,7,3,60,3,40073,-179.6773831986203,-215.00000000000017,16.429124093665042,1395,True,False,False,False,358.3651704788208
0.02,-9.0,7,3,60,4,40073,-179.13161279725654,-215.00000000000017,16.68297079197377,1011,True,False,False,False,358.3651704788208
0.02,-9.0,7,3,60,5,40073,-181.45606771356415,-215.00000000000017,15.601828970435344,1106,True,False,False,False,358.3651704788208
0.02,-9.0,7,3,60,6,40073,-183.47876318510603,-215.00000000000017,14.661040379020518,1797,True,False,False,True,358.3651704788208
0.02,-9.0,7,3,60,7,40073,-181.0985415281611,-215.00000000000017,15.768120219460025,1923,True,False,False,False,358.3651704788208
0.02,-8.0,8,1,20,0,40081,-180.76972536225097,-191.00000000000006,5.356164731805805,2000,False,True,False,True,360.1672444343567
0.02,-8.0,8,1,20,1,40081,-178.65998753892387,-191.00000000000006,6.460739508416849,2000,False,True,False,False,360.1672444343567
0.02,-8.0,8,1,20,2,40081,-178.33747899759373,-191.00000000000006,6.629592147856711,2000,False,True,False,False,360.1672444343567
0.02,-8.0,8,1,20,3,40081,-178.66053904576933,-191.00000000000006,6.460450761377344,2000,False,True,False,False,360.1672444343567
0.02,-8.0,8,1,20,4,40081,-179.67744989036976,-191.00000000000006,5.92803670661272,2000,False,True,False,False,360.1672444343567
0.02,-8.0,8,1,20,5,40081,-180.76306812346724,-191.00000000000006,5.359650197137602,2000,False,True,False,False,360.1672444343567
0.02,-8.0,8,1,20,6,40081,-179.6156587774812,-191.00000000000006,5.9603880746172,2000,False,True,False,False,360.1672444343567
0.02,-8.0,8,1,20,7,40081,-179.6439029511586,-191.00000000000006,5.945600549131655,2000,False,True,False,False,360.1672444343567
0.02,-7.0,9,2,40,0,40092,-149.10484081715992,-166.99999999999986,10.715664181341285,2000,False,True,False,False,327.0221028327942
0.02,-7.0,9,2,40,1,40092,-148.17975884446642,-166.99999999999986,11.269605482355361,1401,True,False,False,False,327.0221028327942
0.02,-7.0,9,2,40,2,40092,-153.01505558016262,-166.99999999999986,8.374218215471405,973,True,False,False,True,327.0221028327942
0.02,-7.0,9,2,40,3,40092,-153.01505555665335,-166.99999999999986,8.374218229548813,1367,True,False,False,False,327.0221028327942
0.02,-7.0,9,2,40,4,40092,-144.3630668695227,-166.99999999999986,13.55504977872885,2000,False,True,False,False,327.0221028327942
0.02,-7.0,9,2,40,5,40092,-149.10229231218477,-166.99999999999986,10.717190232224612,2000,False,True,False,False,327.0221028327942
0.02,-7.0,9,2,40,6,40092,-151.341835203615,-166.99999999999986,9.376146584661596,980,True,False,False,False,327.0221028327942
0.02,-7.0,9,2,40,7,40092,-146.42171102747287,-166.99999999999986,12.322328726064077,2000,False,True,False,False,327.0221028327942
0.02,-8.0,8,3,60,0,40083,-162.27318875205165,-191.00000000000006,15.040215313061989,2000,False,True,False,False,361.9213373661041
0.02,-8.0,8,3,60,1,40083,-161.00238207744349,-191.00000000000006,15.705559121757362,1420,True,False,False,False,361.9213373661041
0.02,-8.0,8,3,60,2,40083,-159.147154718751,-191.00000000000006,16.676882346203683,1627,True,False,False,False,361.9213373661041
0.02,-8.0,8,3,60,3,40083,-161.00238254229524,-191.00000000000006,15.705558878379483,1089,True,False,False,False,361.9213373661041
0.02,-8.0,8,3,60,4,40083,-159.8229400123832,-191.00000000000006,16.323068056343892,1541,True,False,False,False,361.9213373661041
0.02,-8.0,8,3,60,5,40083,-163.18005902725582,-191.00000000000006,14.565414121855616,1539,True,False,False,True,361.9213373661041
0.02,-8.0,8,3,60,6,40083,-162.273191821542,-191.00000000000006,15.04021370599897,1943,True,False,False,False,361.9213373661041
0.02,-8.0,8,3,60,7,40083,-162.38941601692378,-191.00000000000006,14.979363341924751,1402,True,False,False,False,361.9213373661041
0.02,-7.0,9,1,20,0,40091,-156.57256303773013,-166.99999999999986,6.243974228904031,2000,False,True,False,False,363.0177538394928
0.02,-7.0,9,1,20,1,40091,-157.17978388838392,-166.99999999999986,5.880368929111343,2000,False,True,False,False,363.0177538394928
0.02,-7.0,9,1,20,2,40091,-158.05871111035765,-166.99999999999986,5.354065203378573,2000,False,True,False,True,363.0177538394928
0.02,-7.0,9,1,20,3,40091,-157.24698280838192,-166.99999999999986,5.840130054861048,2000,False,True,False,False,363.0177538394928
0.02,-7.0,9,1,20,4,40091,-157.27398296544945,-166.99999999999986,5.8239622961379744,2000,False,True,False,False,363.0177538394928
0.02,-7.0,9,1,20,5,40091,-157.01433231450173,-166.99999999999986,5.979441727843196,2000,False,True,False,False,363.0177538394928
0.02,-7.0,9,1,20,6,40091,-156.04827265609174,-166.99999999999986,6.557920565214448,2000,False,True,False,False,363.0177538394928
0.02,-7.0,9,1,20,7,40091,-157.64983581816014,-166.99999999999986,5.598900707688458,2000,False,True,False,False,363.0177538394928
0.02,-6.0,10,3,60,0,40103,-122.2112054424079,-143.00000000000034,14.53761857174293,1138,True,False,False,False,265.45314955711365
0.02,-6.0,10,3,60,1,40103,-122.21120545108184,-143.00000000000034,14.53761856567724,725,True,False,False,False,265.45314955711365
0.02,-6.0,10,3,60,2,40103,-123.90365190793888,-143.00000000000034,13.354089574868123,1245,True,False,False,False,265.45314955711365
0.02,-6.0,10,3,60,3,40103,-123.90365196415607,-143.00000000000034,13.354089535555403,1063,True,False,False,True,265.45314955711365
0.02,-6.0,10,3,60,4,40103,-123.90365179434133,-143.00000000000034,13.35408965430697,1184,True,False,False,False,265.45314955711365
0.02,-6.0,10,3,60,5,40103,-122.10583948041541,-143.00000000000034,14.61130106264677,1660,True,False,False,False,265.45314955711365
0.02,-6.0,10,3,60,6,40103,-122.21120547280752,-143.00000000000034,14.537618550484455,956,True,False,False,False,265.45314955711365
0.02,-6.0,10,3,60,7,40103,-123.9036519405097,-143.00000000000034,13.354089552091322,1262,True,False,False,False,265.45314955711365
0.02,-7.0,9,3,60,0,40093,-144.25065916197573,-166.99999999999986,13.622359783247989,1293,True,False,False,True,333.31850361824036
0.02,-7.0,9,3,60,1,40093,-144.25065903621825,-166.99999999999986,13.622359858551873,1273,True,False,False,False,333.31850361824036
0.02,-7.0,9,3,60,2,40093,-144.25065903912986,-166.99999999999986,13.622359856808394,1596,True,False,False,False,333.31850361824036
0.02,-7.0,9,3,60,3,40093,-144.25065904944833,-166.99999999999986,13.62235985062967,1114,True,False,False,False,333.31850361824036
0.02,-7.0,9,3,60,4,40093,-142.1879938648429,-166.99999999999986,14.857488703686816,2000,False,True,False,False,333.31850361824036
0.02,-7.0,9,3,60,5,40093,-142.29854601654733,-166.99999999999986,14.791289810450625,1478,True,False,False,False,333.31850361824036
0.02,-7.0,9,3,60,6,40093,-140.90967330896805,-166.99999999999986,15.622950114390315,1202,True,False,False,False,333.31850361824036
0.02,-7.0,9,3,60,7,40093,-139.9745023741212,-166.99999999999986,16.182932710107004,1590,True,False,False,False,333.31850361824036
0.02,-6.0,10,1,20,0,40101,-134.76648960441264,-143.00000000000034,5.7576995773340425,2000,False,True,False,False,346.30160570144653
0.02,-6.0,10,1,20,1,40101,-134.870557516205,-143.00000000000034,5.684924813842884,2000,False,True,False,False,346.30160570144653
0.02,-6.0,10,1,20,2,40101,-134.8442915063864,-143.00000000000034,5.7032926528768595,2000,False,True,False,False,346.30160570144653
0.02,-6.0,10,1,20,3,40101,-133.42626440178958,-143.00000000000034,6.694919998748768,2000,False,True,False,False,346.30160570144653
0.02,-6.0,10,1,20,4,40101,-135.12022018147852,-143.00000000000034,5.510335537427837,2000,False,True,False,False,346.30160570144653
0.02,-6.0,10,1,20,5,40101,-134.18428743633098,-143.00000000000034,6.1648339606079325,1409,True,False,False,False,346.30160570144653
0.02,-6.0,10,1,20,6,40101,-135.12030728367182,-143.00000000000034,5.510274626803148,1832,True,False,False,True,346.30160570144653
0.02,-6.0,10,1,20,7,40101,-134.87055675303083,-143.00000000000034,5.684925347531116,2000,False,True,False,False,346.30160570144653
0.02,-6.0,10,2,40,0,40102,-125.66236296044724,-143.00000000000034,12.124221705981162,2000,False,True,False,False,343.8575406074524
0.02,-6.0,10,2,40,1,40102,-127.75647848429061,-143.00000000000034,10.659805255741045,1089,True,False,False,False,343.8575406074524
0.02,-6.0,10,2,40,2,40102,-131.41934063827566,-143.00000000000034,8.098363190017242,1160,True,False,False,False,343.8575406074524
0.02,-6.0,10,2,40,3,40102,-125.6631714622551,-143.00000000000034,12.123656320101544,2000,False,True,False,False,343.8575406074524
0.02,-6.0,10,2,40,4,40102,-129.88091312068985,-143.00000000000034,9.174186628888432,2000,False,True,False,False,343.8575406074524
0.02,-6.0,10,2,40,5,40102,-131.4193406019179,-143.00000000000034,8.09836321544225,1561,True,False,False,False,343.8575406074524
0.02,-6.0,10,2,40,6,40102,-131.4193407623525,-143.00000000000034,8.098363103250215,1477,True,False,False,True,343.8575406074524
0.02,-6.0,10,2,40,7,40102,-126.33596784292546,-143.00000000000034,11.653169340611779,1361,True,False,False,False,343.8575406074524
0.02,-5.0,11,3,60,0,40113,-102.12768900717518,-123.56603968487642,17.349710917639076,1057,True,False,False,False,279.0765931606293
0.02,-5.0,11,3,60,1,40113,-102.28394619153524,-123.56603968487642,17.223254502301536,1010,True,False,False,False,279.0765931606293
0.02,-5.0,11,3,60,2,40113,-97.26617821332877,-123.56603968487642,21.28405307689614,1786,True,False,False,False,279.0765931606293
0.02,-5.0,11,3,60,3,40113,-102.2839462641127,-123.56603968487642,17.223254443565768,1236,True,False,False,True,279.0765931606293
0.02,-5.0,11,3,60,4,40113,-100.29858077553872,-123.56603968487642,18.829978664587287,1117,True,False,False,False,279.0765931606293
0.02,-5.0,11,3,60,5,40113,-102.28394619422932,-123.56603968487642,17.22325450012126,820,True,False,False,False,279.0765931606293
0.02,-5.0,11,3,60,6,40113,-100.0135144815237,-123.56603968487642,19.060678211762237,1142,True,False,False,False,279.0765931606293
0.02,-5.0,11,3,60,7,40113,-102.0269640141809,-123.56603968487642,17.43122602749543,1553,True,False,False,False,279.0765931606293
0.02,-5.0,11,2,40,0,40112,-109.82383462556322,-123.56603968487642,11.121344581698315,1082,True,False,False,False,332.9763159751892
0.02,-5.0,11,2,40,1,40112,-109.82383459372116,-123.56603968487642,11.121344607467583,1160,True,False,False,False,332.9763159751892
0.02,-5.0,11,2,40,2,40112,-109.82383463275887,-123.56603968487642,11.121344575874991,1116,True,False,False,True,332.9763159751892
0.02,-5.0,11,2,40,3,40112,-108.6151106689422,-123.56603968487642,12.09954535571646,2000,False,True,False,False,332.9763159751892
0.02,-5.0,11,2,40,4,40112,-108.41999160572111,-123.56603968487642,12.257452061894538,1347,True,False,False,False,332.9763159751892
0.02,-5.0,11,2,40,5,40112,-103.84109508864232,-123.56603968487642,15.963079051928444,2000,False,True,False,False,332.9763159751892
0.02,-5.0,11,2,40,6,40112,-108.41999160804795,-123.56603968487642,12.257452060011461,1562,True,False,False,False,332.9763159751892
0.02,-5.0,11,2,40,7,40112,-108.63382159957085,-123.56603968487642,12.084402901789494,2000,False,True,False,False,332.9763159751892
0.02,-5.0,11,1,20,0,40111,-111.16551583352373,-123.56603968487642,10.035543651780904,2000,False,True,False,False,373.4789311885834
0.02,-5.0,11,1,20,1,40111,-113.47474728195024,-123.56603968487642,8.166719940738922,2000,False,True,False,True,373.4789311885834
0.02,-5.0,11,1,20,2,40111,-112.46735546145975,-123.56603968487642,8.981985869030863,1707,True,False,False,False,373.4789311885834
0.02,-5.0,11,1,20,3,40111,-113.46517157299958,-123.56603968487642,8.174469407319775,2000,False,True,False,False,373.4789311885834
0.02,-5.0,11,1,20,4,40111,-113.47464413042267,-123.56603968487642,8.166803419604014,2000,False,True,False,False,373.4789311885834
0.02,-5.0,11,1,20,5,40111,-112.59050689683302,-123.56603968487642,8.882321401603292,2000,False,True,False,False,373.4789311885834
0.02,-5.0,11,1,20,6,40111,-112.78197047477157,-123.56603968487642,8.727373020618657,2000,False,True,False,False,373.4789311885834
0.02,-5.0,11,1,20,7,40111,-113.45822271578567,-123.56603968487642,8.180093005220652,2000,False,True,False,False,373.4789311885834
0.02,-4.0,12,1,20,0,40121,-97.46822702407027,-107.56603968487627,9.387547120251325,2000,False,True,False,False,379.51345229148865
0.02,-4.0,12,1,20,1,40121,-97.54574792081877,-107.56603968487627,9.31547893128053,2000,False,True,False,False,379.51345229148865
0.02,-4.0,12,1,20,2,40121,-92.057282811045,-107.56603968487627,14.4178933418628,2000,False,True,False,False,379.51345229148865
0.02,-4.0,12,1,20,3,40121,-97.2364825968425,-107.56603968487627,9.602990979583398,1893,True,False,False,False,379.51345229148865
0.02,-4.0,12,1,20,4,40121,-96.97784720307422,-107.56603968487627,9.843434333755386,2000,False,True,False,False,379.51345229148865
0.02,-4.0,12,1,20,5,40121,-97.06030826345696,-107.56603968487627,9.766773465116623,2000,False,True,False,False,379.51345229148865
0.02,-4.0,12,1,20,6,40121,-97.61490565353238,-107.56603968487627,9.25118565348002,2000,False,True,False,True,379.51345229148865
0.02,-4.0,12,1,20,7,40121,-97.54356817588938,-107.56603968487627,9.317505356103624,2000,False,True,False,False,379.51345229148865
0.02,-3.0,13,1,20,0,40131,-81.30840201518166,-91.56603968487632,11.202447659630387,2000,False,True,False,False,376.6457898616791
0.02,-3.0,13,1,20,1,40131,-81.34084318473381,-91.56603968487632,11.167018400416161,2000,False,True,False,False,376.6457898616791
0.02,-3.0,13,1,20,2,40131,-81.50861381777807,-91.56603968487632,10.983794758090209,2000,False,True,False,False,376.6457898616791
0.02,-3.0,13,1,20,3,40131,-81.23067986867753,-91.56603968487632,11.287328633812093,2000,False,True,False,False,376.6457898616791
0.02,-3.0,13,1,20,4,40131,-81.16764081858074,-91.56603968487632,11.356174081659066,2000,False,True,False,False,376.6457898616791
0.02,-3.0,13,1,20,5,40131,-81.62761924690841,-91.56603968487632,10.85382798270067,2000,False,True,False,False,376.6457898616791
0.02,-3.0,13,1,20,6,40131,-81.14948259821246,-91.56603968487632,11.376004818502954,2000,False,True,False,False,376.6457898616791
0.02,-3.0,13,1,20,7,40131,-81.64142166093373,-91.56603968487632,10.838754256597825,2000,False,True,False,True,376.6457898616791
0.02,-2.0,14,1,20,0,40141,-65.6398558459403,-75.56603968487632,13.135773530450908,2000,False,True,False,False,360.2401008605957
0.02,-2.0,14,1,20,1,40141,-65.60635273433029,-75.56603968487632,13.180109731937359,2000,False,True,False,False,360.2401008605957
0.02,-2.0,14,1,20,2,40141,-65.54766616081469,-75.56603968487632,13.257772361552902,2000,False,True,False,False,360.2401008605957
0.02,-2.0,14,1,20,3,40141,-65.93165265412583,-75.56603968487632,12.749625454671937,2000,False,True,False,True,360.2401008605957
0.02,-2.0,14,1,20,4,40141,-65.62967346127542,-75.56603968487632,13.149248346264136,2000,False,True,False,False,360.2401008605957
0.02,-2.0,14,1,20,5,40141,-65.74572425113735,-75.56603968487632,12.995673022817408,2000,False,True,False,False,360.2401008605957
0.02,-2.0,14,1,20,6,40141,-65.72119424494032,-75.56603968487632,13.028134703089817,2000,False,True,False,False,360.2401008605957
0.02,-2.0,14,1,20,7,40141,-65.74652975698923,-75.56603968487632,12.994607060044656,2000,False,True,False,False,360.2401008605957
0.02,-4.0,12,2,40,0,40122,-86.95906921437324,-107.56603968487627,19.157505966448962,1165,True,False,False,False,408.3313629627228
0.02,-4.0,12,2,40,1,40122,-90.50143654217149,-107.56603968487627,15.86430363402517,2000,False,True,False,False,408.3313629627228
0.02,-4.0,12,2,40,2,40122,-92.49807289027851,-107.56603968487627,14.008107799395269,2000,False,True,False,True,408.3313629627228
0.02,-4.0,12,2,40,3,40122,-91.75962169106836,-107.56603968487627,14.694617409095043,2000,False,True,False,False,408.3313629627228
0.02,-4.0,12,2,40,4,40122,-87.31546225759982,-107.56603968487627,18.82618109451851,1944,True,False,False,False,408.3313629627228
0.02,-4.0,12,2,40,5,40122,-92.43029809431354,-107.56603968487627,14.071115414218236,2000,False,True,False,False,408.3313629627228
0.02,-4.0,12,2,40,6,40122,-92.49027085696078,-107.56603968487627,14.015361048971611,2000,False,True,False,False,408.3313629627228
0.02,-4.0,12,2,40,7,40122,-92.49205583495493,-107.56603968487627,14.013701623748393,2000,False,True,False,False,408.3313629627228
0.02,-1.0,15,1,20,0,40151,-49.99844986309144,-59.5660396848763,16.06215533616222,2000,False,True,False,False,357.3616919517517
0.02,-1.0,15,1,20,1,40151,-49.98078932758047,-59.5660396848763,16.091804001080014,2000,False,True,False,False,357.3616919517517
0.02,-1.0,15,1,20,2,40151,-49.98072249806485,-59.5660396848763,16.091916195068354,2000,False,True,False,False,357.3616919517517
0.02,-1.0,15,1,20,3,40151,-49.67712794615737,-59.5660396848763,16.60159344323458,2000,False,True,False,False,357.3616919517517
0.02,-1.0,15,1,20,4,40151,-49.6733088007679,-59.5660396848763,16.608005058661217,2000,False,True,False,False,357.3616919517517
0.02,-1.0,15,1,20,5,40151,-50.11178994115825,-59.5660396848763,15.871878999735594,2000,False,True,False,True,357.3616919517517
0.02,-1.0,15,1,20,6,40151,-50.005078559181314,-59.5660396848763,16.05102702189969,2000,False,True,False,False,357.3616919517517
0.02,-1.0,15,1,20,7,40151,-50.00320391101436,-59.5660396848763,16.05417419800351,2000,False,True,False,False,357.3616919517517
0.02,-3.0,13,2,40,0,40132,-76.39522223779814,-91.56603968487632,16.56817036019949,2000,False,True,False,False,409.19739866256714
0.02,-3.0,13,2,40,1,40132,-71.53957162509997,-91.56603968487632,21.871065002589667,2000,False,True,False,False,409.19739866256714
0.02,-3.0,13,2,40,2,40132,-75.05984812094702,-91.56603968487632,18.02654305104294,2000,False,True,False,False,409.19739866256714
0.02,-3.0,13,2,40,3,40132,-76.38959724637041,-91.56603968487632,16.574313458063152,2000,False,True,False,False,409.19739866256714
0.02,-3.0,13,2,40,4,40132,-75.07459516608108,-91.56603968487632,18.01043768579529,2000,False,True,False,False,409.19739866256714
0.02,-3.0,13,2,40,5,40132,-76.41237019246356,-91.56603968487632,16.54944294256252,2000,False,True,False,True,409.19739866256714
0.02,-3.0,13,2,40,6,40132,-76.27972293078051,-91.56603968487632,16.69430807175185,2000,False,True,False,False,409.19739866256714
0.02,-3.0,13,2,40,7,40132,-75.07458054005397,-91.56603968487632,18.01045365899579,2000,False,True,False,False,409.19739866256714
0.02,-2.0,14,2,40,0,40142,-60.37947687144654,-75.56603968487632,20.097073866462253,2000,False,True,False,True,412.41643381118774
0.02,-2.0,14,2,40,1,40142,-60.14080460641719,-75.56603968487632,20.412919802050062,2000,False,True,False,False,412.41643381118774
0.02,-2.0,14,2,40,2,40142,-60.3793276223547,-75.56603968487632,20.097271374618646,2000,False,True,False,False,412.41643381118774
0.02,-2.0,14,2,40,3,40142,-59.66171892111556,-75.56603968487632,21.04691582367499,2000,False,True,False,False,412.41643381118774
0.02,-2.0,14,2,40,4,40142,-60.363768100739,-75.56603968487632,20.11786200194355,2000,False,True,False,False,412.41643381118774
0.02,-2.0,14,2,40,5,40142,-60.379225418998,-75.56603968487632,20.09740662499981,2000,False,True,False,False,412.41643381118774
0.02,-2.0,14,2,40,6,40142,-60.21852123893659,-75.56603968487632,20.310073824090267,1785,True,False,False,False,412.41643381118774
0.02,-2.0,14,2,40,7,40142,-50.97342235872161,-75.56603968487632,32.5445364461473,1694,True,False,False,False,412.41643381118774
0.02,0.0,16,1,20,0,40161,-34.31519275007389,-43.56603968487638,21.234078198789895,2000,False,True,False,False,350.8000416755676
0.02,0.0,16,1,20,1,40161,-32.0087366580766,-43.56603968487638,26.528238762110412,2000,False,True,False,False,350.8000416755676
0.02,0.0,16,1,20,2,40161,-34.37742064510778,-43.56603968487638,21.09124241320093,2000,False,True,False,True,350.8000416755676
0.02,0.0,16,1,20,3,40161,-34.151673857318336,-43.56603968487638,21.609413882130234,2000,False,True,False,False,350.8000416755676
0.02,0.0,16,1,20,4,40161,-34.32162336636308,-43.56603968487638,21.21931758172279,2000,False,True,False,False,350.8000416755676
0.02,0.0,16,1,20,5,40161,-32.03828180038217,-43.56603968487638,26.46042185123377,2000,False,True,False,False,350.8000416755676
0.02,0.0,16,1,20,6,40161,-33.956690546464834,-43.56603968487638,22.05697191647043,2000,False,True,False,False,350.8000416755676
0.02,0.0,16,1,20,7,40161,-34.27518805881747,-43.56603968487638,21.32590360120376,2000,False,True,False,False,350.8000416755676
0.02,-4.0,12,3,60,0,40123,-84.47660140283743,-107.56603968487627,21.46536058190976,2000,False,True,False,True,471.97156167030334
0.02,-4.0,12,3,60,1,40123,-84.47570112875842,-107.56603968487627,21.466197532011904,2000,False,True,False,False,471.97156167030334
0.02,-4.0,12,3,60,2,40123,-84.47059867976594,-107.56603968487627,21.470941082120678,2000,False,True,False,False,471.97156167030334
0.02,-4.0,12,3,60,3,40123,-84.47350630753199,-107.56603968487627,21.4682379726871,2000,False,True,False,False,471.97156167030334
0.02,-4.0,12,3,60,4,40123,-84.47565628790436,-107.56603968487627,21.46623921882513,2000,False,True,False,False,471.97156167030334
0.02,-4.0,12,3,60,5,40123,-83.45661963086206,-107.56603968487627,22.41359831099553,1983,True,False,False,False,471.97156167030334
0.02,-4.0,12,3,60,6,40123,-83.45660818591024,-107.56603968487627,22.413608950925994,2000,False,True,False,False,471.97156167030334
0.02,-4.0,12,3,60,7,40123,-84.46906367930865,-107.56603968487627,21.472368112865503,2000,False,True,False,False,471.97156167030334
0.02,-3.0,13,3,60,0,40133,-64.43611962126441,-91.56603968487632,29.62880141696559,2000,False,True,False,False,451.6120693683624
0.02,-3.0,13,3,60,1,40133,-68.01553110338214,-91.56603968487632,25.71969767671839,1970,True,False,False,False,451.6120693683624
0.02,-3.0,13,3,60,2,40133,-68.80229177315327,-91.56603968487632,24.860470093567738,2000,False,True,False,False,451.6120693683624
0.02,-3.0,13,3,60,3,40133,-68.80324961557568,-91.56603968487632,24.859424026242227,1219,True,False,False,True,451.6120693683624
0.02,-3.0,13,3,60,4,40133,-68.80285946308648,-91.56603968487632,24.85985011487787,2000,False,True,False,False,451.6120693683624
0.02,-3.0,13,3,60,5,40133,-68.80305230232773,-91.56603968487632,24.859639513609196,2000,False,True,False,False,451.6120693683624
0.02,-3.0,13,3,60,6,40133,-68.01553043995357,-91.56603968487632,25.719698401254014,2000,False,True,False,False,451.6120693683624
0.02,-3.0,13,3,60,7,40133,-68.67022940172893,-91.56603968487632,25.00469645945495,2000,False,True,False,False,451.6120693683624
0.02,-2.0,14,3,60,0,40143,-52.678580455477835,-75.56603968487632,30.288022668441027,2000,False,True,False,False,432.75472116470337
0.02,-2.0,14,3,60,1,40143,-50.18100670215542,-75.56603968487632,33.593176364119316,1306,True,False,False,False,432.75472116470337
0.02,-2.0,14,3,60,2,40143,-52.92535430481071,-75.56603968487632,29.961455535424708,2000,False,True,False,False,432.75472116470337
0.02,-2.0,14,3,60,3,40143,-53.19932104936844,-75.56603968487632,29.598902799168812,2000,False,True,False,True,432.75472116470337
0.02,-2.0,14,3,60,4,40143,-52.92561087247847,-75.56603968487632,29.961116007683366,2000,False,True,False,False,432.75472116470337
0.02,-2.0,14,3,60,5,40143,-50.18103239303998,-75.56603968487632,33.59314236619556,1359,True,False,False,False,432.75472116470337
0.02,-2.0,14,3,60,6,40143,-52.91429193718295,-75.56603968487632,29.976094872981484,2000,False,True,False,False,432.75472116470337
0.02,-2.0,14,3,60,7,40143,-52.67808816036087,-75.56603968487632,30.288674145108345,2000,False,True,False,False,432.75472116470337
0.02,-1.0,15,2,40,0,40152,-44.09592611871321,-59.5660396848763,25.971364972398735,2000,False,True,False,False,401.29951643943787
0.02,-1.0,15,2,40,1,40152,-44.38704040830519,-59.5660396848763,25.482639700193175,2000,False,True,False,False,401.29951643943787
0.02,-1.0,15,2,40,2,40152,-44.404701509907426,-59.5660396848763,25.452990084916305,2000,False,True,False,False,401.29951643943787
0.02,-1.0,15,2,40,3,40152,-44.264303884236604,-59.5660396848763,25.688690874180743,2000,False,True,False,False,401.29951643943787
0.02,-1.0,15,2,40,4,40152,-44.40497287620434,-59.5660396848763,25.45253451275077,2000,False,True,False,False,401.29951643943787
0.02,-1.0,15,2,40,5,40152,-44.46809830154579,-59.5660396848763,25.346558984286226,2000,False,True,False,True,401.29951643943787
0.02,-1.0,15,2,40,6,40152,-44.40682614121673,-59.5660396848763,25.449423234878015,2000,False,True,False,False,401.29951643943787
0.02,-1.0,15,2,40,7,40152,-44.467800342200206,-59.5660396848763,25.347059201099633,2000,False,True,False,False,401.29951643943787
0.02,0.0,16,2,40,0,40162,-28.059568192293163,-43.56603968487638,35.593025220436026,2000,False,True,False,False,400.3008773326874
0.02,0.0,16,2,40,1,40162,-28.72356176469012,-43.56603968487638,34.06891704535336,2000,False,True,False,False,400.3008773326874
0.02,0.0,16,2,40,2,40162,-27.53889433309815,-43.56603968487638,36.78816221925706,2000,False,True,False,False,400.3008773326874
0.02,0.0,16,2,40,3,40162,-29.121418436723573,-43.56603968487638,33.155690424546776,2000,False,True,False,False,400.3008773326874
0.02,0.0,16,2,40,4,40162,-28.731193214814773,-43.56603968487638,34.05140007530088,2000,False,True,False,False,400.3008773326874
0.02,0.0,16,2,40,5,40162,-27.84993562115718,-43.56603968487638,36.07420866665309,2000,False,True,False,False,400.3008773326874
0.02,0.0,16,2,40,6,40162,-29.1490573428914,-43.56603968487638,33.09224902301534,2000,False,True,False,True,400.3008773326874
0.02,0.0,16,2,40,7,40162,-28.017600452128633,-43.56603968487638,35.68935653828839,2000,False,True,False,False,400.3008773326874
0.02,1.0,17,1,20,0,40171,-22.139098889405318,-35.56603968487631,37.752139159819095,2000,False,True,False,False,347.91460394859314
0.02,1.0,17,1,20,1,40171,-21.306061048784628,-35.56603968487631,40.09436744275869,2000,False,True,False,False,347.91460394859314
0.02,1.0,17,1,20,2,40171,-21.458536170668832,-35.56603968487631,39.665657574482175,2000,False,True,False,False,347.91460394859314
0.02,1.0,17,1,20,3,40171,-22.11688797428283,-35.56603968487631,37.81458894427439,2000,False,True,False,False,347.91460394859314
0.02,1.0,17,1,20,4,40171,-22.202129350694,-35.56603968487631,37.57491824389158,2000,False,True,False,True,347.91460394859314
0.02,1.0,17,1,20,5,40171,-21.847649072303696,-35.56603968487631,38.5716001391239,2000,False,True,False,False,347.91460394859314
0.02,1.0,17,1,20,6,40171,-22.03360365080005,-35.56603968487631,38.04875705582321,2000,False,True,False,False,347.91460394859314
0.02,1.0,17,1,20,7,40171,-21.785910580629704,-35.56603968487631,38.74518846163889,2000,False,True,False,False,347.91460394859314
0.02,-1.0,15,3,60,0,40153,-36.909408419610095,-59.5660396848763,38.036155139954154,1716,True,False,False,False,436.99524116516113
0.02,-1.0,15,3,60,1,40153,-37.6986974362489,-59.5660396848763,36.71108968182667,2000,False,True,False,False,436.99524116516113
0.02,-1.0,15,3,60,2,40153,-37.44358653643419,-59.5660396848763,37.139372141369606,2000,False,True,False,False,436.99524116516113
0.02,-1.0,15,3,60,3,40153,-36.909324956224445,-59.5660396848763,38.03629525903222,2000,False,True,False,False,436.99524116516113
0.02,-1.0,15,3,60,4,40153,-37.698717188753356,-59.5660396848763,36.71105652114558,1844,True,False,False,True,436.99524116516113
0.02,-1.0,15,3,60,5,40153,-37.23729347556442,-59.5660396848763,37.48569877641388,2000,False,True,False,False,436.99524116516113
0.02,-1.0,15,3,60,6,40153,-37.224295371302034,-59.5660396848763,37.50752011006499,2000,False,True,False,False,436.99524116516113
0.02,-1.0,15,3,60,7,40153,-37.157968933605545,-59.5660396848763,37.61886952669126,2000,False,True,False,False,436.99524116516113
0.02,0.0,16,3,60,0,40163,-21.817224024704952,-43.56603968487638,49.92148888787191,2000,False,True,False,False,450.14755725860596
0.02,0.0,16,3,60,1,40163,-21.916215733929068,-43.56603968487638,49.69426669843228,2000,False,True,False,False,450.14755725860596
0.02,0.0,16,3,60,2,40163,-21.58040061211213,-43.56603968487638,50.465085263181265,2000,False,True,False,False,450.14755725860596
0.02,0.0,16,3,60,3,40163,-21.865902545212396,-43.56603968487638,49.80975387394926,2000,False,True,False,False,450.14755725860596
0.02,0.0,16,3,60,4,40163,-22.535245842616096,-43.56603968487638,48.273366122743916,2000,False,True,False,True,450.14755725860596
0.02,0.0,16,3,60,5,40163,-21.6682662803206,-43.56603968487638,50.26340140840808,2000,False,True,False,False,450.14755725860596
0.02,0.0,16,3,60,6,40163,-21.61166429240376,-43.56603968487638,50.39332367888816,2000,False,True,False,False,450.14755725860596
0.02,0.0,16,3,60,7,40163,-21.617030092719332,-43.56603968487638,50.381007204050455,2000,False,True,False,False,450.14755725860596
0.02,1.0,17,2,40,0,40172,-17.294929353104934,-35.56603968487631,51.37234984175303,2000,False,True,False,False,407.9266595840454
0.02,1.0,17,2,40,1,40172,-17.61567129161056,-35.56603968487631,50.47052905611742,2000,False,True,False,False,407.9266595840454
0.02,1.0,17,2,40,2,40172,-17.57451854747663,-35.56603968487631,50.58623703063062,2000,False,True,False,False,407.9266595840454
0.02,1.0,17,2,40,3,40172,-16.85001212547171,-35.56603968487631,52.62331067848183,2000,False,True,False,False,407.9266595840454
0.02,1.0,17,2,40,4,40172,-17.849288812148746,-35.56603968487631,49.81367346407486,2000,False,True,False,True,407.9266595840454
0.02,1.0,17,2,40,5,40172,-17.05319883000074,-35.56603968487631,52.05201652729347,2000,False,True,False,False,407.9266595840454
0.02,1.0,17,2,40,6,40172,-16.35040983314394,-35.56603968487631,54.02802792210627,2000,False,True,False,False,407.9266595840454
0.02,1.0,17,2,40,7,40172,-16.013833431296355,-35.56603968487631,54.9743700080673,2000,False,True,False,False,407.9266595840454
0.02,2.0,18,1,20,0,40181,-12.996954533610547,-27.566039684876316,52.85157141835965,2000,False,True,False,False,348.5232844352722
0.02,2.0,18,1,20,1,40181,-12.936877367339841,-27.566039684876316,53.06951047292636,2000,False,True,False,False,348.5232844352722
0.02,2.0,18,1,20,2,40181,-13.17007990529166,-27.566039684876316,52.22353281121763,2000,False,True,False,False,348.5232844352722
0.02,2.0,18,1,20,3,40181,-12.52802320262822,-27.566039684876316,54.552691116157945,2000,False,True,False,False,348.5232844352722
0.02,2.0,18,1,20,4,40181,-13.013497704093417,-27.566039684876316,52.79155855226795,2000,False,True,False,False,348.5232844352722
0.02,2.0,18,1,20,5,40181,-13.41122289453782,-27.566039684876316,51.34874995520056,2000,False,True,False,True,348.5232844352722
0.02,2.0,18,1,20,6,40181,-12.92054683321425,-27.566039684876316,53.128751968303554,2000,False,True,False,False,348.5232844352722
0.02,2.0,18,1,20,7,40181,-12.243297717836377,-27.566039684876316,55.58557610089535,2000,False,True,False,False,348.5232844352722
0.02,1.0,17,3,60,0,40173,-11.401636931658835,-35.56603968487631,67.94234884547144,2000,False,True,False,False,445.27892994880676
0.02,1.0,17,3,60,1,40173,-11.67329838549952,-35.56603968487631,67.17852623196802,2000,False,True,False,False,445.27892994880676
0.02,1.0,17,3,60,2,40173,-10.216483519551382,-35.56603968487631,71.27461024597652,2000,False,True,False,False,445.27892994880676
0.02,1.0,17,3,60,3,40173,-10.571523647590208,-35.56603968487631,70.27635423776036,2000,False,True,False,False,445.27892994880676
0.02,1.0,17,3,60,4,40173,-11.40003801698233,-35.56603968487631,67.94684446739244,2000,False,True,False,False,445.27892994880676
0.02,1.0,17,3,60,5,40173,-10.747193865586615,-35.56603968487631,69.78242739194651,2000,False,True,False,False,445.27892994880676
0.02,1.0,17,3,60,6,40173,-11.841382083698354,-35.56603968487631,66.70593018335508,2000,False,True,False,True,445.27892994880676
0.02,1.0,17,3,60,7,40173,-11.835866502699359,-35.56603968487631,66.72143818213107,2000,False,True,False,False,445.27892994880676
0.02,2.0,18,2,40,0,40182,-8.83703791513838,-27.566039684876316,67.9423014108672,2000,False,True,False,True,399.8918101787567
0.02,2.0,18,2,40,1,40182,-7.378797254953695,-27.566039684876316,73.23229111143607,2000,False,True,False,False,399.8918101787567
0.02,2.0,18,2,40,2,40182,-8.715566163128715,-27.566039684876316,68.38295865941754,2000,False,True,False,False,399.8918101787567
0.02,2.0,18,2,40,3,40182,-8.724054174693068,-27.566039684876316,68.35216710698062,2000,False,True,False,False,399.8918101787567
0.02,2.0,18,2,40,4,40182,-7.899211231890644,-27.566039684876316,71.3444102881981,2000,False,True,False,False,399.8918101787567
0.02,2.0,18,2,40,5,40182,-8.257550664473866,-27.566039684876316,70.04447951584338,2000,False,True,False,False,399.8918101787567
0.02,2.0,18,2,40,6,40182,-8.706548588641615,-27.566039684876316,68.41567128186958,2000,False,True,False,False,399.8918101787567
0.02,2.0,18,2,40,7,40182,-8.4877373716007,-27.566039684876316,69.20944223896852,2000,False,True,False,False,399.8918101787567
0.02,3.0,19,1,20,0,40191,-4.437979672915381,-19.56603968487626,77.31794607190868,2000,False,True,False,False,344.1009085178375
0.02,3.0,19,1,20,1,40191,-4.402735944450352,-19.56603968487626,77.49807311362306,2000,False,True,False,False,344.1009085178375
0.02,3.0,19,1,20,2,40191,-5.058908947880714,-19.56603968487626,74.14444093256624,2000,False,True,False,False,344.1009085178375
0.02,3.0,19,1,20,3,40191,-4.156822707631759,-19.56603968487626,78.75491016792319,2000,False,True,False,False,344.1009085178375
0.02,3.0,19,1,20,4,40191,-4.118704178255616,-19.56603968487626,78.94973001900225,2000,False,True,False,False,344.1009085178375
0.02,3.0,19,1,20,5,40191,-3.892368160750467,-19.56603968487626,80.10650993537999,2000,False,True,False,False,344.1009085178375
0.02,3.0,19,1,20,6,40191,-5.20525360270456,-19.56603968487626,73.39648857643887,2000,False,True,False,True,344.1009085178375
0.02,3.0,19,1,20,7,40191,-5.131069554250242,-19.56603968487626,73.7756355558435,2000,False,True,False,False,344.1009085178375
0.02,4.0,20,1,20,0,40201,5.235812076866282,-11.566039684876385,145.2688406707835,2000,False,True,False,False,336.2221179008484
0.02,4.0,20,1,20,1,40201,3.237546444432058,-11.566039684876385,127.99183240453027,2000,False,True,False,False,336.2221179008484
0.02,4.0,20,1,20,2,40201,2.4423620637250965,-11.566039684876385,121.11666681308988,2000,False,True,False,True,336.2221179008484
0.02,4.0,20,1,20,3,40201,3.3312456623389544,-11.566039684876385,128.801956011744,2000,False,True,False,False,336.2221179008484
0.02,4.0,20,1,20,4,40201,5.223563545233668,-11.566039684876385,145.162939844171,2000,False,True,False,False,336.2221179008484
0.02,4.0,20,1,20,5,40201,6.448778660603339,-11.566039684876385,155.7561519440028,2000,False,True,False,False,336.2221179008484
0.02,4.0,20,1,20,6,40201,3.1408334509526687,-11.566039684876385,127.1556516882748,2000,False,True,False,False,336.2221179008484
0.02,4.0,20,1,20,7,40201,3.9425558343472904,-11.566039684876385,134.08734486275824,2000,False,True,False,False,336.2221179008484
0.02,3.0,19,2,40,0,40192,1.604329332201413,-19.56603968487626,108.19956086177977,2000,False,True,False,False,385.75805830955505
0.02,3.0,19,2,40,1,40192,1.6493640959361238,-19.56603968487626,108.42972886951168,2000,False,True,False,False,385.75805830955505
0.02,3.0,19,2,40,2,40192,0.49024613915663007,-19.56603968487626,102.50559718293717,2000,False,True,False,False,385.75805830955505
0.02,3.0,19,2,40,3,40192,0.5400695673486787,-19.56603968487626,102.76023955816736,2000,False,True,False,False,385.75805830955505
0.02,3.0,19,2,40,4,40192,-0.10429577960682108,-19.56603968487626,99.4669550850015,2000,False,True,False,True,385.75805830955505
0.02,3.0,19,2,40,5,40192,0.13551596951459793,-19.56603968487626,100.69260806835297,2000,False,True,False,False,385.75805830955505
0.02,3.0,19,2,40,6,40192,0.5367983239761396,-19.56603968487626,102.74352057249001,2000,False,True,False,False,385.75805830955505
0.02,3.0,19,2,40,7,40192,0.5286299024771668,-19.56603968487626,102.70177261720355,2000,False,True,False,False,385.75805830955505
0.02,5.0,21,1,20,0,40211,7.781676879198054,-3.5660396848763805,318.2162164992231,2000,False,True,False,False,335.7906405925751
0.02,5.0,21,1,20,1,40211,6.4250131332761,-3.5660396848763805,280.1722274859885,2000,False,True,False,False,335.7906405925751
0.02,5.0,21,1,20,2,40211,6.41464268363776,-3.5660396848763805,279.8814160942275,2000,False,True,False,True,335.7906405925751
0.02,5.0,21,1,20,3,40211,6.415033726840262,-3.5660396848763805,279.89238184999743,2000,False,True,False,False,335.7906405925751
0.02,5.0,21,1,20,4,40211,7.348897820534036,-3.5660396848763805,306.0800907993483,2000,False,True,False,False,335.7906405925751
0.02,5.0,21,1,20,5,40211,6.415777521188792,-3.5660396848763805,279.9132395637151,2000,False,True,False,False,335.7906405925751
0.02,5.0,21,1,20,6,40211,7.413564067322249,-3.5660396848763805,307.8934819139358,2000,False,True,False,False,335.7906405925751
0.02,5.0,21,1,20,7,40211,6.443670841112211,-3.5660396848763805,280.69543276368745,2000,False,True,False,False,335.7906405925751
0.02,2.0,18,3,60,0,40183,-2.023157739409383,-27.566039684876316,92.66068770655018,2000,False,True,False,False,446.2467620372772
0.02,2.0,18,3,60,1,40183,-2.5479330070781994,-27.566039684876316,90.75698563810715,2000,False,True,False,False,446.2467620372772
0.02,2.0,18,3,60,2,40183,-2.0247901956411787,-27.566039684876316,92.65476572337647,2000,False,True,False,False,446.2467620372772
0.02,2.0,18,3,60,3,40183,-1.3979441730219642,-27.566039684876316,94.9287449738784,2000,False,True,False,False,446.2467620372772
0.02,2.0,18,3,60,4,40183,-2.6328306692434964,-27.566039684876316,90.44900646106245,2000,False,True,False,False,446.2467620372772
0.02,2.0,18,3,60,5,40183,-2.5426215079121537,-27.566039684876316,90.77625390887353,2000,False,True,False,False,446.2467620372772
0.02,2.0,18,3,60,6,40183,-0.7746146998683062,-27.566039684876316,97.1899674065503,2000,False,True,False,False,446.2467620372772
0.02,2.0,18,3,60,7,40183,-2.634698269488479,-27.566039684876316,90.44223145723045,2000,False,True,False,True,446.2467620372772
0.02,4.0,20,2,40,0,40202,10.07474543094425,-11.566039684876385,187.10626718770357,2000,False,True,False,False,384.96540546417236
0.02,4.0,20,2,40,1,40202,7.4047122746031295,-11.566039684876385,164.02115569675456,2000,False,True,False,False,384.96540546417236
0.02,4.0,20,2,40,2,40202,9.20652171294228,-11.566039684876385,179.5996033541249,2000,False,True,False,False,384.96540546417236
0.02,4.0,20,2,40,3,40202,7.4043333814688275,-11.566039684876385,164.0178797860312,2000,False,True,False,False,384.96540546417236
0.02,4.0,20,2,40,4,40202,9.209673583328243,-11.566039684876385,179.6268544311732,2000,False,True,False,False,384.96540546417236
0.02,4.0,20,2,40,5,40202,7.272689322047673,-11.566039684876385,162.87968501056895,2000,False,True,False,True,384.96540546417236
0.02,4.0,20,2,40,6,40202,7.435711985623486,-11.566039684876385,164.2891792542121,2000,False,True,False,False,384.96540546417236
0.02,4.0,20,2,40,7,40202,8.259143598864233,-11.566039684876385,171.40857046914505,2000,False,True,False,False,384.96540546417236
0.02,6.0,22,1,20,0,40221,8.759528434851457,0.9999999999999979,775.9528434851475,2000,False,True,False,False,340.7589168548584
0.02,6.0,22,1,20,1,40221,20.616944856276728,0.9999999999999979,1961.6944856276773,2000,False,True,False,False,340.7589168548584
0.02,6.0,22,1,20,2,40221,9.11257579869556,0.9999999999999979,811.2575798695578,2000,False,True,False,False,340.7589168548584
0.02,6.0,22,1,20,3,40221,7.592488608879222,0.9999999999999979,659.2488608879238,2000,False,True,False,False,340.7589168548584
0.02,6.0,22,1,20,4,40221,9.109201815989579,0.9999999999999979,810.9201815989599,2000,False,True,False,False,340.7589168548584
0.02,6.0,22,1,20,5,40221,7.590900479261733,0.9999999999999979,659.0900479261749,2000,False,True,False,True,340.7589168548584
0.02,6.0,22,1,20,6,40221,7.620701413735097,0.9999999999999979,662.0701413735113,2000,False,True,False,False,340.7589168548584
0.02,6.0,22,1,20,7,40221,9.61037203109176,0.9999999999999979,861.037203109178,2000,False,True,False,False,340.7589168548584
0.02,3.0,19,3,60,0,40193,7.677460730754135,-19.56603968487626,139.23870570848578,2000,False,True,False,False,439.9290130138397
0.02,3.0,19,3,60,1,40193,6.106444836134378,-19.56603968487626,131.20940637187,2000,False,True,False,False,439.9290130138397
0.02,3.0,19,3,60,2,40193,7.449917814264768,-19.56603968487626,138.0757574565447,2000,False,True,False,False,439.9290130138397
0.02,3.0,19,3,60,3,40193,7.74790742986244,-19.56603968487626,139.5987514829138,2000,False,True,False,False,439.9290130138397
0.02,3.0,19,3,60,4,40193,5.9589109240993725,-19.56603968487626,130.45537584545207,2000,False,True,False,False,439.9290130138397
0.02,3.0,19,3,60,5,40193,5.962663393635789,-19.56603968487626,130.47455432815403,2000,False,True,False,False,439.9290130138397
0.02,3.0,19,3,60,6,40193,5.957753232483275,-19.56603968487626,130.44945900364482,2000,False,True,False,True,439.9290130138397
0.02,3.0,19,3,60,7,40193,6.480198396352967,-19.56603968487626,133.11962206312958,1780,True,False,False,False,439.9290130138397
0.02,7.0,23,1,20,0,40231,10.459842642520993,1.0000000000000147,945.984264252084,2000,False,True,False,False,335.74346351623535
0.02,7.0,23,1,20,1,40231,8.799260229594221,1.0000000000000147,779.9260229594092,2000,False,True,False,False,335.74346351623535
0.02,7.0,23,1,20,2,40231,8.802067538955326,1.0000000000000147,780.2067538955197,2000,False,True,False,False,335.74346351623535
0.02,7.0,23,1,20,3,40231,8.796993902925598,1.0000000000000147,779.6993902925469,2000,False,True,False,False,335.74346351623535
0.02,7.0,23,1,20,4,40231,10.061134138992172,1.0000000000000147,906.1134138992024,2000,False,True,False,False,335.74346351623535
0.02,7.0,23,1,20,5,40231,8.778091000428978,1.0000000000000147,777.809100042885,2000,False,True,False,True,335.74346351623535
0.02,7.0,23,1,20,6,40231,10.451101016551954,1.0000000000000147,945.1101016551801,2000,False,True,False,False,335.74346351623535
0.02,7.0,23,1,20,7,40231,8.806558101363073,1.0000000000000147,780.6558101362945,2000,False,True,False,False,335.74346351623535
0.02,5.0,21,2,40,0,40212,9.299145659076828,-3.5660396848763805,360.769550560938,2000,False,True,False,True,391.302547454834
0.02,5.0,21,2,40,1,40212,11.757711811257687,-3.5660396848763805,429.7134314326981,2000,False,True,False,False,391.302547454834
0.02,5.0,21,2,40,2,40212,10.460190971435075,-3.5660396848763805,393.3279462872182,2000,False,True,False,False,391.302547454834
0.02,5.0,21,2,40,3,40212,9.300793410494997,-3.5660396848763805,360.81575732148406,2000,False,True,False,False,391.302547454834
0.02,5.0,21,2,40,4,40212,11.484559899898514,-3.5660396848763805,422.0536201154653,2000,False,True,False,False,391.302547454834
0.02,5.0,21,2,40,5,40212,11.747836988844258,-3.5660396848763805,429.4365185745685,2000,False,True,False,False,391.302547454834
0.02,5.0,21,2,40,6,40212,12.635124892469586,-3.5660396848763805,454.31812343691274,2000,False,True,False,False,391.302547454834
0.02,5.0,21,2,40,7,40212,14.106145064825164,-3.5660396848763805,495.56893112125204,2000,False,True,False,False,391.302547454834
0.02,4.0,20,3,60,0,40203,14.953385146502216,-11.566039684876385,229.2869949776766,2000,False,True,False,False,446.5882713794708
0.02,4.0,20,3,60,1,40203,12.273490218924218,-11.566039684876385,206.11661859480637,2000,False,True,False,False,446.5882713794708
0.02,4.0,20,3,60,2,40203,12.272930705646502,-11.566039684876385,206.11178104199698,2000,False,True,False,True,446.5882713794708
0.02,4.0,20,3,60,3,40203,12.273141354737854,-11.566039684876385,206.11360231442114,2000,False,True,False,False,446.5882713794708
0.02,4.0,20,3,60,4,40203,12.276945252213462,-11.566039684876385,206.14649081886384,2000,False,True,False,False,446.5882713794708
0.02,4.0,20,3,60,5,40203,14.123816759044992,-11.566039684876385,222.11454520178697,2000,False,True,False,False,446.5882713794708
0.02,4.0,20,3,60,6,40203,12.292872214508142,-11.566039684876385,206.28419536362264,2000,False,True,False,False,446.5882713794708
0.02,4.0,20,3,60,7,40203,12.29270069200826,-11.566039684876385,206.28271237977899,2000,False,True,False,False,446.5882713794708
0.02,6.0,22,2,40,0,40222,11.32522627336493,0.9999999999999979,1032.5226273364954,2000,False,True,False,True,387.1318211555481
0.02,6.0,22,2,40,1,40222,13.762120477800943,0.9999999999999979,1276.2120477800972,2000,False,True,False,False,387.1318211555481
0.02,6.0,22,2,40,2,40222,14.188986048082285,0.9999999999999979,1318.8986048082315,2000,False,True,False,False,387.1318211555481
0.02,6.0,22,2,40,3,40222,15.04562109853558,0.9999999999999979,1404.5621098535612,1964,True,False,False,False,387.1318211555481
0.02,6.0,22,2,40,4,40222,11.32593325202591,0.9999999999999979,1032.5933252025934,2000,False,True,False,False,387.1318211555481
0.02,6.0,22,2,40,5,40222,14.98523795169956,0.9999999999999979,1398.5237951699592,2000,False,True,False,False,387.1318211555481
0.02,6.0,22,2,40,6,40222,12.057514068221268,0.9999999999999979,1105.7514068221292,2000,False,True,False,False,387.1318211555481
0.02,6.0,22,2,40,7,40222,14.477864848927945,0.9999999999999979,1347.7864848927975,2000,False,True,False,False,387.1318211555481
0.02,5.0,21,3,60,0,40213,17.224195594793436,-3.5660396848763805,583.0062791460641,1709,True,False,False,False,440.2054829597473
0.02,5.0,21,3,60,1,40213,15.30344132728785,-3.5660396848763805,529.1438873266031,2000,False,True,False,False,440.2054829597473
0.02,5.0,21,3,60,2,40213,17.515106196126094,-3.5660396848763805,591.164085200955,2000,False,True,False,False,440.2054829597473
0.02,5.0,21,3,60,3,40213,15.294190781557974,-3.5660396848763805,528.884480630455,2000,False,True,False,True,440.2054829597473
0.02,5.0,21,3,60,4,40213,15.30531365881351,-3.5660396848763805,529.1963918327532,2000,False,True,False,False,440.2054829597473
0.02,5.0,21,3,60,5,40213,15.325995083512424,-3.5660396848763805,529.776346811567,2000,False,True,False,False,440.2054829597473
0.02,5.0,21,3,60,6,40213,15.320814274243874,-3.5660396848763805,529.6310649379378,2000,False,True,False,False,440.2054829597473
0.02,5.0,21,3,60,7,40213,18.339598558549802,-3.5660396848763805,614.2847578597701,2000,False,True,False,False,440.2054829597473
0.02,7.0,23,2,40,0,40232,16.84059674010355,1.0000000000000147,1584.0596740103304,2000,False,True,False,False,388.99886560440063
0.02,7.0,23,2,40,1,40232,16.571727334312047,1.0000000000000147,1557.1727334311806,2000,False,True,False,False,388.99886560440063
0.02,7.0,23,2,40,2,40232,13.352337002230763,1.0000000000000147,1235.2337002230568,2000,False,True,False,False,388.99886560440063
0.02,7.0,23,2,40,3,40232,17.480916019531104,1.0000000000000147,1648.0916019530848,2000,False,True,False,False,388.99886560440063
0.02,7.0,23,2,40,4,40232,32.995574549170044,1.0000000000000147,3199.557454916956,2000,False,True,False,False,388.99886560440063
0.02,7.0,23,2,40,5,40232,13.35156078283976,1.0000000000000147,1235.1560782839565,2000,False,True,False,False,388.99886560440063
0.02,7.0,23,2,40,6,40232,13.35046331724034,1.0000000000000147,1235.0463317240144,2000,False,True,False,True,388.99886560440063
0.02,7.0,23,2,40,7,40232,16.13564102578349,1.0000000000000147,1513.5641025783252,2000,False,True,False,False,388.99886560440063
0.02,8.0,24,1,20,0,40241,9.975194185960799,1.0000000000000249,897.5194185960551,2000,False,True,False,False,348.64653301239014
0.02,8.0,24,1,20,1,40241,11.775016194359486,1.0000000000000249,1077.5016194359193,2000,False,True,False,False,348.64653301239014
0.02,8.0,24,1,20,2,40241,11.79077374658293,1.0000000000000249,1079.0773746582638,2000,False,True,False,False,348.64653301239014
0.02,8.0,24,1,20,3,40241,9.988366992038564,1.0000000000000249,898.8366992038316,2000,False,True,False,False,348.64653301239014
0.02,8.0,24,1,20,4,40241,10.043183936704374,1.0000000000000249,904.3183936704123,2000,False,True,False,False,348.64653301239014
0.02,8.0,24,1,20,5,40241,9.98491033368306,1.0000000000000249,898.491033368281,2000,False,True,False,False,348.64653301239014
0.02,8.0,24,1,20,6,40241,10.011692170831378,1.0000000000000249,901.1692170831129,2000,False,True,False,False,348.64653301239014
0.02,8.0,24,1,20,7,40241,9.972899890952698,1.0000000000000249,897.289989095245,2000,False,True,False,True,348.64653301239014
0.02,6.0,22,3,60,0,40223,18.335241092576467,0.9999999999999979,1733.5241092576507,2000,False,True,False,False,434.4318902492523
0.02,6.0,22,3,60,1,40223,18.337529410514566,0.9999999999999979,1733.7529410514605,2000,False,True,False,False,434.4318902492523
0.02,6.0,22,3,60,2,40223,20.89954281595824,0.9999999999999979,1989.954281595829,2000,False,True,False,False,434.4318902492523
0.02,6.0,22,3,60,3,40223,18.334923621113326,0.9999999999999979,1733.4923621113364,2000,False,True,False,False,434.4318902492523
0.02,6.0,22,3,60,4,40223,20.611354911039705,0.9999999999999979,1961.135491103975,2000,False,True,False,False,434.4318902492523
0.02,6.0,22,3,60,5,40223,18.35657931006656,0.9999999999999979,1735.65793100666,2000,False,True,False,False,434.4318902492523
0.02,6.0,22,3,60,6,40223,18.320039075705363,0.9999999999999979,1732.0039075705402,2000,False,True,False,True,434.4318902492523
0.02,6.0,22,3,60,7,40223,18.335324364664697,0.9999999999999979,1733.5324364664737,1744,True,False,False,False,434.4318902492523
0.02,8.0,24,2,40,0,40242,16.118836874561893,1.0000000000000249,1511.8836874561491,2000,False,True,False,False,400.37141466140747
0.02,8.0,24,2,40,1,40242,19.868098036456473,1.0000000000000249,1886.8098036455979,2000,False,True,False,False,400.37141466140747
0.02,8.0,24,2,40,2,40242,22.162326197142146,1.0000000000000249,2116.2326197141597,2000,False,True,False,False,400.37141466140747
0.02,8.0,24,2,40,3,40242,18.32648048379726,1.0000000000000249,1732.6480483796804,2000,False,True,False,False,400.37141466140747
0.02,8.0,24,2,40,4,40242,19.101967938920673,1.0000000000000249,1810.1967938920197,2000,False,True,False,False,400.37141466140747
0.02,8.0,24,2,40,5,40242,15.430480335793701,1.0000000000000249,1443.0480335793318,2000,False,True,False,True,400.37141466140747
0.02,8.0,24,2,40,6,40242,18.989160928220798,1.0000000000000249,1798.9160928220326,2000,False,True,False,False,400.37141466140747
0.02,8.0,24,2,40,7,40242,16.93779622253947,1.0000000000000249,1593.7796222539048,2000,False,True,False,False,400.37141466140747
0.02,7.0,23,3,60,0,40233,25.097169836861976,1.0000000000000147,2409.7169836861613,2000,False,True,False,False,438.3406414985657
0.02,7.0,23,3,60,1,40233,27.85222264910512,1.0000000000000147,2685.222264910471,1893,True,False,False,False,438.3406414985657
0.02,7.0,23,3,60,2,40233,21.371665301474287,1.0000000000000147,2037.1665301473975,2000,False,True,False,True,438.3406414985657
0.02,7.0,23,3,60,3,40233,21.400683202661742,1.0000000000000147,2040.068320266143,2000,False,True,False,False,438.3406414985657
0.02,7.0,23,3,60,4,40233,24.390496205006162,1.0000000000000147,2339.0496205005807,1908,True,False,False,False,438.3406414985657
0.02,7.0,23,3,60,5,40233,21.401869710687787,1.0000000000000147,2040.1869710687474,2000,False,True,False,False,438.3406414985657
0.02,7.0,23,3,60,6,40233,21.568612529254338,1.0000000000000147,2056.8612529254024,2000,False,True,False,False,438.3406414985657
0.02,7.0,23,3,60,7,40233,24.36724035829924,1.0000000000000147,2336.7240358298886,2000,False,True,False,False,438.3406414985657
0.02,9.0,25,1,20,0,40251,12.475625476387728,0.9999999999999994,1147.5625476387736,2000,False,True,False,False,356.49595046043396
0.02,9.0,25,1,20,1,40251,11.161989481510942,0.9999999999999994,1016.1989481510947,2000,False,True,False,True,356.49595046043396
0.02,9.0,25,1,20,2,40251,11.169996852012902,0.9999999999999994,1016.9996852012907,2000,False,True,False,False,356.49595046043396
0.02,9.0,25,1,20,3,40251,12.475343038912603,0.9999999999999994,1147.534303891261,2000,False,True,False,False,356.49595046043396
0.02,9.0,25,1,20,4,40251,44.23100209621774,0.9999999999999994,4323.100209621776,2000,False,True,False,False,356.49595046043396
0.02,9.0,25,1,20,5,40251,11.185383035366753,0.9999999999999994,1018.5383035366758,2000,False,True,False,False,356.49595046043396
0.02,9.0,25,1,20,6,40251,11.167028966498483,0.9999999999999994,1016.7028966498489,2000,False,True,False,False,356.49595046043396
0.02,9.0,25,1,20,7,40251,12.480660778660003,0.9999999999999994,1148.066077866001,2000,False,True,False,False,356.49595046043396
0.02,10.0,26,1,20,0,40261,12.352257466691755,0.9999999999999996,1135.225746669176,2000,False,True,False,True,354.92675042152405
0.02,10.0,26,1,20,1,40261,14.068205993551688,0.9999999999999996,1306.8205993551694,2000,False,True,False,False,354.92675042152405
0.02,10.0,26,1,20,2,40261,13.918701744644794,0.9999999999999996,1291.87017446448,2000,False,True,False,False,354.92675042152405
0.02,10.0,26,1,20,3,40261,14.056618368913647,0.9999999999999996,1305.6618368913653,2000,False,True,False,False,354.92675042152405
0.02,10.0,26,1,20,4,40261,14.435554992839458,0.9999999999999996,1343.5554992839463,2000,False,True,False,False,354.92675042152405
0.02,10.0,26,1,20,5,40261,12.353705698724875,0.9999999999999996,1135.370569872488,2000,False,True,False,False,354.92675042152405
0.02,10.0,26,1,20,6,40261,12.383976870668528,0.9999999999999996,1138.3976870668535,2000,False,True,False,False,354.92675042152405
0.02,10.0,26,1,20,7,40261,12.431589059363228,0.9999999999999996,1143.1589059363232,2000,False,True,False,False,354.92675042152405
0.02,8.0,24,3,60,0,40243,27.387173567278708,1.0000000000000249,2638.717356727803,2000,False,True,False,False,448.1578598022461
0.02,8.0,24,3,60,1,40243,24.457029813298288,1.0000000000000249,2345.702981329768,2000,False,True,False,False,448.1578598022461
0.02,8.0,24,3,60,2,40243,28.50765310819739,1.0000000000000249,2750.765310819668,2000,False,True,False,False,448.1578598022461
0.02,8.0,24,3,60,3,40243,27.710648651595154,1.0000000000000249,2671.0648651594465,2000,False,True,False,False,448.1578598022461
0.02,8.0,24,3,60,4,40243,24.39790913652444,1.0000000000000249,2339.790913652383,2000,False,True,False,True,448.1578598022461
0.02,8.0,24,3,60,5,40243,24.513645892281268,1.0000000000000249,2351.3645892280656,2000,False,True,False,False,448.1578598022461
0.02,8.0,24,3,60,6,40243,24.41331115050462,1.0000000000000249,2341.331115050401,2000,False,True,False,False,448.1578598022461
0.02,8.0,24,3,60,7,40243,24.40119329314811,1.0000000000000249,2340.1193293147503,2000,False,True,False,False,448.1578598022461
0.02,9.0,25,2,40,0,40252,20.63651244060653,0.9999999999999994,1963.651244060654,2000,False,True,False,False,417.09059476852417
0.02,9.0,25,2,40,1,40252,20.773337314854704,0.9999999999999994,1977.3337314854714,2000,False,True,False,False,417.09059476852417
0.02,9.0,25,2,40,2,40252,24.94422520860487,0.9999999999999994,2394.4225208604885,2000,False,True,False,False,417.09059476852417
0.02,9.0,25,2,40,3,40252,20.735000575811423,0.9999999999999994,1973.5000575811434,2000,False,True,False,False,417.09059476852417
0.02,9.0,25,2,40,4,40252,18.132080311539585,0.9999999999999994,1713.2080311539596,2000,False,True,False,False,417.09059476852417
0.02,9.0,25,2,40,5,40252,18.132023790457062,0.9999999999999994,1713.2023790457072,2000,False,True,False,True,417.09059476852417
0.02,9.0,25,2,40,6,40252,19.10172409108795,0.9999999999999994,1810.1724091087958,2000,False,True,False,False,417.09059476852417
0.02,9.0,25,2,40,7,40252,24.802522528593485,0.9999999999999994,2380.25225285935,2000,False,True,False,False,417.09059476852417
0.02,11.0,27,1,20,0,40271,13.536300166135536,1.0000000000000189,1253.6300166135281,2000,False,True,False,False,356.5431606769562
0.02,11.0,27,1,20,1,40271,13.55904618745409,1.0000000000000189,1255.9046187453835,2000,False,True,False,False,356.5431606769562
0.02,11.0,27,1,20,2,40271,15.140882045506451,1.0000000000000189,1414.0882045506166,2000,False,True,False,False,356.5431606769562
0.02,11.0,27,1,20,3,40271,15.770626058556457,1.0000000000000189,1477.0626058556159,2000,False,True,False,False,356.5431606769562
0.02,11.0,27,1,20,4,40271,13.5332322962559,1.0000000000000189,1253.3232296255644,2000,False,True,False,True,356.5431606769562
0.02,11.0,27,1,20,5,40271,15.769245401309593,1.0000000000000189,1476.9245401309295,2000,False,True,False,False,356.5431606769562
0.02,11.0,27,1,20,6,40271,15.387699099306646,1.0000000000000189,1438.7699099306355,2000,False,True,False,False,356.5431606769562
0.02,11.0,27,1,20,7,40271,13.578504798527035,1.0000000000000189,1257.8504798526778,2000,False,True,False,False,356.5431606769562
0.02,9.0,25,3,60,0,40253,27.57850504091048,0.9999999999999994,2657.850504091049,2000,False,True,False,False,451.59838795661926
0.02,9.0,25,3,60,1,40253,27.485488930854252,0.9999999999999994,2648.5488930854267,2000,False,True,False,False,451.59838795661926
0.02,9.0,25,3,60,2,40253,31.110816289087968,0.9999999999999994,3011.0816289087984,2000,False,True,False,False,451.59838795661926
0.02,9.0,25,3,60,3,40253,30.773714636366126,0.9999999999999994,2977.3714636366144,2000,False,True,False,False,451.59838795661926
0.02,9.0,25,3,60,4,40253,31.12670510819089,0.9999999999999994,3012.670510819091,2000,False,True,False,False,451.59838795661926
0.02,9.0,25,3,60,5,40253,56.69263611464839,0.9999999999999994,5569.263611464841,2000,False,True,False,False,451.59838795661926
0.02,9.0,25,3,60,6,40253,27.457575794297867,0.9999999999999994,2645.757579429788,2000,False,True,False,True,451.59838795661926
0.02,9.0,25,3,60,7,40253,31.07068405356731,0.9999999999999994,3007.0684053567325,2000,False,True,False,False,451.59838795661926
0.02,10.0,26,2,40,0,40262,19.97394294453264,0.9999999999999996,1897.3942944532648,2000,False,True,False,False,404.87315487861633
0.02,10.0,26,2,40,1,40262,23.828984084480762,0.9999999999999996,2282.898408448077,2000,False,True,False,False,404.87315487861633
0.02,10.0,26,2,40,2,40262,19.916572519331336,0.9999999999999996,1891.6572519331344,2000,False,True,False,False,404.87315487861633
0.02,10.0,26,2,40,3,40262,23.63262900734407,0.9999999999999996,2263.262900734408,2000,False,True,False,False,404.87315487861633
0.02,10.0,26,2,40,4,40262,23.43225227387485,0.9999999999999996,2243.225227387486,2000,False,True,False,False,404.87315487861633
0.02,10.0,26,2,40,5,40262,23.803352496223244,0.9999999999999996,2280.3352496223256,2000,False,True,False,False,404.87315487861633
0.02,10.0,26,2,40,6,40262,19.45709372167905,0.9999999999999996,1845.7093721679057,2000,False,True,False,True,404.87315487861633
0.02,10.0,26,2,40,7,40262,21.275190954082998,0.9999999999999996,2027.519095408301,2000,False,True,False,False,404.87315487861633
0.02,12.0,28,1,20,0,40281,17.11269608274681,1.0000000000000426,1611.2696082746083,2000,False,True,False,False,359.8434088230133
0.02,12.0,28,1,20,1,40281,16.49862368348509,1.0000000000000426,1549.8623683484386,2000,False,True,False,False,359.8434088230133
0.02,12.0,28,1,20,2,40281,15.052871270939736,1.0000000000000426,1405.2871270939095,2000,False,True,False,False,359.8434088230133
0.02,12.0,28,1,20,3,40281,16.765508831489704,1.0000000000000426,1576.550883148899,2000,False,True,False,False,359.8434088230133
0.02,12.0,28,1,20,4,40281,14.750633729441539,1.0000000000000426,1375.063372944091,2000,False,True,False,False,359.8434088230133
0.02,12.0,28,1,20,5,40281,14.740485914243507,1.0000000000000426,1374.048591424288,2000,False,True,False,True,359.8434088230133
0.02,12.0,28,1,20,6,40281,14.80339699581422,1.0000000000000426,1380.339699581359,2000,False,True,False,False,359.8434088230133
0.02,12.0,28,1,20,7,40281,17.142632922858123,1.0000000000000426,1614.2632922857392,2000,False,True,False,False,359.8434088230133
0.02,11.0,27,2,40,0,40272,25.150308185711797,1.0000000000000189,2415.0308185711324,2000,False,True,False,False,424.2338719367981
0.02,11.0,27,2,40,1,40272,25.38333692699833,1.0000000000000189,2438.333692699785,2000,False,True,False,False,424.2338719367981
0.02,11.0,27,2,40,2,40272,25.289431658711077,1.0000000000000189,2428.94316587106,2000,False,True,False,False,424.2338719367981
0.02,11.0,27,2,40,3,40272,25.704266148499702,1.0000000000000189,2470.426614849922,2000,False,True,False,False,424.2338719367981
0.02,11.0,27,2,40,4,40272,25.1672126321743,1.0000000000000189,2416.721263217383,2000,False,True,False,False,424.2338719367981
0.02,11.0,27,2,40,5,40272,27.92677525403967,1.0000000000000189,2692.6775254039144,2000,False,True,False,False,424.2338719367981
0.02,11.0,27,2,40,6,40272,25.155488883190387,1.0000000000000189,2415.5488883189914,2000,False,True,False,False,424.2338719367981
0.02,11.0,27,2,40,7,40272,21.459380309729106,1.0000000000000189,2045.9380309728701,2000,False,True,False,True,424.2338719367981
0.02,13.0,29,1,20,0,40291,18.078033291650748,1.0000000000000213,1707.8033291650363,2000,False,True,False,False,356.9902889728546
0.02,13.0,29,1,20,1,40291,18.049786086200577,1.0000000000000213,1704.9786086200193,2000,False,True,False,False,356.9902889728546
0.02,13.0,29,1,20,2,40291,16.06374169383277,1.0000000000000213,1506.3741693832428,2000,False,True,False,False,356.9902889728546
0.02,13.0,29,1,20,3,40291,15.924071611657281,1.0000000000000213,1492.407161165694,2000,False,True,False,False,356.9902889728546
0.02,13.0,29,1,20,4,40291,15.91283410975971,1.0000000000000213,1491.2834109759372,2000,False,True,False,True,356.9902889728546
0.02,13.0,29,1,20,5,40291,15.92564618458374,1.0000000000000213,1492.5646184583402,2000,False,True,False,False,356.9902889728546
0.02,13.0,29,1,20,6,40291,16.123152657331676,1.0000000000000213,1512.3152657331334,2000,False,True,False,False,356.9902889728546
0.02,13.0,29,1,20,7,40291,15.917489812842923,1.0000000000000213,1491.7489812842584,2000,False,True,False,False,356.9902889728546
0.02,10.0,26,3,60,0,40263,38.099024824000374,0.9999999999999996,3709.902482400039,1558,True,False,False,False,463.0373136997223
0.02,10.0,26,3,60,1,40263,30.504465064027272,0.9999999999999996,2950.4465064027286,2000,False,True,False,False,463.0373136997223
0.02,10.0,26,3,60,2,40263,34.15958348823945,0.9999999999999996,3315.9583488239464,2000,False,True,False,False,463.0373136997223
0.02,10.0,26,3,60,3,40263,35.24464358229403,0.9999999999999996,3424.4643582294048,2000,False,True,False,False,463.0373136997223
0.02,10.0,26,3,60,4,40263,30.455859122859977,0.9999999999999996,2945.5859122859993,2000,False,True,False,True,463.0373136997223
0.02,10.0,26,3,60,5,40263,30.51735982798566,0.9999999999999996,2951.7359827985674,2000,False,True,False,False,463.0373136997223
0.02,10.0,26,3,60,6,40263,34.44946330070278,0.9999999999999996,3344.9463300702796,2000,False,True,False,False,463.0373136997223
0.02,10.0,26,3,60,7,40263,30.467437415121708,0.9999999999999996,2946.743741512172,2000,False,True,False,False,463.0373136997223
0.02,12.0,28,2,40,0,40282,24.270633454665116,1.0000000000000426,2327.0633454664085,2000,False,True,False,False,426.39040327072144
0.02,12.0,28,2,40,1,40282,28.625482245476267,1.0000000000000426,2762.5482245475046,2000,False,True,False,False,426.39040327072144
0.02,12.0,28,2,40,2,40282,27.74512533407995,1.0000000000000426,2674.5125334078766,2000,False,True,False,False,426.39040327072144
0.02,12.0,28,2,40,3,40282,27.53469675865767,1.0000000000000426,2653.4696758656496,2000,False,True,False,False,426.39040327072144
0.02,12.0,28,2,40,4,40282,25.576985726154398,1.0000000000000426,2457.6985726153307,2000,False,True,False,False,426.39040327072144
0.02,12.0,28,2,40,5,40282,28.629666519255178,1.0000000000000426,2762.9666519253956,2000,False,True,False,False,426.39040327072144
0.02,12.0,28,2,40,6,40282,34.540613951982785,1.0000000000000426,3354.0613951981313,2000,False,True,False,False,426.39040327072144
0.02,12.0,28,2,40,7,40282,23.546637073492025,1.0000000000000426,2254.663707349102,2000,False,True,False,True,426.39040327072144
0.02,11.0,27,3,60,0,40273,33.550121637422194,1.0000000000000189,3255.012163742156,2000,False,True,False,False,481.3383619785309
0.02,11.0,27,3,60,1,40273,38.68232046046971,1.0000000000000189,3768.2320460468977,2000,False,True,False,False,481.3383619785309
0.02,11.0,27,3,60,2,40273,37.870545679997164,1.0000000000000189,3687.054567999645,2000,False,True,False,False,481.3383619785309
0.02,11.0,27,3,60,3,40273,33.53820770684456,1.0000000000000189,3253.8207706843928,2000,False,True,False,False,481.3383619785309
0.02,11.0,27,3,60,4,40273,33.53266464637333,1.0000000000000189,3253.2664646372696,2000,False,True,False,False,481.3383619785309
0.02,11.0,27,3,60,5,40273,37.54818206547312,1.0000000000000189,3654.818206547241,2000,False,True,False,False,481.3383619785309
0.02,11.0,27,3,60,6,40273,33.53831214832582,1.0000000000000189,3253.831214832519,2000,False,True,False,False,481.3383619785309
0.02,11.0,27,3,60,7,40273,33.492745772579745,1.0000000000000189,3249.2745772579115,2000,False,True,False,True,481.3383619785309
0.02,14.0,30,1,20,0,40301,19.164197652988136,0.9999999999999973,1816.419765298819,2000,False,True,False,False,372.9448022842407
0.02,14.0,30,1,20,1,40301,17.194316588605187,0.9999999999999973,1619.4316588605234,2000,False,True,False,False,372.9448022842407
0.02,14.0,30,1,20,2,40301,19.97711023114997,0.9999999999999973,1897.7110231150025,2000,False,True,False,False,372.9448022842407
0.02,14.0,30,1,20,3,40301,17.10436642037473,0.9999999999999973,1610.4366420374777,2000,False,True,False,True,372.9448022842407
0.02,14.0,30,1,20,4,40301,17.204540901221645,0.9999999999999973,1620.454090122169,2000,False,True,False,False,372.9448022842407
0.02,14.0,30,1,20,5,40301,19.77631953308183,0.9999999999999973,1877.6319533081883,2000,False,True,False,False,372.9448022842407
0.02,14.0,30,1,20,6,40301,17.10976314564562,0.9999999999999973,1610.9763145645666,2000,False,True,False,False,372.9448022842407
0.02,14.0,30,1,20,7,40301,17.146752622707567,0.9999999999999973,1614.6752622707613,2000,False,True,False,False,372.9448022842407
0.02,13.0,29,2,40,0,40292,30.30929840604433,1.0000000000000213,2930.9298406043686,2000,False,True,False,False,429.3214945793152
0.02,13.0,29,2,40,1,40292,29.843710730367608,1.0000000000000213,2884.371073036697,2000,False,True,False,False,429.3214945793152
0.02,13.0,29,2,40,2,40292,31.687596627583545,1.0000000000000213,3068.759662758287,2000,False,True,False,False,429.3214945793152
0.02,13.0,29,2,40,3,40292,27.75452729770483,1.0000000000000213,2675.4527297704235,2000,False,True,False,False,429.3214945793152
0.02,13.0,29,2,40,4,40292,31.565820378453786,1.0000000000000213,3056.5820378453113,2000,False,True,False,False,429.3214945793152
0.02,13.0,29,2,40,5,40292,29.834553553164117,1.0000000000000213,2883.4553553163482,2000,False,True,False,False,429.3214945793152
0.02,13.0,29,2,40,6,40292,25.70523701360882,1.0000000000000213,2470.523701360827,2000,False,True,False,True,429.3214945793152
0.02,13.0,29,2,40,7,40292,30.304528679618954,1.0000000000000213,2930.4528679618306,2000,False,True,False,False,429.3214945793152
0.02,14.0,30,2,40,0,40302,27.848719394441073,0.9999999999999973,2684.8719394441146,2000,False,True,False,False,409.5655598640442
0.02,14.0,30,2,40,1,40302,33.447971104677364,0.9999999999999973,3244.797110467745,2000,False,True,False,False,409.5655598640442
0.02,14.0,30,2,40,2,40302,30.38202167172936,0.9999999999999973,2938.202167172944,2000,False,True,False,False,409.5655598640442
0.02,14.0,30,2,40,3,40302,33.917571340383276,0.9999999999999973,3291.757134038336,2000,False,True,False,False,409.5655598640442
0.02,14.0,30,2,40,4,40302,27.537050353508754,0.9999999999999973,2653.705035350883,2000,False,True,False,True,409.5655598640442
0.02,14.0,30,2,40,5,40302,29.896945740117946,0.9999999999999973,2889.6945740118026,2000,False,True,False,False,409.5655598640442
0.02,14.0,30,2,40,6,40302,32.110119886904315,0.9999999999999973,3111.01198869044,2000,False,True,False,False,409.5655598640442
0.02,14.0,30,2,40,7,40302,32.19851038042917,0.9999999999999973,3119.8510380429257,2000,False,True,False,False,409.5655598640442
0.02,12.0,28,3,60,0,40283,36.55001476931571,1.0000000000000426,3555.0014769314153,2000,False,True,False,False,481.95534658432007
0.02,12.0,28,3,60,1,40283,36.67410940970551,1.0000000000000426,3567.4109409703947,2000,False,True,False,False,481.95534658432007
0.02,12.0,28,3,60,2,40283,36.54217001556291,1.0000000000000426,3554.2170015561355,2000,False,True,False,False,481.95534658432007
0.02,12.0,28,3,60,3,40283,40.948054515937,1.0000000000000426,3994.8054515935255,2000,False,True,False,False,481.95534658432007
0.02,12.0,28,3,60,4,40283,36.548036000589704,1.0000000000000426,3554.803600058815,2000,False,True,False,False,481.95534658432007
0.02,12.0,28,3,60,5,40283,41.34534241104459,1.0000000000000426,4034.534241104283,2000,False,True,False,False,481.95534658432007
0.02,12.0,28,3,60,6,40283,36.532178436155164,1.0000000000000426,3553.217843615361,2000,False,True,False,True,481.95534658432007
0.02,12.0,28,3,60,7,40283,36.55434444065672,1.0000000000000426,3555.4344440655163,2000,False,True,False,False,481.95534658432007
0.02,15.0,31,1,20,0,40311,20.902983177940214,0.9999999999999432,1990.29831779414,2000,False,True,False,False,359.49463868141174
0.02,15.0,31,1,20,1,40311,18.312451058455487,0.9999999999999432,1731.2451058456527,2000,False,True,False,False,359.49463868141174
0.02,15.0,31,1,20,2,40311,18.36542917412767,0.9999999999999432,1736.5429174128715,2000,False,True,False,False,359.49463868141174
0.02,15.0,31,1,20,3,40311,18.305136094496863,0.9999999999999432,1730.5136094497905,2000,False,True,False,False,359.49463868141174
0.02,15.0,31,1,20,4,40311,18.30224507986686,0.9999999999999432,1730.2245079867903,2000,False,True,False,False,359.49463868141174
0.02,15.0,31,1,20,5,40311,20.7426868593365,0.9999999999999432,1974.2686859337682,2000,False,True,False,False,359.49463868141174
0.02,15.0,31,1,20,6,40311,18.303922363935683,0.9999999999999432,1730.3922363936724,2000,False,True,False,False,359.49463868141174
0.02,15.0,31,1,20,7,40311,18.296909799102046,0.9999999999999432,1729.6909799103087,2000,False,True,False,True,359.49463868141174
0.02,13.0,29,3,60,0,40293,39.5832438229503,1.0000000000000213,3858.3243822949457,2000,False,True,False,True,458.65301513671875
0.02,13.0,29,3,60,1,40293,39.62701986151271,1.0000000000000213,3862.7019861511862,2000,False,True,False,False,458.65301513671875
0.02,13.0,29,3,60,2,40293,39.591045092331555,1.0000000000000213,3859.104509233071,2000,False,True,False,False,458.65301513671875
0.02,13.0,29,3,60,3,40293,44.32334334010357,1.0000000000000213,4332.334334010263,2000,False,True,False,False,458.65301513671875
0.02,13.0,29,3,60,4,40293,45.407896334499455,1.0000000000000213,4440.789633449849,2000,False,True,False,False,458.65301513671875
0.02,13.0,29,3,60,5,40293,44.667103105203964,1.0000000000000213,4366.710310520301,2000,False,True,False,False,458.65301513671875
0.02,13.0,29,3,60,6,40293,44.65741927164683,1.0000000000000213,4365.741927164588,2000,False,True,False,False,458.65301513671875
0.02,13.0,29,3,60,7,40293,39.591769940738175,1.0000000000000213,3859.176994073733,2000,False,True,False,False,458.65301513671875
0.02,15.0,31,2,40,0,40312,34.315731942010096,0.9999999999999432,3331.573194201205,2000,False,True,False,False,424.0846674442291
0.02,15.0,31,2,40,1,40312,29.972941617084903,0.9999999999999432,2897.294161708661,2000,False,True,False,True,424.0846674442291
0.02,15.0,31,2,40,2,40312,98.73590680132007,0.9999999999999432,9773.59068013257,2000,False,True,False,False,424.0846674442291
0.02,15.0,31,2,40,3,40312,34.36922442367961,0.9999999999999432,3336.9224423681567,2000,False,True,False,False,424.0846674442291
0.02,15.0,31,2,40,4,40312,30.29895235604653,0.9999999999999432,2929.8952356048253,2000,False,True,False,False,424.0846674442291
0.02,15.0,31,2,40,5,40312,42.92860889213856,0.9999999999999432,4192.8608892141,2000,False,True,False,False,424.0846674442291
0.02,15.0,31,2,40,6,40312,35.88039643618409,0.9999999999999432,3488.0396436186134,2000,False,True,False,False,424.0846674442291
0.02,15.0,31,2,40,7,40312,32.057971751134424,0.9999999999999432,3105.7971751136247,2000,False,True,False,False,424.0846674442291
0.02,14.0,30,3,60,0,40303,42.597928337363356,0.9999999999999973,4159.792833736347,2000,False,True,False,True,476.7076995372772
0.02,14.0,30,3,60,1,40303,47.99585506986346,0.9999999999999973,4699.585506986359,2000,False,True,False,False,476.7076995372772
0.02,14.0,30,3,60,2,40303,42.66422605543581,0.9999999999999973,4166.422605543593,2000,False,True,False,False,476.7076995372772
0.02,14.0,30,3,60,3,40303,48.796372932540606,0.9999999999999973,4779.6372932540735,2000,False,True,False,False,476.7076995372772
0.02,14.0,30,3,60,4,40303,42.62185061822457,0.9999999999999973,4162.185061822468,2000,False,True,False,False,476.7076995372772
0.02,14.0,30,3,60,5,40303,47.707654740468485,0.9999999999999973,4670.7654740468615,2000,False,True,False,False,476.7076995372772
0.02,14.0,30,3,60,6,40303,42.60082964592653,0.9999999999999973,4160.082964592664,2000,False,True,False,False,476.7076995372772
0.02,14.0,30,3,60,7,40303,42.60305853960267,0.9999999999999973,4160.305853960279,2000,False,True,False,False,476.7076995372772
0.02,16.0,32,1,20,0,40321,19.504338117603336,0.9999999999999984,1850.4338117603363,2000,False,True,False,False,353.45034861564636
0.02,16.0,32,1,20,1,40321,19.646038944507705,0.9999999999999984,1864.6038944507734,2000,False,True,False,False,353.45034861564636
0.02,16.0,32,1,20,2,40321,19.470638347743872,0.9999999999999984,1847.06383477439,2000,False,True,False,True,353.45034861564636
0.02,16.0,32,1,20,3,40321,19.489187502329184,0.9999999999999984,1848.9187502329212,2000,False,True,False,False,353.45034861564636
0.02,16.0,32,1,20,4,40321,19.47699896266575,0.9999999999999984,1847.6998962665778,2000,False,True,False,False,353.45034861564636
0.02,16.0,32,1,20,5,40321,22.428954726344855,0.9999999999999984,2142.8954726344887,2000,False,True,False,False,353.45034861564636
0.02,16.0,32,1,20,6,40321,22.05635481048824,0.9999999999999984,2105.6354810488274,2000,False,True,False,False,353.45034861564636
0.02,16.0,32,1,20,7,40321,19.539649613134905,0.9999999999999984,1853.9649613134934,2000,False,True,False,False,353.45034861564636
0.05,-16.0,0,2,40,0,50002,-306.11391326562773,-383.0000000000001,20.074696275293043,1602,True,False,False,False,296.184858083725
0.05,-16.0,0,2,40,1,50002,-295.7237256826259,-383.0000000000001,22.787538986259577,1071,True,False,False,False,296.184858083725
0.05,-16.0,0,2,40,2,50002,-306.1139110631738,-383.0000000000001,20.074696850346285,2000,False,True,False,False,296.184858083725
0.05,-16.0,0,2,40,3,50002,-306.1139139858478,-383.0000000000001,20.074696087246036,1809,True,False,False,False,296.184858083725
0.05,-16.0,0,2,40,4,50002,-280.70088357492324,-383.0000000000001,26.70995206921066,1168,True,False,False,False,296.184858083725
0.05,-16.0,0,2,40,5,50002,-306.1139141517697,-383.0000000000001,20.07469604392439,1690,True,False,False,True,296.184858083725
0.05,-16.0,0,2,40,6,50002,-300.85056309900114,-383.0000000000001,21.448939138642025,1385,True,False,False,False,296.184858083725
0.05,-16.0,0,2,40,7,50002,-299.89084919523617,-383.0000000000001,21.699517181400502,1010,True,False,False,False,296.184858083725
0.05,-16.0,0,1,20,0,50001,-330.3971324919091,-383.0000000000001,13.734430158770502,2000,False,True,False,False,355.77000999450684
0.05,-16.0,0,1,20,1,50001,-330.39569384280946,-383.0000000000001,13.734805785167268,2000,False,True,False,False,355.77000999450684
0.05,-16.0,0,1,20,2,50001,-329.2625356194295,-383.0000000000001,14.030669551062816,1985,True,False,False,False,355.77000999450684
0.05,-16.0,0,1,20,3,50001,-326.9673897539555,-383.0000000000001,14.629924346225742,2000,False,True,False,False,355.77000999450684
0.05,-16.0,0,1,20,4,50001,-330.53911869701994,-383.0000000000001,13.697358042553564,2000,False,True,False,True,355.77000999450684
0.05,-16.0,0,1,20,5,50001,-330.3885657667124,-383.0000000000001,13.736666901641692,2000,False,True,False,False,355.77000999450684
0.05,-16.0,0,1,20,6,50001,-330.3987300571129,-383.0000000000001,13.734013039918324,2000,False,True,False,False,355.77000999450684
0.05,-16.0,0,1,20,7,50001,-325.5557394103404,-383.0000000000001,14.99850145944118,2000,False,True,False,False,355.77000999450684
0.02,16.0,32,2,40,0,40322,36.64941611893471,0.9999999999999984,3564.941611893477,2000,False,True,False,False,424.2363495826721
0.02,16.0,32,2,40,1,40322,36.66112038986967,0.9999999999999984,3566.112038986973,2000,False,True,False,False,424.2363495826721
0.02,16.0,32,2,40,2,40322,106.93150476547369,0.9999999999999984,10593.150476547386,2000,False,True,False,False,424.2363495826721
0.02,16.0,32,2,40,3,40322,31.64746042963212,0.9999999999999984,3064.7460429632165,2000,False,True,False,True,424.2363495826721
0.02,16.0,32,2,40,4,40322,34.21752649577164,0.9999999999999984,3321.7526495771685,2000,False,True,False,False,424.2363495826721
0.02,16.0,32,2,40,5,40322,36.81066293481636,0.9999999999999984,3581.0662934816414,2000,False,True,False,False,424.2363495826721
0.02,16.0,32,2,40,6,40322,36.67865675679393,0.9999999999999984,3567.8656756793985,2000,False,True,False,False,424.2363495826721
0.02,16.0,32,2,40,7,40322,32.396484646433905,0.9999999999999984,3139.6484646433955,2000,False,True,False,False,424.2363495826721
0.05,-15.0,1,2,40,0,50012,-287.13159111315474,-359.0000000000002,20.0190554002355,1517,True,False,False,True,331.0498468875885
0.05,-15.0,1,2,40,1,50012,-287.1315909807947,-359.0000000000002,20.019055437104583,1814,True,False,False,False,331.0498468875885
0.05,-15.0,1,2,40,2,50012,-287.13159097280476,-359.0000000000002,20.019055439330202,1602,True,False,False,False,331.0498468875885
0.05,-15.0,1,2,40,3,50012,-277.21385321108585,-359.0000000000002,22.781656487162767,1391,True,False,False,False,331.0498468875885
0.05,-15.0,1,2,40,4,50012,-270.38421250262087,-359.0000000000002,24.68406336974354,2000,False,True,False,False,331.0498468875885
0.05,-15.0,1,2,40,5,50012,-282.15239968122296,-359.0000000000002,21.406016801887805,1191,True,False,False,False,331.0498468875885
0.05,-15.0,1,2,40,6,50012,-287.13159105141716,-359.0000000000002,20.019055417432597,1779,True,False,False,False,331.0498468875885
0.05,-15.0,1,2,40,7,50012,-287.1315909242911,-359.0000000000002,20.01905545284375,1776,True,False,False,False,331.0498468875885
0.02,15.0,31,3,60,0,40313,45.67794707273316,0.9999999999999432,4467.794707273575,2000,False,True,False,False,456.91699981689453
0.02,15.0,31,3,60,1,40313,45.64110779361583,0.9999999999999432,4464.110779361842,2000,False,True,False,True,456.91699981689453
0.02,15.0,31,3,60,2,40313,45.79569225170678,0.9999999999999432,4479.569225170938,2000,False,True,False,False,456.91699981689453
0.02,15.0,31,3,60,3,40313,45.65999758211866,0.9999999999999432,4465.999758212126,2000,False,True,False,False,456.91699981689453
0.02,15.0,31,3,60,4,40313,45.70223044792516,0.9999999999999432,4470.223044792776,2000,False,True,False,False,456.91699981689453
0.02,15.0,31,3,60,5,40313,52.17906323636804,0.9999999999999432,5117.9063236371,2000,False,True,False,False,456.91699981689453
0.02,15.0,31,3,60,6,40313,52.179211968353556,0.9999999999999432,5117.921196835652,2000,False,True,False,False,456.91699981689453
0.02,15.0,31,3,60,7,40313,51.47248792526988,0.9999999999999432,5047.248792527281,2000,False,True,False,False,456.91699981689453
0.05,-16.0,0,3,60,0,50003,-270.9164541135813,-383.0000000000001,29.26463339070986,1596,True,False,False,False,370.0333013534546
0.05,-16.0,0,3,60,1,50003,-274.8605956688485,-383.0000000000001,28.23483141805525,1449,True,False,False,True,370.0333013534546
0.05,-16.0,0,3,60,2,50003,-261.93357265168794,-383.0000000000001,31.610033250212044,1497,True,False,False,False,370.0333013534546
0.05,-16.0,0,3,60,3,50003,-274.8604729846189,-383.0000000000001,28.234863450491165,2000,False,True,False,False,370.0333013534546
0.05,-16.0,0,3,60,4,50003,-270.9164541095507,-383.0000000000001,29.264633391762235,1589,True,False,False,False,370.0333013534546
0.05,-16.0,0,3,60,5,50003,-270.2965489489792,-383.0000000000001,29.426488525070727,1656,True,False,False,False,370.0333013534546
0.05,-16.0,0,3,60,6,50003,-266.46956933772765,-383.0000000000001,30.42569991182048,1575,True,False,False,False,370.0333013534546
0.05,-16.0,0,3,60,7,50003,-274.8605952198513,-383.0000000000001,28.23483153528689,1620,True,False,False,False,370.0333013534546
0.05,-15.0,1,1,20,0,50011,-306.48773822623866,-359.0000000000002,14.627370967621598,2000,False,True,False,False,373.34635186195374
0.05,-15.0,1,1,20,1,50011,-305.2294034382087,-359.0000000000002,14.977882050638303,2000,False,True,False,False,373.34635186195374
0.05,-15.0,1,1,20,2,50011,-313.67835277516224,-359.0000000000002,12.624414268757093,2000,False,True,False,True,373.34635186195374
0.05,-15.0,1,1,20,3,50011,-312.1428653968218,-359.0000000000002,13.052126630411816,2000,False,True,False,False,373.34635186195374
0.05,-15.0,1,1,20,4,50011,-305.97773055914917,-359.0000000000002,14.769434384638169,2000,False,True,False,False,373.34635186195374
0.05,-15.0,1,1,20,5,50011,-309.8303188363612,-359.0000000000002,13.696290017726746,2000,False,True,False,False,373.34635186195374
0.05,-15.0,1,1,20,6,50011,-309.8322171861052,-359.0000000000002,13.695761229497213,2000,False,True,False,False,373.34635186195374
0.05,-15.0,1,1,20,7,50011,-309.9663573291267,-359.0000000000002,13.658396287151389,2000,False,True,False,False,373.34635186195374
0.05,-13.0,3,2,40,0,50032,-232.33272634711452,-311.0,25.294943296747746,2000,False,True,False,False,253.79876565933228
0.05,-13.0,3,2,40,1,50032,-249.17036020153876,-311.0,19.880913118476286,1119,True,False,False,False,253.79876565933228
0.05,-13.0,3,2,40,2,50032,-244.75607240350058,-311.0,21.300298262540004,1294,True,False,False,False,253.79876565933228
0.05,-13.0,3,2,40,3,50032,-244.75607236445376,-311.0,21.300298275095255,729,True,False,False,False,253.79876565933228
0.05,-13.0,3,2,40,4,50032,-236.55674537485916,-311.0,23.936737821588693,732,True,False,False,False,253.79876565933228
0.05,-13.0,3,2,40,5,50032,-249.17036027313853,-311.0,19.88091309545385,1225,True,False,False,True,253.79876565933228
0.05,-13.0,3,2,40,6,50032,-239.30900130023966,-311.0,23.05176807066249,2000,False,True,False,False,253.79876565933228
0.05,-13.0,3,2,40,7,50032,-243.95821015484108,-311.0,21.55684560937586,940,True,False,False,False,253.79876565933228
0.02,16.0,32,3,60,0,40323,48.75854401074923,0.9999999999999984,4775.85440107493,2000,False,True,False,False,457.8283131122589
0.02,16.0,32,3,60,1,40323,48.6873443537611,0.9999999999999984,4768.734435376117,2000,False,True,False,False,457.8283131122589
0.02,16.0,32,3,60,2,40323,48.65927888077994,0.9999999999999984,4765.927888078001,2000,False,True,False,True,457.8283131122589
0.02,16.0,32,3,60,3,40323,48.8824075962188,0.9999999999999984,4788.240759621887,2000,False,True,False,False,457.8283131122589
0.02,16.0,32,3,60,4,40323,54.488623518639045,0.9999999999999984,5348.862351863913,2000,False,True,False,False,457.8283131122589
0.02,16.0,32,3,60,5,40323,54.79769777563384,0.9999999999999984,5379.769777563392,2000,False,True,False,False,457.8283131122589
0.02,16.0,32,3,60,6,40323,54.503625896524355,0.9999999999999984,5350.362589652444,2000,False,True,False,False,457.8283131122589
0.02,16.0,32,3,60,7,40323,48.68774522524419,0.9999999999999984,4768.774522524426,2000,False,True,False,False,457.8283131122589
0.05,-14.0,2,2,40,0,50022,-256.15347324093864,-335.0000000000001,23.536276644495953,1204,True,False,False,False,315.32728123664856
0.05,-14.0,2,2,40,1,50022,-257.5560222645327,-335.0000000000001,23.117605294169365,1915,True,False,False,False,315.32728123664856
0.05,-14.0,2,2,40,2,50022,-249.6382266665576,-335.0000000000001,25.48112636819178,1248,True,False,False,False,315.32728123664856
0.05,-14.0,2,2,40,3,50022,-258.70398064311263,-335.0000000000001,22.774931151309687,1045,True,False,False,False,315.32728123664856
0.05,-14.0,2,2,40,4,50022,-252.39632841610117,-335.0000000000001,24.657812413104153,2000,False,True,False,False,315.32728123664856
0.05,-14.0,2,2,40,5,50022,-268.15037379980384,-335.0000000000001,19.955112298566043,1287,True,False,False,True,315.32728123664856
0.05,-14.0,2,2,40,6,50022,-257.5242569552721,-335.0000000000001,23.127087476038202,1132,True,False,False,False,315.32728123664856
0.05,-14.0,2,2,40,7,50022,-257.5551624255918,-335.0000000000001,23.117861962509938,2000,False,True,False,False,315.32728123664856
0.05,-14.0,2,1,20,0,50021,-281.75101955753695,-335.0000000000001,15.895218042526313,2000,False,True,False,False,367.892991065979
0.05,-14.0,2,1,20,1,50021,-291.3794589779603,-335.0000000000001,13.02105702150441,2000,False,True,False,False,367.892991065979
0.05,-14.0,2,1,20,2,50021,-286.8605743958912,-335.0000000000001,14.36997779227131,2000,False,True,False,False,367.892991065979
0.05,-14.0,2,1,20,3,50021,-285.62581282779973,-335.0000000000001,14.738563334985184,2000,False,True,False,False,367.892991065979
0.05,-14.0,2,1,20,4,50021,-292.8727166798346,-335.0000000000001,12.575308453780751,2000,False,True,False,True,367.892991065979
0.05,-14.0,2,1,20,5,50021,-291.37946834504174,-335.0000000000001,13.021054225360704,2000,False,True,False,False,367.892991065979
0.05,-14.0,2,1,20,6,50021,-288.4053508858538,-335.0000000000001,13.908850481834714,1790,True,False,False,False,367.892991065979
0.05,-14.0,2,1,20,7,50021,-289.25863637043386,-335.0000000000001,13.654138396885443,2000,False,True,False,False,367.892991065979
0.05,-12.0,4,2,40,0,50042,-230.19165696544442,-286.9999999999998,19.793847747231844,1259,True,False,False,False,270.0953013896942
0.05,-12.0,4,2,40,1,50042,-230.1916567148461,-286.9999999999998,19.793847834548338,1293,True,False,False,False,270.0953013896942
0.05,-12.0,4,2,40,2,50042,-213.98491853503484,-286.9999999999998,25.440794935527872,1086,True,False,False,False,270.0953013896942
0.05,-12.0,4,2,40,3,50042,-230.19165697932021,-286.9999999999998,19.793847742397077,1192,True,False,False,True,270.0953013896942
0.05,-12.0,4,2,40,4,50042,-220.98487169016323,-286.9999999999998,23.001786867538883,1208,True,False,False,False,270.0953013896942
0.05,-12.0,4,2,40,5,50042,-226.05790862389279,-286.9999999999998,21.234178179828238,1493,True,False,False,False,270.0953013896942
0.05,-12.0,4,2,40,6,50042,-216.42176144017841,-286.9999999999998,24.591720752551016,2000,False,True,False,False,270.0953013896942
0.05,-12.0,4,2,40,7,50042,-220.9848719184201,-286.9999999999998,23.00178678800687,1151,True,False,False,False,270.0953013896942
0.05,-14.0,2,3,60,0,50023,-228.478230965502,-335.0000000000001,31.797542995372556,616,True,False,False,False,347.22321939468384
0.05,-14.0,2,3,60,1,50023,-233.0063445519325,-335.0000000000001,30.445867297930622,1345,True,False,False,False,347.22321939468384
0.05,-14.0,2,3,60,2,50023,-236.95005963530053,-335.0000000000001,29.268638914835687,2000,False,True,False,False,347.22321939468384
0.05,-14.0,2,3,60,3,50023,-234.0428914925652,-335.0000000000001,30.136450300726832,1090,True,False,False,False,347.22321939468384
0.05,-14.0,2,3,60,4,50023,-236.95017226113129,-335.0000000000001,29.268605295184713,2000,False,True,False,False,347.22321939468384
0.05,-14.0,2,3,60,5,50023,-236.9499765814731,-335.0000000000001,29.26866370702298,2000,False,True,False,False,347.22321939468384
0.05,-14.0,2,3,60,6,50023,-240.61966351049955,-335.0000000000001,28.173234772985232,1264,True,False,False,True,347.22321939468384
0.05,-14.0,2,3,60,7,50023,-229.0288144950449,-335.0000000000001,31.63318970297169,1384,True,False,False,False,347.22321939468384
0.05,-15.0,1,3,60,0,50013,-253.84195758903388,-359.0000000000002,29.291933819210662,2000,False,True,False,False,431.5992510318756
0.05,-15.0,1,3,60,1,50013,-257.73958246054076,-359.0000000000002,28.206244439960837,1616,True,False,False,True,431.5992510318756
0.05,-15.0,1,3,60,2,50013,-249.7374379412638,-359.0000000000002,30.435254055358314,1535,True,False,False,False,431.5992510318756
0.05,-15.0,1,3,60,3,50013,-253.84147875975975,-359.0000000000002,29.292067197838556,2000,False,True,False,False,431.5992510318756
0.05,-15.0,1,3,60,4,50013,-247.93540698839612,-359.0000000000002,30.937212538051263,2000,False,True,False,False,431.5992510318756
0.05,-15.0,1,3,60,5,50013,-249.7376065519831,-359.0000000000002,30.435207088584136,1282,True,False,False,False,431.5992510318756
0.05,-15.0,1,3,60,6,50013,-253.84193524341623,-359.0000000000002,29.291940043616695,2000,False,True,False,False,431.5992510318756
0.05,-15.0,1,3,60,7,50013,-253.2773431861535,-359.0000000000002,29.449208026141132,2000,False,True,False,False,431.5992510318756
0.05,-13.0,3,1,20,0,50031,-268.8251078202849,-311.0,13.561058578686518,1981,True,False,False,True,367.61963534355164
0.05,-13.0,3,1,20,1,50031,-266.36330713497125,-311.0,14.352634361745578,1913,True,False,False,False,367.61963534355164
0.05,-13.0,3,1,20,2,50031,-267.5442543372843,-311.0,13.972908573220478,1735,True,False,False,False,367.61963534355164
0.05,-13.0,3,1,20,3,50031,-264.52253523989856,-311.0,14.944522430900783,2000,False,True,False,False,367.61963534355164
0.05,-13.0,3,1,20,4,50031,-266.35618964858344,-311.0,14.354922942577671,2000,False,True,False,False,367.61963534355164
0.05,-13.0,3,1,20,5,50031,-266.36286100146185,-311.0,14.352777813034775,2000,False,True,False,False,367.61963534355164
0.05,-13.0,3,1,20,6,50031,-268.7028637160136,-311.0,13.60036536462585,2000,False,True,False,False,367.61963534355164
0.05,-13.0,3,1,20,7,50031,-264.5203311836054,-311.0,14.94523113067351,2000,False,True,False,False,367.61963534355164
0.05,-12.0,4,1,20,0,50041,-248.14013884304825,-286.9999999999998,13.540021309042356,2000,False,True,False,False,338.7765669822693
0.05,-12.0,4,1,20,1,50041,-247.26857974519737,-286.9999999999998,13.843700437213391,1801,True,False,False,False,338.7765669822693
0.05,-12.0,4,1,20,2,50041,-251.26257910715182,-286.9999999999998,12.452063028866892,2000,False,True,False,False,338.7765669822693
0.05,-12.0,4,1,20,3,50041,-244.930621267635,-286.9999999999998,14.658320115806555,2000,False,True,False,False,338.7765669822693
0.05,-12.0,4,1,20,4,50041,-247.26857987954236,-286.9999999999998,13.84370039040329,1728,True,False,False,False,338.7765669822693
0.05,-12.0,4,1,20,5,50041,-251.2638709882734,-286.9999999999998,12.451612896071918,2000,False,True,False,True,338.7765669822693
0.05,-12.0,4,1,20,6,50041,-244.9307311301371,-286.9999999999998,14.658281836189094,1664,True,False,False,False,338.7765669822693
0.05,-12.0,4,1,20,7,50041,-248.1404719487442,-286.9999999999998,13.539905244339934,2000,False,True,False,False,338.7765669822693
0.05,-13.0,3,3,60,0,50033,-219.68933545433325,-311.0,29.360342297642045,1508,True,False,False,False,398.4819769859314
0.05,-13.0,3,3,60,1,50033,-218.89460012343994,-311.0,29.61588420468169,1207,True,False,False,False,398.4819769859314
0.05,-13.0,3,3,60,2,50033,-220.05911166329423,-311.0,29.24144319508224,2000,False,True,False,False,398.4819769859314
0.05,-13.0,3,3,60,3,50033,-223.5010500993138,-311.0,28.134710578998778,1343,True,False,False,False,398.4819769859314
0.05,-13.0,3,3,60,4,50033,-220.23545875896136,-311.0,29.184739948887024,2000,False,True,False,False,398.4819769859314
0.05,-13.0,3,3,60,5,50033,-217.3201838220593,-311.0,30.122127388405367,2000,False,True,False,False,398.4819769859314
0.05,-13.0,3,3,60,6,50033,-223.50105028014076,-311.0,28.134710520855062,1247,True,False,False,True,398.4819769859314
0.05,-13.0,3,3,60,7,50033,-220.05911484900466,-311.0,29.241442170738054,2000,False,True,False,False,398.4819769859314
0.05,-11.0,5,2,40,0,50052,-211.2143747858365,-263.0,19.690351792457605,1588,True,False,False,False,318.1112675666809
0.05,-11.0,5,2,40,1,50052,-203.17436305440333,-263.0,22.747390473610903,1879,True,False,False,False,318.1112675666809
0.05,-11.0,5,2,40,2,50052,-202.8285224849658,-263.0,22.878888788986394,2000,False,True,False,False,318.1112675666809
0.05,-11.0,5,2,40,3,50052,-203.1743629162021,-263.0,22.747390526158892,1888,True,False,False,False,318.1112675666809
0.05,-11.0,5,2,40,4,50052,-211.21437474530973,-263.0,19.690351807867025,1446,True,False,False,False,318.1112675666809
0.05,-11.0,5,2,40,5,50052,-202.72060020056335,-263.0,22.919923878112794,1201,True,False,False,False,318.1112675666809
0.05,-11.0,5,2,40,6,50052,-211.21437493106228,-263.0,19.690351737238675,1354,True,False,False,True,318.1112675666809
0.05,-11.0,5,2,40,7,50052,-211.2143748085787,-263.0,19.69035178381038,1181,True,False,False,False,318.1112675666809
0.05,-11.0,5,1,20,0,50051,-226.70280042610182,-263.0,13.801216568022124,1818,True,False,False,False,334.5325839519501
0.05,-11.0,5,1,20,1,50051,-230.46051856148415,-263.0,12.37242640247751,2000,False,True,False,False,334.5325839519501
0.05,-11.0,5,1,20,2,50051,-225.36897425152327,-263.0,14.308374809306743,2000,False,True,False,False,334.5325839519501
0.05,-11.0,5,1,20,3,50051,-227.57863063480116,-263.0,13.468201279543285,2000,False,True,False,False,334.5325839519501
0.05,-11.0,5,1,20,4,50051,-227.69014309458763,-263.0,13.425801104719534,1739,True,False,False,False,334.5325839519501
0.05,-11.0,5,1,20,5,50051,-224.56881801293656,-263.0,14.61261672511918,1655,True,False,False,False,334.5325839519501
0.05,-11.0,5,1,20,6,50051,-230.46053806792528,-263.0,12.37241898557974,1583,True,False,False,True,334.5325839519501
0.05,-11.0,5,1,20,7,50051,-226.40662779199016,-263.0,13.913829736885871,1505,True,False,False,False,334.5325839519501
0.05,-11.0,5,3,60,0,50053,-185.73600730370188,-263.0,29.377943990987877,925,True,False,False,False,330.48731660842896
0.05,-11.0,5,3,60,1,50053,-186.28605945978663,-263.0,29.168798684491776,2000,False,True,False,False,330.48731660842896
0.05,-11.0,5,3,60,2,50053,-189.2688847924718,-263.0,28.034644565600075,1258,True,False,False,False,330.48731660842896
0.05,-11.0,5,3,60,3,50053,-185.10321932020304,-263.0,29.61854778699504,1129,True,False,False,False,330.48731660842896
0.05,-11.0,5,3,60,4,50053,-189.26888492170545,-263.0,28.034644516461803,994,True,False,False,True,330.48731660842896
0.05,-11.0,5,3,60,5,50053,-186.4569036249989,-263.0,29.103838925855936,1252,True,False,False,False,330.48731660842896
0.05,-11.0,5,3,60,6,50053,-186.28497730071498,-263.0,29.169210151819396,2000,False,True,False,False,330.48731660842896
0.05,-11.0,5,3,60,7,50053,-183.88223025935545,-263.0,30.08280218275458,2000,False,True,False,False,330.48731660842896
0.05,-7.0,9,2,40,0,50092,-124.89290901365777,-166.99999999999986,25.21382693792941,805,True,False,False,False,177.08918976783752
0.05,-7.0,9,2,40,1,50092,-124.89290900590319,-166.99999999999986,25.213826942572876,776,True,False,False,False,177.08918976783752
0.05,-7.0,9,2,40,2,50092,-135.3218922686977,-166.99999999999986,18.96892678521089,945,True,False,False,False,177.08918976783752
0.05,-7.0,9,2,40,3,50092,-129.71703493799217,-166.99999999999986,22.325128779645343,895,True,False,False,False,177.08918976783752
0.05,-7.0,9,2,40,4,50092,-135.32189229436736,-166.99999999999986,18.968926769839836,753,True,False,False,False,177.08918976783752
0.05,-7.0,9,2,40,5,50092,-135.3218922634484,-166.99999999999986,18.968926788354178,931,True,False,False,False,177.08918976783752
0.05,-7.0,9,2,40,6,50092,-135.3218923121528,-166.99999999999986,18.968926759189863,969,True,False,False,True,177.08918976783752
0.05,-7.0,9,2,40,7,50092,-132.5670898002442,-166.99999999999986,20.61850910165012,912,True,False,False,False,177.08918976783752
0.05,-10.0,6,2,40,0,50062,-184.59593368404913,-238.9999999999999,22.763207663577735,1990,True,False,False,False,276.4241142272949
0.05,-10.0,6,2,40,1,50062,-192.23863255021578,-238.9999999999999,19.565425711206746,1287,True,False,False,True,276.4241142272949
0.05,-10.0,6,2,40,2,50062,-178.3391870137836,-238.9999999999999,25.3810932996721,906,True,False,False,False,276.4241142272949
0.05,-10.0,6,2,40,3,50062,-188.66158105627653,-238.9999999999999,21.062099976453297,996,True,False,False,False,276.4241142272949
0.05,-10.0,6,2,40,4,50062,-180.4790488687523,-238.9999999999999,24.485753611400675,2000,False,True,False,False,276.4241142272949
0.05,-10.0,6,2,40,5,50062,-184.6644909882741,-238.9999999999999,22.734522599048454,770,True,False,False,False,276.4241142272949
0.05,-10.0,6,2,40,6,50062,-192.23863254491604,-238.9999999999999,19.56542571342421,1192,True,False,False,False,276.4241142272949
0.05,-10.0,6,2,40,7,50062,-188.66158087209433,-238.9999999999999,21.06210005351698,1217,True,False,False,False,276.4241142272949
0.05,-12.0,4,3,60,0,50043,-203.3450499031146,-286.9999999999998,29.148066235848514,1581,True,False,False,False,364.63028740882874
0.05,-12.0,4,3,60,1,50043,-202.82026425188909,-286.9999999999998,29.330918379132665,1562,True,False,False,False,364.63028740882874
0.05,-12.0,4,3,60,2,50043,-206.38401055194245,-286.9999999999998,28.08919492963672,1213,True,False,False,True,364.63028740882874
0.05,-12.0,4,3,60,3,50043,-200.59963220939696,-286.9999999999998,30.104657766760585,2000,False,True,False,False,364.63028740882874
0.05,-12.0,4,3,60,4,50043,-203.3450495175082,-286.9999999999998,29.14806637020615,1076,True,False,False,False,364.63028740882874
0.05,-12.0,4,3,60,5,50043,-203.17083880822435,-286.9999999999998,29.208766965775435,2000,False,True,False,False,364.63028740882874
0.05,-12.0,4,3,60,6,50043,-203.34504990700114,-286.9999999999998,29.14806623449432,1713,True,False,False,False,364.63028740882874
0.05,-12.0,4,3,60,7,50043,-203.34504989478313,-286.9999999999998,29.14806623875147,1100,True,False,False,False,364.63028740882874
0.05,-9.0,7,2,40,0,50072,-173.2645533379973,-215.00000000000017,19.4118356567455,1330,True,False,False,False,271.9459602832794
0.05,-9.0,7,2,40,1,50072,-173.2645533874027,-215.00000000000017,19.411835633766245,1028,True,False,False,False,271.9459602832794
0.05,-9.0,7,2,40,2,50072,-173.26455333249692,-215.00000000000017,19.411835659303826,1035,True,False,False,False,271.9459602832794
0.05,-9.0,7,2,40,3,50072,-166.20626794208007,-215.00000000000017,22.694759096707003,777,True,False,False,False,271.9459602832794
0.05,-9.0,7,2,40,4,50072,-166.36914383572017,-215.00000000000017,22.61900286710696,2000,False,True,False,False,271.9459602832794
0.05,-9.0,7,2,40,5,50072,-166.36914360517795,-215.00000000000017,22.619002974335896,1252,True,False,False,False,271.9459602832794
0.05,-9.0,7,2,40,6,50072,-173.26455342360723,-215.00000000000017,19.411835616926936,1154,True,False,False,True,271.9459602832794
0.05,-9.0,7,2,40,7,50072,-162.51528583641328,-215.00000000000017,24.411494959807836,2000,False,True,False,False,271.9459602832794
0.05,-10.0,6,1,20,0,50061,-207.12538164194603,-238.9999999999999,13.336660400859357,1737,True,False,False,False,320.2082824707031
0.05,-10.0,6,1,20,1,50061,-209.65800726433483,-238.9999999999999,12.276984408228063,1871,True,False,False,True,320.2082824707031
0.05,-10.0,6,1,20,2,50061,-205.84065399717852,-238.9999999999999,13.874203348460828,2000,False,True,False,False,320.2082824707031
0.05,-10.0,6,1,20,3,50061,-207.12538167527882,-238.9999999999999,13.336660386912587,1288,True,False,False,False,320.2082824707031
0.05,-10.0,6,1,20,4,50061,-207.12538143825492,-238.9999999999999,13.336660486085766,1627,True,False,False,False,320.2082824707031
0.05,-10.0,6,1,20,5,50061,-208.32530191658137,-238.9999999999999,12.83460170854332,1752,True,False,False,False,320.2082824707031
0.05,-10.0,6,1,20,6,50061,-207.01907710309607,-238.9999999999999,13.381139287407462,2000,False,True,False,False,320.2082824707031
0.05,-10.0,6,1,20,7,50061,-208.32530430560067,-238.9999999999999,12.834600708953653,1989,True,False,False,False,320.2082824707031
0.05,-10.0,6,3,60,0,50063,-169.5715886363397,-238.9999999999999,29.049544503623526,1023,True,False,False,False,293.025563955307
0.05,-10.0,6,3,60,1,50063,-169.08212205568023,-238.9999999999999,29.254342236117026,1600,True,False,False,False,293.025563955307
0.05,-10.0,6,3,60,2,50063,-169.08212195236086,-238.9999999999999,29.254342279346883,1612,True,False,False,False,293.025563955307
0.05,-10.0,6,3,60,3,50063,-169.57158866592047,-238.9999999999999,29.049544491246632,1333,True,False,False,False,293.025563955307
0.05,-10.0,6,3,60,4,50063,-168.85104502760308,-238.9999999999999,29.35102718510328,1057,True,False,False,False,293.025563955307
0.05,-10.0,6,3,60,5,50063,-169.57158851629154,-238.9999999999999,29.04954455385288,1079,True,False,False,False,293.025563955307
0.05,-10.0,6,3,60,6,50063,-169.5715885635106,-238.9999999999999,29.04954453409595,1403,True,False,False,False,293.025563955307
0.05,-10.0,6,3,60,7,50063,-172.15611179646072,-238.9999999999999,27.968154060058243,1115,True,False,False,True,293.025563955307
0.05,-8.0,8,2,40,0,50082,-147.95796914333266,-191.00000000000006,22.53509468935465,1098,True,False,False,False,255.53362822532654
0.05,-8.0,8,2,40,1,50082,-147.95796926085032,-191.00000000000006,22.535094627827082,707,True,False,False,False,255.53362822532654
0.05,-8.0,8,2,40,2,50082,-147.9579691409259,-191.00000000000006,22.53509469061473,984,True,False,False,False,255.53362822532654
0.05,-8.0,8,2,40,3,50082,-151.26525356722308,-191.00000000000006,20.80353216375757,834,True,False,False,True,255.53362822532654
0.05,-8.0,8,2,40,4,50082,-142.83463998611504,-191.00000000000006,25.217465975856022,2000,False,True,False,False,255.53362822532654
0.05,-8.0,8,2,40,5,50082,-142.70449964772806,-191.00000000000006,25.285602278676432,813,True,False,False,False,255.53362822532654
0.05,-8.0,8,2,40,6,50082,-144.56171085113291,-191.00000000000006,24.313240392077027,2000,False,True,False,False,255.53362822532654
0.05,-8.0,8,2,40,7,50082,-148.1488742891634,-191.00000000000006,22.43514435122338,1592,True,False,False,False,255.53362822532654
0.05,-8.0,8,1,20,0,50081,-165.90641167811927,-191.00000000000006,13.138004357005645,2000,False,True,False,False,266.8718137741089
0.05,-8.0,8,1,20,1,50081,-168.0554582490005,-191.00000000000006,12.012849084292954,1341,True,False,False,True,266.8718137741089
0.05,-8.0,8,1,20,2,50081,-166.00204829930195,-191.00000000000006,13.08793282759063,1333,True,False,False,False,266.8718137741089
0.05,-8.0,8,1,20,3,50081,-166.7981974460889,-191.00000000000006,12.671100813566053,1341,True,False,False,False,266.8718137741089
0.05,-8.0,8,1,20,4,50081,-166.00204812773868,-191.00000000000006,13.087932917414333,1113,True,False,False,False,266.8718137741089
0.05,-8.0,8,1,20,5,50081,-166.00204859175938,-191.00000000000006,13.087932674471556,1630,True,False,False,False,266.8718137741089
0.05,-8.0,8,1,20,6,50081,-165.0176576731791,-191.00000000000006,13.603320589958617,1162,True,False,False,False,266.8718137741089
0.05,-8.0,8,1,20,7,50081,-168.0554580775655,-191.00000000000006,12.0128491740495,2000,False,True,False,False,266.8718137741089
0.05,-8.0,8,3,60,0,50083,-137.94007531567775,-191.00000000000006,27.780065279749895,691,True,False,False,False,268.35907530784607
0.05,-8.0,8,3,60,1,50083,-129.76395665622155,-191.00000000000006,32.060755677370935,910,True,False,False,False,268.35907530784607
0.05,-8.0,8,3,60,2,50083,-133.76048443195774,-191.00000000000006,29.968332758137333,962,True,False,False,False,268.35907530784607
0.05,-8.0,8,3,60,3,50083,-137.94007537111858,-191.00000000000006,27.78006525072328,1083,True,False,False,True,268.35907530784607
0.05,-8.0,8,3,60,4,50083,-135.8127748789314,-191.00000000000006,28.89383514192075,1140,True,False,False,False,268.35907530784607
0.05,-8.0,8,3,60,5,50083,-135.81277482780501,-191.00000000000006,28.893835168688497,920,True,False,False,False,268.35907530784607
0.05,-8.0,8,3,60,6,50083,-135.8127748366134,-191.00000000000006,28.89383516407677,1176,True,False,False,False,268.35907530784607
0.05,-8.0,8,3,60,7,50083,-132.65798063654265,-191.00000000000006,30.545559876155703,2000,False,True,False,False,268.35907530784607
0.05,-9.0,7,1,20,0,50071,-187.56175084590646,-215.00000000000017,12.76197635074125,1029,True,False,False,False,319.1061725616455
0.05,-9.0,7,1,20,1,50071,-188.85630648479113,-215.00000000000017,12.159857448934426,1516,True,False,False,True,319.1061725616455
0.05,-9.0,7,1,20,2,50071,-187.5617509710564,-215.00000000000017,12.761976292531976,1701,True,False,False,False,319.1061725616455
0.05,-9.0,7,1,20,3,50071,-183.14187242049556,-215.00000000000017,14.81773375790911,2000,False,True,False,False,319.1061725616455
0.05,-9.0,7,1,20,4,50071,-186.4623052961885,-215.00000000000017,13.27334637386588,2000,False,True,False,False,319.1061725616455
0.05,-9.0,7,1,20,5,50071,-186.45789348177473,-215.00000000000017,13.27539838056996,2000,False,True,False,False,319.1061725616455
0.05,-9.0,7,1,20,6,50071,-186.4622395986121,-215.00000000000017,13.273376930878166,2000,False,True,False,False,319.1061725616455
0.05,-9.0,7,1,20,7,50071,-186.46231204625565,-215.00000000000017,13.273343234299768,2000,False,True,False,False,319.1061725616455
0.05,-7.0,9,1,20,0,50091,-143.24826984625423,-166.99999999999986,14.22259290643452,2000,False,True,False,False,253.5116560459137
0.05,-7.0,9,1,20,1,50091,-146.03464384222707,-166.99999999999986,12.55410548369629,1242,True,False,False,False,253.5116560459137
0.05,-7.0,9,1,20,2,50091,-146.0346441626395,-166.99999999999986,12.554105291832563,741,True,False,False,False,253.5116560459137
0.05,-7.0,9,1,20,3,50091,-145.35249174183227,-166.99999999999986,12.962579795309944,2000,False,True,False,False,253.5116560459137
0.05,-7.0,9,1,20,4,50091,-146.03464385334837,-166.99999999999986,12.554105477036828,1176,True,False,False,False,253.5116560459137
0.05,-7.0,9,1,20,5,50091,-143.3918313610222,-166.99999999999986,14.136627927531537,1651,True,False,False,False,253.5116560459137
0.05,-7.0,9,1,20,6,50091,-147.255486525689,-166.99999999999986,11.82306196066519,1172,True,False,False,True,253.5116560459137
0.05,-7.0,9,1,20,7,50091,-145.44378945703565,-166.99999999999986,12.907910504769,859,True,False,False,False,253.5116560459137
0.05,-9.0,7,3,60,0,50073,-151.96977356803154,-215.00000000000017,29.31638438696213,829,True,False,False,False,322.0951976776123
0.05,-9.0,7,3,60,1,50073,-152.689865871009,-215.00000000000017,28.981457734414473,897,True,False,False,False,322.0951976776123
0.05,-9.0,7,3,60,2,50073,-152.5255890739601,-215.00000000000017,29.057865546995355,2000,False,True,False,False,322.0951976776123
0.05,-9.0,7,3,60,3,50073,-155.0462602503498,-215.00000000000017,27.885460348674567,838,True,False,False,True,322.0951976776123
0.05,-9.0,7,3,60,4,50073,-152.68986611753314,-215.00000000000017,28.98145761975208,1198,True,False,False,False,322.0951976776123
0.05,-9.0,7,3,60,5,50073,-149.3758382520496,-215.00000000000017,30.522865929279313,2000,False,True,False,False,322.0951976776123
0.05,-9.0,7,3,60,6,50073,-150.4595049189992,-215.00000000000017,30.018834921395783,2000,False,True,False,False,322.0951976776123
0.05,-9.0,7,3,60,7,50073,-152.21305049254977,-215.00000000000017,29.203232329046674,1017,True,False,False,False,322.0951976776123
0.05,-7.0,9,3,60,0,50093,-118.78233447763127,-166.99999999999986,28.87285360620876,2000,False,True,False,False,318.878701210022
0.05,-7.0,9,3,60,1,50093,-118.94175500167682,-166.99999999999986,28.777392214564717,1085,True,False,False,True,318.878701210022
0.05,-7.0,9,3,60,2,50093,-118.78354934250855,-166.99999999999986,28.872126142210387,2000,False,True,False,False,318.878701210022
0.05,-7.0,9,3,60,3,50093,-118.22302520964939,-166.99999999999986,29.207769335539226,832,True,False,False,False,318.878701210022
0.05,-7.0,9,3,60,4,50093,-118.94175499389857,-166.99999999999986,28.777392219222353,980,True,False,False,False,318.878701210022
0.05,-7.0,9,3,60,5,50093,-117.0670345354624,-166.99999999999986,29.899979320082338,2000,False,True,False,False,318.878701210022
0.05,-7.0,9,3,60,6,50093,-118.94175495811382,-166.99999999999986,28.777392240650347,1000,True,False,False,False,318.878701210022
0.05,-7.0,9,3,60,7,50093,-118.94175494655356,-166.99999999999986,28.77739224757266,791,True,False,False,False,318.878701210022
0.05,-5.0,11,1,20,0,50111,-104.50753709468471,-123.56603968487642,15.423738301231912,1399,True,False,False,False,230.62745690345764
0.05,-5.0,11,1,20,1,50111,-102.61231452561388,-123.56603968487642,16.95751131354509,1253,True,False,False,False,230.62745690345764
0.05,-5.0,11,1,20,2,50111,-105.6582568005653,-123.56603968487642,14.49247943041659,1107,True,False,False,True,230.62745690345764
0.05,-5.0,11,1,20,3,50111,-104.50753712159099,-123.56603968487642,15.423738279457098,1012,True,False,False,False,230.62745690345764
0.05,-5.0,11,1,20,4,50111,-104.3348621783779,-123.56603968487642,15.563481321844344,932,True,False,False,False,230.62745690345764
0.05,-5.0,11,1,20,5,50111,-103.04655261052316,-123.56603968487642,16.60608944551671,1522,True,False,False,False,230.62745690345764
0.05,-5.0,11,1,20,6,50111,-99.9202056806031,-123.56603968487642,19.1361915171644,1672,True,False,False,False,230.62745690345764
0.05,-5.0,11,1,20,7,50111,-104.33486207897147,-123.56603968487642,15.563481402292368,880,True,False,False,False,230.62745690345764
0.05,-6.0,10,1,20,0,50101,-126.45641292350629,-143.00000000000034,11.568942011534272,1182,True,False,False,True,304.0379731655121
0.05,-6.0,10,1,20,1,50101,-124.88801015531021,-143.00000000000034,12.665727164118943,1096,True,False,False,False,304.0379731655121
0.05,-6.0,10,1,20,2,50101,-124.80067809735753,-143.00000000000034,12.726798533316618,2000,False,True,False,False,304.0379731655121
0.05,-6.0,10,1,20,3,50101,-124.80067783999516,-143.00000000000034,12.726798713290306,1615,True,False,False,False,304.0379731655121
0.05,-6.0,10,1,20,4,50101,-124.80067789644853,-143.00000000000034,12.726798673812423,2000,False,True,False,False,304.0379731655121
0.05,-6.0,10,1,20,5,50101,-123.59997231872582,-143.00000000000034,13.566452923968164,1149,True,False,False,False,304.0379731655121
0.05,-6.0,10,1,20,6,50101,-124.80067794402405,-143.00000000000034,12.726798640542833,1929,True,False,False,False,304.0379731655121
0.05,-6.0,10,1,20,7,50101,-125.27109054701825,-143.00000000000034,12.397838778309128,1929,True,False,False,False,304.0379731655121
0.05,-6.0,10,2,40,0,50102,-116.35356503211514,-143.00000000000034,18.63387060691268,831,True,False,False,False,298.36590600013733
0.05,-6.0,10,2,40,1,50102,-107.08636159880301,-143.00000000000034,25.114432448389685,827,True,False,False,False,298.36590600013733
0.05,-6.0,10,2,40,2,50102,-116.3535650731331,-143.00000000000034,18.633870578228798,649,True,False,False,False,298.36590600013733
0.05,-6.0,10,2,40,3,50102,-109.48338825193066,-143.00000000000034,23.438190033615104,2000,False,True,False,False,298.36590600013733
0.05,-6.0,10,2,40,4,50102,-116.35356512501389,-143.00000000000034,18.633870541948525,1835,True,False,False,True,298.36590600013733
0.05,-6.0,10,2,40,5,50102,-111.48471372311725,-143.00000000000034,22.038661732086023,2000,False,True,False,False,298.36590600013733
0.05,-6.0,10,2,40,6,50102,-111.48478302163302,-143.00000000000034,22.038613271585486,1738,True,False,False,False,298.36590600013733
0.05,-6.0,10,2,40,7,50102,-109.48338871275087,-143.00000000000034,23.438189711363215,1262,True,False,False,False,298.36590600013733
0.05,-5.0,11,3,60,0,50113,-86.65498958737135,-123.56603968487642,29.87151663324103,697,True,False,False,False,222.63838410377502
0.05,-5.0,11,3,60,1,50113,-86.65498959688674,-123.56603968487642,29.87151662554038,686,True,False,False,True,222.63838410377502
0.05,-5.0,11,3,60,2,50113,-84.51062317510068,-123.56603968487642,31.60691773352662,928,True,False,False,False,222.63838410377502
0.05,-5.0,11,3,60,3,50113,-84.73676611626777,-123.56603968487642,31.423903904044163,716,True,False,False,False,222.63838410377502
0.05,-5.0,11,3,60,4,50113,-85.22688307642478,-123.56603968487642,31.027260164868796,778,True,False,False,False,222.63838410377502
0.05,-5.0,11,3,60,5,50113,-85.0767856357517,-123.56603968487642,31.148731599136553,2000,False,True,False,False,222.63838410377502
0.05,-5.0,11,3,60,6,50113,-85.22688304097122,-123.56603968487642,31.027260193560796,879,True,False,False,False,222.63838410377502
0.05,-5.0,11,3,60,7,50113,-85.22688307395359,-123.56603968487642,31.027260166868697,851,True,False,False,False,222.63838410377502
0.05,-6.0,10,3,60,0,50103,-101.92504870156169,-143.00000000000034,28.723742166740244,2000,False,True,False,False,316.7102177143097
0.05,-6.0,10,3,60,1,50103,-101.9190014205832,-143.00000000000034,28.72797103455737,2000,False,True,False,False,316.7102177143097
0.05,-6.0,10,3,60,2,50103,-101.60583724986539,-143.00000000000034,28.94696695813626,651,True,False,False,False,316.7102177143097
0.05,-6.0,10,3,60,3,50103,-100.80615742578672,-143.00000000000034,29.506183618331132,641,True,False,False,False,316.7102177143097
0.05,-6.0,10,3,60,4,50103,-102.07883207749094,-143.00000000000034,28.616201344412097,977,True,False,False,True,316.7102177143097
0.05,-6.0,10,3,60,5,50103,-100.3852829115794,-143.00000000000034,29.80050146043416,2000,False,True,False,False,316.7102177143097
0.05,-6.0,10,3,60,6,50103,-101.92537297146018,-143.00000000000034,28.723515404573476,2000,False,True,False,False,316.7102177143097
0.05,-6.0,10,3,60,7,50103,-97.40978274060957,-143.00000000000034,31.8812708107627,777,True,False,False,False,316.7102177143097
0.05,-5.0,11,2,40,0,50112,-95.01369242042092,-123.56603968487642,23.10695344551865,2000,False,True,False,False,238.68775248527527
0.05,-5.0,11,2,40,1,50112,-97.3874043441377,-123.56603968487642,21.18594672735375,808,True,False,False,False,238.68775248527527
0.05,-5.0,11,2,40,2,50112,-95.00595966728208,-123.56603968487642,23.113211437729582,2000,False,True,False,False,238.68775248527527
0.05,-5.0,11,2,40,3,50112,-94.9279839626755,-123.56603968487642,23.176315915954703,734,True,False,False,False,238.68775248527527
0.05,-5.0,11,2,40,4,50112,-97.38740437095093,-123.56603968487642,21.18594670565424,900,True,False,False,False,238.68775248527527
0.05,-5.0,11,2,40,5,50112,-97.38740434184517,-123.56603968487642,21.185946729209064,857,True,False,False,False,238.68775248527527
0.05,-5.0,11,2,40,6,50112,-97.38740438029198,-123.56603968487642,21.185946698094675,1112,True,False,False,True,238.68775248527527
0.05,-5.0,11,2,40,7,50112,-95.17076225868654,-123.56603968487642,22.979839362501842,1008,True,False,False,False,238.68775248527527
0.05,-4.0,12,2,40,0,50122,-76.47259844666131,-107.56603968487627,28.906373544387993,954,True,False,False,False,289.2884101867676
0.05,-4.0,12,2,40,1,50122,-78.89898106556699,-107.56603968487627,26.650659170210076,2000,False,True,False,True,289.2884101867676
0.05,-4.0,12,2,40,2,50122,-78.42352399311623,-107.56603968487627,27.092673279722373,717,True,False,False,False,289.2884101867676
0.05,-4.0,12,2,40,3,50122,-76.31580846513397,-107.56603968487627,29.05213514534185,762,True,False,False,False,289.2884101867676
0.05,-4.0,12,2,40,4,50122,-78.42229117490163,-107.56603968487627,27.093819383286487,2000,False,True,False,False,289.2884101867676
0.05,-4.0,12,2,40,5,50122,-76.31580800224721,-107.56603968487627,29.052135575669823,2000,False,True,False,False,289.2884101867676
0.05,-4.0,12,2,40,6,50122,-74.3721271595823,-107.56603968487627,30.859100718533767,2000,False,True,False,False,289.2884101867676
0.05,-4.0,12,2,40,7,50122,-76.47259848584201,-107.56603968487627,28.906373507963202,977,True,False,False,False,289.2884101867676
0.05,-4.0,12,1,20,0,50121,-87.01173427490072,-107.56603968487627,19.108545290122343,2000,False,True,False,False,308.59724521636963
0.05,-4.0,12,1,20,1,50121,-86.09172539988265,-107.56603968487627,19.963842071256344,1718,True,False,False,False,308.59724521636963
0.05,-4.0,12,1,20,2,50121,-87.07732292665344,-107.56603968487627,19.04757004928902,1175,True,False,False,True,308.59724521636963
0.05,-4.0,12,1,20,3,50121,-87.00934202111118,-107.56603968487627,19.110769276239658,2000,False,True,False,False,308.59724521636963
0.05,-4.0,12,1,20,4,50121,-87.0380712465025,-107.56603968487627,19.084060823018287,2000,False,True,False,False,308.59724521636963
0.05,-4.0,12,1,20,5,50121,-87.02616524311091,-107.56603968487627,19.095129375348062,2000,False,True,False,False,308.59724521636963
0.05,-4.0,12,1,20,6,50121,-83.74398360168027,-107.56603968487627,22.146447106340172,1004,True,False,False,False,308.59724521636963
0.05,-4.0,12,1,20,7,50121,-86.09171820914568,-107.56603968487627,19.96384875620727,2000,False,True,False,False,308.59724521636963
0.05,-4.0,12,3,60,0,50123,-68.38999203859174,-107.56603968487627,36.42046110561851,1571,True,False,False,False,320.76933312416077
0.05,-4.0,12,3,60,1,50123,-66.94173656656601,-107.56603968487627,37.766848382001015,1560,True,False,False,False,320.76933312416077
0.05,-4.0,12,3,60,2,50123,-68.38999209594296,-107.56603968487627,36.42046105230129,662,True,False,False,True,320.76933312416077
0.05,-4.0,12,3,60,3,50123,-68.24238450249129,-107.56603968487627,36.55768614107847,2000,False,True,False,False,320.76933312416077
0.05,-4.0,12,3,60,4,50123,-68.38999208964347,-107.56603968487627,36.420461058157684,707,True,False,False,False,320.76933312416077
0.05,-4.0,12,3,60,5,50123,-68.24145557353981,-107.56603968487627,36.55854973051079,2000,False,True,False,False,320.76933312416077
0.05,-4.0,12,3,60,6,50123,-68.24241576570749,-107.56603968487627,36.55765707687169,1769,True,False,False,False,320.76933312416077
0.05,-4.0,12,3,60,7,50123,-68.38999208994706,-107.56603968487627,36.42046105787545,518,True,False,False,False,320.76933312416077
0.05,-2.0,14,3,60,0,50143,-34.283298223829796,-75.56603968487632,54.6313418477438,1172,True,False,False,False,289.3314325809479
0.05,-2.0,14,3,60,1,50143,-36.93465561429124,-75.56603968487632,51.12267922427157,890,True,False,False,False,289.3314325809479
0.05,-2.0,14,3,60,2,50143,-37.38763461176744,-75.56603968487632,50.523231377904075,1695,True,False,False,True,289.3314325809479
0.05,-2.0,14,3,60,3,50143,-36.93465561086166,-75.56603968487632,51.122679228810085,1002,True,False,False,False,289.3314325809479
0.05,-2.0,14,3,60,4,50143,-36.18427195894792,-75.56603968487632,52.115696270649224,2000,False,True,False,False,289.3314325809479
0.05,-2.0,14,3,60,5,50143,-35.76408965552942,-75.56603968487632,52.671742750219586,1087,True,False,False,False,289.3314325809479
0.05,-2.0,14,3,60,6,50143,-36.934655564542155,-75.56603968487632,51.12267929010681,1250,True,False,False,False,289.3314325809479
0.05,-2.0,14,3,60,7,50143,-35.562976832332666,-75.56603968487632,52.937884556824024,1055,True,False,False,False,289.3314325809479
0.05,-3.0,13,1,20,0,50131,-71.2005033704839,-91.56603968487632,22.24136413945631,2000,False,True,False,False,349.9302747249603
0.05,-3.0,13,1,20,1,50131,-71.18844878678881,-91.56603968487632,22.254529046158154,2000,False,True,False,False,349.9302747249603
0.05,-3.0,13,1,20,2,50131,-67.89767058024825,-91.56603968487632,25.848414091165832,1692,True,False,False,False,349.9302747249603
0.05,-3.0,13,1,20,3,50131,-71.200213084656,-91.56603968487632,22.241681162917082,2000,False,True,False,False,349.9302747249603
0.05,-3.0,13,1,20,4,50131,-71.34911189510133,-91.56603968487632,22.079067588105104,1314,True,False,False,True,349.9302747249603
0.05,-3.0,13,1,20,5,50131,-71.20047151091558,-91.56603968487632,22.241398933544197,2000,False,True,False,False,349.9302747249603
0.05,-3.0,13,1,20,6,50131,-70.60772896813486,-91.56603968487632,22.88873777753115,2000,False,True,False,False,349.9302747249603
0.05,-3.0,13,1,20,7,50131,-70.60772653478855,-91.56603968487632,22.888740435008003,2000,False,True,False,False,349.9302747249603
0.05,-2.0,14,1,20,0,50141,-55.21650763676254,-75.56603968487632,26.9294674340152,2000,False,True,False,False,345.61594414711
0.05,-2.0,14,1,20,1,50141,-52.35432903860875,-75.56603968487632,30.71711941377963,1468,True,False,False,False,345.61594414711
0.05,-2.0,14,1,20,2,50141,-55.41732364913694,-75.56603968487632,26.66371841076106,2000,False,True,False,False,345.61594414711
0.05,-2.0,14,1,20,3,50141,-55.41129959051815,-75.56603968487632,26.671690323334374,2000,False,True,False,False,345.61594414711
0.05,-2.0,14,1,20,4,50141,-55.20296025393908,-75.56603968487632,26.947395305953386,2000,False,True,False,False,345.61594414711
0.05,-2.0,14,1,20,5,50141,-55.20376735729517,-75.56603968487632,26.94632722913018,2000,False,True,False,False,345.61594414711
0.05,-2.0,14,1,20,6,50141,-55.052323248652094,-75.56603968487632,27.14674015175339,2000,False,True,False,False,345.61594414711
0.05,-2.0,14,1,20,7,50141,-55.69663955430596,-75.56603968487632,26.294086885364443,2000,False,True,False,True,345.61594414711
0.05,-2.0,14,2,40,0,50142,-46.96432139378797,-75.56603968487632,37.849963304101344,2000,False,True,False,False,352.20087218284607
0.05,-2.0,14,2,40,1,50142,-46.96441536834465,-75.56603968487632,37.849838943268,2000,False,True,False,True,352.20087218284607
0.05,-2.0,14,2,40,2,50142,-43.297611529425104,-75.56603968487632,42.702288342774395,2000,False,True,False,False,352.20087218284607
0.05,-2.0,14,2,40,3,50142,-46.00132866971939,-75.56603968487632,39.12433566513076,1301,True,False,False,False,352.20087218284607
0.05,-2.0,14,2,40,4,50142,-46.001328523138646,-75.56603968487632,39.12433585910777,1342,True,False,False,False,352.20087218284607
0.05,-2.0,14,2,40,5,50142,-46.964359121734546,-75.56603968487632,37.84991337698232,2000,False,True,False,False,352.20087218284607
0.05,-2.0,14,2,40,6,50142,-46.001328548505974,-75.56603968487632,39.12433582553802,1241,True,False,False,False,352.20087218284607
0.05,-2.0,14,2,40,7,50142,-46.67258205099893,-75.56603968487632,38.236035333290175,2000,False,True,False,False,352.20087218284607
0.05,-3.0,13,2,40,0,50132,-62.87061518075293,-91.56603968487632,31.33850126409139,2000,False,True,False,True,397.75639271736145
0.05,-3.0,13,2,40,1,50132,-58.55909544893291,-91.56603968487632,36.04714624497959,2000,False,True,False,False,397.75639271736145
0.05,-3.0,13,2,40,2,50132,-61.82192331617884,-91.56603968487632,32.48378598775439,2000,False,True,False,False,397.75639271736145
0.05,-3.0,13,2,40,3,50132,-62.820216357453795,-91.56603968487632,31.393542219747633,2000,False,True,False,False,397.75639271736145
0.05,-3.0,13,2,40,4,50132,-61.82195358902119,-91.56603968487632,32.48375292654255,1429,True,False,False,False,397.75639271736145
0.05,-3.0,13,2,40,5,50132,-62.864161682995764,-91.56603968487632,31.34554918030506,2000,False,True,False,False,397.75639271736145
0.05,-3.0,13,2,40,6,50132,-62.834012842360856,-91.56603968487632,31.378474968881985,2000,False,True,False,False,397.75639271736145
0.05,-3.0,13,2,40,7,50132,-58.536018016442824,-91.56603968487632,36.072349292495346,2000,False,True,False,False,397.75639271736145
0.05,-1.0,15,1,20,0,50151,-39.68193812454257,-59.5660396848763,33.381607482261856,2000,False,True,False,False,362.2581729888916
0.05,-1.0,15,1,20,1,50151,-39.6819921148754,-59.5660396848763,33.381516842808374,1488,True,False,False,False,362.2581729888916
0.05,-1.0,15,1,20,2,50151,-39.87986734590643,-59.5660396848763,33.049322135760775,2000,False,True,False,False,362.2581729888916
0.05,-1.0,15,1,20,3,50151,-40.12432722976166,-59.5660396848763,32.63892069704082,1954,True,False,False,True,362.2581729888916
0.05,-1.0,15,1,20,4,50151,-39.68197695589099,-59.5660396848763,33.38154229184694,2000,False,True,False,False,362.2581729888916
0.05,-1.0,15,1,20,5,50151,-39.67830738660082,-59.5660396848763,33.38770279758071,2000,False,True,False,False,362.2581729888916
0.05,-1.0,15,1,20,6,50151,-39.88292713130196,-59.5660396848763,33.044185340681366,2000,False,True,False,False,362.2581729888916
0.05,-1.0,15,1,20,7,50151,-39.81896624032066,-59.5660396848763,33.15156345633195,2000,False,True,False,False,362.2581729888916
0.05,-3.0,13,3,60,0,50133,-52.55961559066321,-91.56603968487632,42.59922590127667,1789,True,False,False,False,408.8981957435608
0.05,-3.0,13,3,60,1,50133,-50.99862377828919,-91.56603968487632,44.30399747133272,600,True,False,False,False,408.8981957435608
0.05,-3.0,13,3,60,2,50133,-50.61045210380551,-91.56603968487632,44.72792284346804,2000,False,True,False,False,408.8981957435608
0.05,-3.0,13,3,60,3,50133,-52.75616442446852,-91.56603968487632,42.38457335707826,2000,False,True,False,False,408.8981957435608
0.05,-3.0,13,3,60,4,50133,-51.86518355087886,-91.56603968487632,43.357620653495104,2000,False,True,False,False,408.8981957435608
0.05,-3.0,13,3,60,5,50133,-51.86525634394119,-91.56603968487632,43.357541155612935,2000,False,True,False,False,408.8981957435608
0.05,-3.0,13,3,60,6,50133,-52.75638227188976,-91.56603968487632,42.384335444177374,2000,False,True,False,True,408.8981957435608
0.05,-3.0,13,3,60,7,50133,-52.74865827326906,-91.56603968487632,42.392770884486126,2000,False,True,False,False,408.8981957435608
0.05,-1.0,15,2,40,0,50152,-31.292446549330506,-59.5660396848763,47.465960948759204,1687,True,False,False,True,382.0111107826233
0.05,-1.0,15,2,40,1,50152,-31.292446396472148,-59.5660396848763,47.46596120537918,1813,True,False,False,False,382.0111107826233
0.05,-1.0,15,2,40,2,50152,-31.29243495597647,-59.5660396848763,47.465980411785615,2000,False,True,False,False,382.0111107826233
0.05,-1.0,15,2,40,3,50152,-28.479236277566418,-59.5660396848763,52.18880350577136,2000,False,True,False,False,382.0111107826233
0.05,-1.0,15,2,40,4,50152,-31.292444464335812,-59.5660396848763,47.46596444906694,2000,False,True,False,False,382.0111107826233
0.05,-1.0,15,2,40,5,50152,-31.22676743574354,-59.5660396848763,47.576223631882726,1665,True,False,False,False,382.0111107826233
0.05,-1.0,15,2,40,6,50152,-31.231553023115033,-59.5660396848763,47.56818954501576,2000,False,True,False,False,382.0111107826233
0.05,-1.0,15,2,40,7,50152,-31.231448440158996,-59.5660396848763,47.56836511981743,2000,False,True,False,False,382.0111107826233
0.05,0.0,16,1,20,0,50161,-24.834992689689148,-43.56603968487638,42.994605731146066,2000,False,True,False,False,367.03483033180237
0.05,0.0,16,1,20,1,50161,-23.85244691964149,-43.56603968487638,45.24990774426144,2000,False,True,False,False,367.03483033180237
0.05,0.0,16,1,20,2,50161,-23.63088389001837,-43.56603968487638,45.758475957543475,2000,False,True,False,False,367.03483033180237
0.05,0.0,16,1,20,3,50161,-24.847686606252974,-43.56603968487638,42.96546854847892,2000,False,True,False,True,367.03483033180237
0.05,0.0,16,1,20,4,50161,-23.754346730599348,-43.56603968487638,45.4750835687149,2000,False,True,False,False,367.03483033180237
0.05,0.0,16,1,20,5,50161,-23.519412866624297,-43.56603968487638,46.01434273864263,2000,False,True,False,False,367.03483033180237
0.05,0.0,16,1,20,6,50161,-23.9973635793798,-43.56603968487638,44.91727099144542,2000,False,True,False,False,367.03483033180237
0.05,0.0,16,1,20,7,50161,-24.63186319061131,-43.56603968487638,43.460862247797856,2000,False,True,False,False,367.03483033180237
0.05,-1.0,15,3,60,0,50153,-22.28123523098352,-59.5660396848763,62.59406307879709,2000,False,True,False,False,435.06746101379395
0.05,-1.0,15,3,60,1,50153,-22.28093136764863,-59.5660396848763,62.594573207280526,2000,False,True,False,False,435.06746101379395
0.05,-1.0,15,3,60,2,50153,-22.27721585344062,-59.5660396848763,62.600810845753166,2000,False,True,False,False,435.06746101379395
0.05,-1.0,15,3,60,3,50153,-22.34973620353695,-59.5660396848763,62.47906303361057,2000,False,True,False,False,435.06746101379395
0.05,-1.0,15,3,60,4,50153,-22.349736260621253,-59.5660396848763,62.47906293777693,2000,False,True,False,False,435.06746101379395
0.05,-1.0,15,3,60,5,50153,-22.28186038319866,-59.5660396848763,62.593013567668855,1871,True,False,False,False,435.06746101379395
0.05,-1.0,15,3,60,6,50153,-22.281836046563317,-59.5660396848763,62.59305442422988,2000,False,True,False,False,435.06746101379395
0.05,-1.0,15,3,60,7,50153,-22.521150874709257,-59.5660396848763,62.19129055103636,1051,True,False,False,True,435.06746101379395
0.05,1.0,17,1,20,0,50171,-13.842821780346089,-35.56603968487631,61.07854036323182,2000,False,True,False,False,368.2393445968628
0.05,1.0,17,1,20,1,50171,-13.889853207190763,-35.56603968487631,60.946303467413834,2000,False,True,False,True,368.2393445968628
0.05,1.0,17,1,20,2,50171,-12.916807589121055,-35.56603968487631,63.682187548664146,2000,False,True,False,False,368.2393445968628
0.05,1.0,17,1,20,3,50171,-13.873564049056608,-35.56603968487631,60.99210321987004,2000,False,True,False,False,368.2393445968628
0.05,1.0,17,1,20,4,50171,-12.963321693520925,-35.56603968487631,63.55140519332745,2000,False,True,False,False,368.2393445968628
0.05,1.0,17,1,20,5,50171,-13.881396423597064,-35.56603968487631,60.97008116003473,2000,False,True,False,False,368.2393445968628
0.05,1.0,17,1,20,6,50171,-13.487461874327447,-35.56603968487631,62.077695481898985,2000,False,True,False,False,368.2393445968628
0.05,1.0,17,1,20,7,50171,-12.303648712739859,-35.56603968487631,65.40618853897384,2000,False,True,False,False,368.2393445968628
0.05,2.0,18,1,20,0,50181,-4.215717031696782,-27.566039684876316,84.70684552482281,2000,False,True,False,False,351.41102027893066
0.05,2.0,18,1,20,1,50181,-4.71652374659993,-27.566039684876316,82.89009302563119,2000,False,True,False,False,351.41102027893066
0.05,2.0,18,1,20,2,50181,-3.0702875032609,-27.566039684876316,88.86206528627554,2000,False,True,False,False,351.41102027893066
0.05,2.0,18,1,20,3,50181,-4.132193510502814,-27.566039684876316,85.00983979657447,2000,False,True,False,False,351.41102027893066
0.05,2.0,18,1,20,4,50181,-4.13385366255135,-27.566039684876316,85.00381734261478,2000,False,True,False,False,351.41102027893066
0.05,2.0,18,1,20,5,50181,-4.753761478299944,-27.566039684876316,82.75500749239644,2000,False,True,False,False,351.41102027893066
0.05,2.0,18,1,20,6,50181,-4.815836854976759,-27.566039684876316,82.52981962578072,2000,False,True,False,True,351.41102027893066
0.05,2.0,18,1,20,7,50181,-4.135064334632081,-27.566039684876316,84.99942544557562,2000,False,True,False,False,351.41102027893066
0.05,0.0,16,2,40,0,50162,-16.70132217880942,-43.56603968487638,61.66435531066379,2000,False,True,False,False,412.7175681591034
0.05,0.0,16,2,40,1,50162,-16.392195543615852,-43.56603968487638,62.37391403445313,2000,False,True,False,False,412.7175681591034
0.05,0.0,16,2,40,2,50162,-16.153853091169076,-43.56603968487638,62.920997161978065,2000,False,True,False,False,412.7175681591034
0.05,0.0,16,2,40,3,50162,-16.39011688189524,-43.56603968487638,62.378685323594055,2000,False,True,False,False,412.7175681591034
0.05,0.0,16,2,40,4,50162,-16.391181517146613,-43.56603968487638,62.37624159618831,2000,False,True,False,False,412.7175681591034
0.05,0.0,16,2,40,5,50162,-16.694831792295197,-43.56603968487638,61.679253122264676,2000,False,True,False,False,412.7175681591034
0.05,0.0,16,2,40,6,50162,-16.65016961341747,-43.56603968487638,61.78176916274203,2000,False,True,False,False,412.7175681591034
0.05,0.0,16,2,40,7,50162,-16.727154602377357,-43.56603968487638,61.60506044761268,2000,False,True,False,True,412.7175681591034
0.05,1.0,17,2,40,0,50172,-6.53053137923594,-35.56603968487631,81.63829474100007,2000,False,True,False,False,416.96399116516113
0.05,1.0,17,2,40,1,50172,-5.472816514490941,-35.56603968487631,84.61224088208466,2000,False,True,False,False,416.96399116516113
0.05,1.0,17,2,40,2,50172,-4.161210504825869,-35.56603968487631,88.30004537560214,2000,False,True,False,False,416.96399116516113
0.05,1.0,17,2,40,3,50172,-6.53069813931956,-35.56603968487631,81.63782586652007,2000,False,True,False,True,416.96399116516113
0.05,1.0,17,2,40,4,50172,-5.475314067197508,-35.56603968487631,84.60521858573485,2000,False,True,False,False,416.96399116516113
0.05,1.0,17,2,40,5,50172,-4.278487593199477,-35.56603968487631,87.97030079506204,2000,False,True,False,False,416.96399116516113
0.05,1.0,17,2,40,6,50172,-5.40534215800111,-35.56603968487631,84.80195656898056,2000,False,True,False,False,416.96399116516113
0.05,1.0,17,2,40,7,50172,-3.080908257581849,-35.56603968487631,91.33749980352202,2000,False,True,False,False,416.96399116516113
0.05,2.0,18,2,40,0,50182,3.889965290234193,-27.566039684876316,114.11144050687977,2000,False,True,False,False,394.00190591812134
0.05,2.0,18,2,40,1,50182,5.15700539217027,-27.566039684876316,118.70782111294567,1842,True,False,False,False,394.00190591812134
0.05,2.0,18,2,40,2,50182,3.482803082428234,-27.566039684876316,112.63439769456262,2000,False,True,False,False,394.00190591812134
0.05,2.0,18,2,40,3,50182,4.2314357817215935,-27.566039684876316,115.35017663071531,2000,False,True,False,False,394.00190591812134
0.05,2.0,18,2,40,4,50182,3.890043478301062,-27.566039684876316,114.11172414597979,2000,False,True,False,False,394.00190591812134
0.05,2.0,18,2,40,5,50182,4.232057245355998,-27.566039684876316,115.35243108453423,2000,False,True,False,False,394.00190591812134
0.05,2.0,18,2,40,6,50182,3.482672839745638,-27.566039684876316,112.63392521942987,2000,False,True,False,True,394.00190591812134
0.05,2.0,18,2,40,7,50182,4.239052653379077,-27.566039684876316,115.37780799069503,2000,False,True,False,False,394.00190591812134
0.05,1.0,17,3,60,0,50173,3.238046511461795,-35.56603968487631,109.10432125744578,1020,True,False,False,False,418.73783826828003
0.05,1.0,17,3,60,1,50173,1.82725914640576,-35.56603968487631,105.13765142983506,2000,False,True,False,True,418.73783826828003
0.05,1.0,17,3,60,2,50173,1.8285465189654044,-35.56603968487631,105.14127109784155,2000,False,True,False,False,418.73783826828003
0.05,1.0,17,3,60,3,50173,2.7856275197854368,-35.56603968487631,107.83226792880727,2000,False,True,False,False,418.73783826828003
0.05,1.0,17,3,60,4,50173,2.776591144071673,-35.56603968487631,107.80686061386913,2000,False,True,False,False,418.73783826828003
0.05,1.0,17,3,60,5,50173,1.8301638201258554,-35.56603968487631,105.14581841650504,2000,False,True,False,False,418.73783826828003
0.05,1.0,17,3,60,6,50173,2.5078761337304543,-35.56603968487631,107.05132242991023,2000,False,True,False,False,418.73783826828003
0.05,1.0,17,3,60,7,50173,2.526722763445261,-35.56603968487631,107.10431295087291,1498,True,False,False,False,418.73783826828003
0.05,0.0,16,3,60,0,50163,-8.788119070664036,-43.56603968487638,79.82805154145153,2000,False,True,False,False,463.3316240310669
0.05,0.0,16,3,60,1,50163,-8.598082653189307,-43.56603968487638,80.26425464563384,2000,False,True,False,False,463.3316240310669
0.05,0.0,16,3,60,2,50163,-8.088820687659563,-43.56603968487638,81.43319717337646,2000,False,True,False,False,463.3316240310669
0.05,0.0,16,3,60,3,50163,-8.787940738332054,-43.56603968487638,79.82846087939748,2000,False,True,False,False,463.3316240310669
0.05,0.0,16,3,60,4,50163,-8.792186356737538,-43.56603968487638,79.81871563186938,2000,False,True,False,True,463.3316240310669
0.05,0.0,16,3,60,5,50163,-8.786470211002202,-43.56603968487638,79.83183627762162,2000,False,True,False,False,463.3316240310669
0.05,0.0,16,3,60,6,50163,-8.354038174042604,-43.56603968487638,80.82442601055921,2000,False,True,False,False,463.3316240310669
0.05,0.0,16,3,60,7,50163,-8.598028035826221,-43.56603968487638,80.26438001246424,2000,False,True,False,False,463.3316240310669
0.05,3.0,19,1,20,0,50191,5.475569557632639,-19.56603968487626,127.98506823976766,2000,False,True,False,False,344.8415765762329
0.05,3.0,19,1,20,1,50191,5.466121308097924,-19.56603968487626,127.93677921609763,2000,False,True,False,False,344.8415765762329
0.05,3.0,19,1,20,2,50191,3.72096688972554,-19.56603968487626,119.0174759412437,2000,False,True,False,False,344.8415765762329
0.05,3.0,19,1,20,3,50191,5.394136137650654,-19.56603968487626,127.56887047418238,2000,False,True,False,False,344.8415765762329
0.05,3.0,19,1,20,4,50191,5.271095367205414,-19.56603968487626,126.94002185470244,2000,False,True,False,False,344.8415765762329
0.05,3.0,19,1,20,5,50191,6.21777946054334,-19.56603968487626,131.77842609278477,2000,False,True,False,False,344.8415765762329
0.05,3.0,19,1,20,6,50191,5.327265642975647,-19.56603968487626,127.22710230979139,2000,False,True,False,False,344.8415765762329
0.05,3.0,19,1,20,7,50191,3.7206606286416366,-19.56603968487626,119.01591067260051,2000,False,True,False,True,344.8415765762329
0.05,4.0,20,1,20,0,50201,10.70719962902463,-11.566039684876385,192.574467326316,2000,False,True,False,False,348.4192349910736
0.05,4.0,20,1,20,1,50201,10.70703896249774,-11.566039684876385,192.57307820323436,2000,False,True,False,False,348.4192349910736
0.05,4.0,20,1,20,2,50201,10.820829317466591,-11.566039684876385,193.55690981776397,2000,False,True,False,False,348.4192349910736
0.05,4.0,20,1,20,3,50201,12.354645554564518,-11.566039684876385,206.81828777329292,2000,False,True,False,False,348.4192349910736
0.05,4.0,20,1,20,4,50201,10.723707600021083,-11.566039684876385,192.7171952733594,2000,False,True,False,False,348.4192349910736
0.05,4.0,20,1,20,5,50201,10.565767194318884,-11.566039684876385,191.35164224046846,2000,False,True,False,True,348.4192349910736
0.05,4.0,20,1,20,6,50201,10.711767718723292,-11.566039684876385,192.61396303809912,2000,False,True,False,False,348.4192349910736
0.05,4.0,20,1,20,7,50201,12.390140289510198,-11.566039684876385,207.12517531572536,2000,False,True,False,False,348.4192349910736
0.05,3.0,19,3,60,0,50193,19.214883111798336,-19.56603968487626,198.20527516690385,2000,False,True,False,True,369.6543400287628
0.05,3.0,19,3,60,1,50193,19.289096754336793,-19.56603968487626,198.58457339860388,1347,True,False,False,False,369.6543400287628
0.05,3.0,19,3,60,2,50193,19.215501499718684,-19.56603968487626,198.20843568344327,2000,False,True,False,False,369.6543400287628
0.05,3.0,19,3,60,3,50193,19.21500360950223,-19.56603968487626,198.2058910181739,2000,False,True,False,False,369.6543400287628
0.05,3.0,19,3,60,4,50193,19.27017926883169,-19.56603968487626,198.48788809176722,1101,True,False,False,False,369.6543400287628
0.05,3.0,19,3,60,5,50193,22.09549139413043,-19.56603968487626,212.92776540369246,2000,False,True,False,False,369.6543400287628
0.05,3.0,19,3,60,6,50193,21.212861123642146,-19.56603968487626,208.41673361236616,2000,False,True,False,False,369.6543400287628
0.05,3.0,19,3,60,7,50193,19.270243826704174,-19.56603968487626,198.48821804035936,1113,True,False,False,False,369.6543400287628
0.05,4.0,20,2,40,0,50202,16.508073156685644,-11.566039684876385,242.7288303209905,2000,False,True,False,True,343.2357966899872
0.05,4.0,20,2,40,1,50202,18.423920953339895,-11.566039684876385,259.29325383027,1620,True,False,False,False,343.2357966899872
0.05,4.0,20,2,40,2,50202,21.281126162065988,-11.566039684876385,283.99665522411215,1143,True,False,False,False,343.2357966899872
0.05,4.0,20,2,40,3,50202,16.508085737010475,-11.566039684876385,242.72893909050177,2000,False,True,False,False,343.2357966899872
0.05,4.0,20,2,40,4,50202,20.872247909173435,-11.566039684876385,280.4614931113001,2000,False,True,False,False,343.2357966899872
0.05,4.0,20,2,40,5,50202,21.281161276159228,-11.566039684876385,283.9969588206257,1421,True,False,False,False,343.2357966899872
0.05,4.0,20,2,40,6,50202,17.5626646297228,-11.566039684876385,251.8468301011238,2000,False,True,False,False,343.2357966899872
0.05,4.0,20,2,40,7,50202,16.508307020864464,-11.566039684876385,242.73085231110292,2000,False,True,False,False,343.2357966899872
0.05,3.0,19,2,40,0,50192,12.133759520131084,-19.56603968487626,162.01438674127795,2000,False,True,False,False,401.70954179763794
0.05,3.0,19,2,40,1,50192,12.133772005906945,-19.56603968487626,162.0144505547837,2000,False,True,False,False,401.70954179763794
0.05,3.0,19,2,40,2,50192,12.40226676808243,-19.56603968487626,163.38669944367368,2000,False,True,False,False,401.70954179763794
0.05,3.0,19,2,40,3,50192,12.133288544717136,-19.56603968487626,162.01197963477335,2000,False,True,False,True,401.70954179763794
0.05,3.0,19,2,40,4,50192,14.53492786378664,-19.56603968487626,174.28650916527343,2000,False,True,False,False,401.70954179763794
0.05,3.0,19,2,40,5,50192,13.487389883050207,-19.56603968487626,168.93265116637477,2000,False,True,False,False,401.70954179763794
0.05,3.0,19,2,40,6,50192,12.133344690828896,-19.56603968487626,162.01226659172866,2000,False,True,False,False,401.70954179763794
0.05,3.0,19,2,40,7,50192,12.133352346514444,-19.56603968487626,162.01230571914368,2000,False,True,False,False,401.70954179763794
0.05,2.0,18,3,60,0,50183,12.155862207372726,-27.566039684876316,144.09723829151218,2000,False,True,False,False,440.51822662353516
0.05,2.0,18,3,60,1,50183,12.834117003003753,-27.566039684876316,146.55771068212238,2000,False,True,False,False,440.51822662353516
0.05,2.0,18,3,60,2,50183,11.917459559420779,-27.566039684876316,143.23239644017167,2000,False,True,False,False,440.51822662353516
0.05,2.0,18,3,60,3,50183,11.76155344989639,-27.566039684876316,142.66682332445885,2000,False,True,False,True,440.51822662353516
0.05,2.0,18,3,60,4,50183,12.170526734907503,-27.566039684876316,144.15043609468748,2000,False,True,False,False,440.51822662353516
0.05,2.0,18,3,60,5,50183,12.155846263933563,-27.566039684876316,144.09718045426266,2000,False,True,False,False,440.51822662353516
0.05,2.0,18,3,60,6,50183,13.142042619351104,-27.566039684876316,147.6747576713433,2000,False,True,False,False,440.51822662353516
0.05,2.0,18,3,60,7,50183,13.081509692515546,-27.566039684876316,147.45516527603533,2000,False,True,False,False,440.51822662353516
0.05,5.0,21,1,20,0,50211,13.363192322135944,-3.5660396848763805,474.73481797775304,2000,False,True,False,False,348.3864150047302
0.05,5.0,21,1,20,1,50211,13.364613340133516,-3.5660396848763805,474.77466660881566,2000,False,True,False,False,348.3864150047302
0.05,5.0,21,1,20,2,50211,15.031422121298505,-3.5660396848763805,521.515839687566,2000,False,True,False,False,348.3864150047302
0.05,5.0,21,1,20,3,50211,13.3627882417828,-3.5660396848763805,474.7234866301279,2000,False,True,False,False,348.3864150047302
0.05,5.0,21,1,20,4,50211,13.345036189009704,-3.5660396848763805,474.2256780149186,2000,False,True,False,True,348.3864150047302
0.05,5.0,21,1,20,5,50211,16.10194686986125,-3.5660396848763805,551.5358294566886,2000,False,True,False,False,348.3864150047302
0.05,5.0,21,1,20,6,50211,13.345347026829096,-3.5660396848763805,474.23439462625396,2000,False,True,False,False,348.3864150047302
0.05,5.0,21,1,20,7,50211,16.99509639061147,-3.5660396848763805,576.5818076194689,1962,True,False,False,False,348.3864150047302
0.05,4.0,20,3,60,0,50203,27.927562968841713,-11.566039684876385,341.4617598568286,2000,False,True,False,False,377.33817625045776
0.05,4.0,20,3,60,1,50203,25.417577385461623,-11.566039684876385,319.76041997069524,1734,True,False,False,False,377.33817625045776
0.05,4.0,20,3,60,2,50203,25.417577090853584,-11.566039684876385,319.7604174235137,1336,True,False,False,False,377.33817625045776
0.05,4.0,20,3,60,3,50203,28.809826927694875,-11.566039684876385,349.0898156381588,2000,False,True,False,False,377.33817625045776
0.05,4.0,20,3,60,4,50203,27.90181151623875,-11.566039684876385,341.23911275112454,1432,True,False,False,False,377.33817625045776
0.05,4.0,20,3,60,5,50203,25.363024373544764,-11.566039684876385,319.2887545311569,2000,False,True,False,True,377.33817625045776
0.05,4.0,20,3,60,6,50203,25.43647323214321,-11.566039684876385,319.9237934952241,1744,True,False,False,False,377.33817625045776
0.05,4.0,20,3,60,7,50203,25.417577370063018,-11.566039684876385,319.7604198375589,1552,True,False,False,False,377.33817625045776
0.05,5.0,21,2,40,0,50212,20.884629063699432,-3.5660396848763805,685.6532991562434,2000,False,True,False,False,350.9250075817108
0.05,5.0,21,2,40,1,50212,24.10456567530361,-3.5660396848763805,775.9477685436699,1891,True,False,False,False,350.9250075817108
0.05,5.0,21,2,40,2,50212,20.884996193847115,-3.5660396848763805,685.6635943346522,2000,False,True,False,False,350.9250075817108
0.05,5.0,21,2,40,3,50212,29.941511184796894,-3.5660396848763805,939.6292198255455,2000,False,True,False,False,350.9250075817108
0.05,5.0,21,2,40,4,50212,20.882960702087377,-3.5660396848763805,685.6065144381954,2000,False,True,False,True,350.9250075817108
0.05,5.0,21,2,40,5,50212,24.10454407507948,-3.5660396848763805,775.9471628234301,1406,True,False,False,False,350.9250075817108
0.05,5.0,21,2,40,6,50212,23.054778868609358,-3.5660396848763805,746.5093186255041,1496,True,False,False,False,350.9250075817108
0.05,5.0,21,2,40,7,50212,24.750222011321345,-3.5660396848763805,794.0534654251704,1101,True,False,False,False,350.9250075817108
0.05,6.0,22,1,20,0,50221,16.301508786431057,0.9999999999999979,1530.150878643109,2000,False,True,False,False,346.4424045085907
0.05,6.0,22,1,20,1,50221,15.98510865298152,0.9999999999999979,1498.5108652981553,2000,False,True,False,False,346.4424045085907
0.05,6.0,22,1,20,2,50221,20.262221648598963,0.9999999999999979,1926.2221648599007,2000,False,True,False,False,346.4424045085907
0.05,6.0,22,1,20,3,50221,18.37559510023083,0.9999999999999979,1737.5595100230867,2000,False,True,False,False,346.4424045085907
0.05,6.0,22,1,20,4,50221,15.978510939311152,0.9999999999999979,1497.8510939311186,2000,False,True,False,False,346.4424045085907
0.05,6.0,22,1,20,5,50221,16.002468087771838,0.9999999999999979,1500.2468087771872,2000,False,True,False,False,346.4424045085907
0.05,6.0,22,1,20,6,50221,15.971772498132662,0.9999999999999979,1497.1772498132696,2000,False,True,False,True,346.4424045085907
0.05,6.0,22,1,20,7,50221,15.991234403595051,0.9999999999999979,1499.1234403595085,2000,False,True,False,False,346.4424045085907
0.05,6.0,22,2,40,0,50222,31.036824706018557,0.9999999999999979,3003.6824706018624,2000,False,True,False,False,346.81735348701477
0.05,6.0,22,2,40,1,50222,40.514351288351286,0.9999999999999979,3951.435128835137,580,True,False,False,False,346.81735348701477
0.05,6.0,22,2,40,2,50222,33.94408649081392,0.9999999999999979,3294.4086490813993,1188,True,False,False,False,346.81735348701477
0.05,6.0,22,2,40,3,50222,25.258691945210987,0.9999999999999979,2425.869194521104,2000,False,True,False,True,346.81735348701477
0.05,6.0,22,2,40,4,50222,25.25934419321635,0.9999999999999979,2425.9344193216402,2000,False,True,False,False,346.81735348701477
0.05,6.0,22,2,40,5,50222,25.25884470530181,0.9999999999999979,2425.8844705301863,2000,False,True,False,False,346.81735348701477
0.05,6.0,22,2,40,6,50222,28.93839116023541,0.9999999999999979,2793.8391160235474,2000,False,True,False,False,346.81735348701477
0.05,6.0,22,2,40,7,50222,26.30801692800342,0.9999999999999979,2530.8016928003476,2000,False,True,False,False,346.81735348701477
0.05,5.0,21,3,60,0,50213,31.58386400481938,-3.5660396848763805,985.684591194174,1887,True,False,False,False,435.7441987991333
0.05,5.0,21,3,60,1,50213,34.61610498745273,-3.5660396848763805,1070.7156410586251,1703,True,False,False,False,435.7441987991333
0.05,5.0,21,3,60,2,50213,35.524474584999204,-3.5660396848763805,1096.1884253744834,2000,False,True,False,False,435.7441987991333
0.05,5.0,21,3,60,3,50213,39.053204424440565,-3.5660396848763805,1195.142171021419,2000,False,True,False,False,435.7441987991333
0.05,5.0,21,3,60,4,50213,31.509713633680548,-3.5660396848763805,983.6052432987115,2000,False,True,False,False,435.7441987991333
0.05,5.0,21,3,60,5,50213,31.583855821227075,-3.5660396848763805,985.6843617073193,2000,False,True,False,False,435.7441987991333
0.05,5.0,21,3,60,6,50213,31.510133701684012,-3.5660396848763805,983.6170229770266,2000,False,True,False,False,435.7441987991333
0.05,5.0,21,3,60,7,50213,31.488773329058567,-3.5660396848763805,983.0180287281394,2000,False,True,False,True,435.7441987991333
0.05,7.0,23,1,20,0,50231,18.633713529465755,1.0000000000000147,1763.371352946548,2000,False,True,False,False,369.6633098125458
0.05,7.0,23,1,20,1,50231,20.936774809682934,1.0000000000000147,1993.677480968263,2000,False,True,False,False,369.6633098125458
0.05,7.0,23,1,20,2,50231,18.638270611214462,1.0000000000000147,1763.8270611214189,2000,False,True,False,False,369.6633098125458
0.05,7.0,23,1,20,3,50231,21.315629016741926,1.0000000000000147,2031.5629016741614,2000,False,True,False,False,369.6633098125458
0.05,7.0,23,1,20,4,50231,21.274504994019132,1.0000000000000147,2027.4504994018819,2000,False,True,False,False,369.6633098125458
0.05,7.0,23,1,20,5,50231,21.253017269938667,1.0000000000000147,2025.3017269938355,2000,False,True,False,False,369.6633098125458
0.05,7.0,23,1,20,6,50231,18.634965633908912,1.0000000000000147,1763.496563390864,2000,False,True,False,False,369.6633098125458
0.05,7.0,23,1,20,7,50231,18.621763321934647,1.0000000000000147,1762.1763321934375,2000,False,True,False,True,369.6633098125458
0.05,7.0,23,2,40,0,50232,47.19529120718001,1.0000000000000147,4619.5291207179325,1141,True,False,False,False,374.34543919563293
0.05,7.0,23,2,40,1,50232,29.63286298530368,1.0000000000000147,2863.286298530325,2000,False,True,False,True,374.34543919563293
0.05,7.0,23,2,40,2,50232,33.733452065954424,1.0000000000000147,3273.3452065953925,1930,True,False,False,False,374.34543919563293
0.05,7.0,23,2,40,3,50232,29.634282047552286,1.0000000000000147,2863.428204755185,2000,False,True,False,False,374.34543919563293
0.05,7.0,23,2,40,4,50232,33.73345967936405,1.0000000000000147,3273.3459679363555,2000,False,True,False,False,374.34543919563293
0.05,7.0,23,2,40,5,50232,34.891547249136906,1.0000000000000147,3389.1547249136393,1517,True,False,False,False,374.34543919563293
0.05,7.0,23,2,40,6,50232,29.634146111084682,1.0000000000000147,2863.4146111084247,2000,False,True,False,False,374.34543919563293
0.05,7.0,23,2,40,7,50232,33.733458672562996,1.0000000000000147,3273.3458672562497,2000,False,True,False,False,374.34543919563293
0.05,8.0,24,1,20,0,50241,21.2828325241708,1.0000000000000249,2028.2832524170271,2000,False,True,False,False,385.1391086578369
0.05,8.0,24,1,20,1,50241,23.88988372436807,1.0000000000000249,2288.9883724367473,2000,False,True,False,False,385.1391086578369
0.05,8.0,24,1,20,2,50241,21.264876190410543,1.0000000000000249,2026.4876190410014,2000,False,True,False,False,385.1391086578369
0.05,8.0,24,1,20,3,50241,21.250336222562897,1.0000000000000249,2025.0336222562369,2000,False,True,False,True,385.1391086578369
0.05,8.0,24,1,20,4,50241,21.36543097407415,1.0000000000000249,2036.5430974073618,2000,False,True,False,False,385.1391086578369
0.05,8.0,24,1,20,5,50241,27.74314978211727,1.0000000000000249,2674.3149782116584,2000,False,True,False,False,385.1391086578369
0.05,8.0,24,1,20,6,50241,24.2724941481154,1.0000000000000249,2327.2494148114797,2000,False,True,False,False,385.1391086578369
0.05,8.0,24,1,20,7,50241,21.28935858838606,1.0000000000000249,2028.9358588385533,2000,False,True,False,False,385.1391086578369
0.05,6.0,22,3,60,0,50223,37.73170099275101,0.9999999999999979,3673.1700992751084,2000,False,True,False,False,463.67644572257996
0.05,6.0,22,3,60,1,50223,37.63887358009722,0.9999999999999979,3663.8873580097297,2000,False,True,False,True,463.67644572257996
0.05,6.0,22,3,60,2,50223,37.73128979237467,0.9999999999999979,3673.1289792374746,2000,False,True,False,False,463.67644572257996
0.05,6.0,22,3,60,3,50223,41.45469448010853,0.9999999999999979,4045.4694480108615,1976,True,False,False,False,463.67644572257996
0.05,6.0,22,3,60,4,50223,41.33403268976032,0.9999999999999979,4033.4032689760406,1471,True,False,False,False,463.67644572257996
0.05,6.0,22,3,60,5,50223,41.454742360815445,0.9999999999999979,4045.474236081553,2000,False,True,False,False,463.67644572257996
0.05,6.0,22,3,60,6,50223,37.680200212782594,0.9999999999999979,3668.0200212782674,2000,False,True,False,False,463.67644572257996
0.05,6.0,22,3,60,7,50223,42.238721116457924,0.9999999999999979,4123.872111645801,2000,False,True,False,False,463.67644572257996
0.05,8.0,24,2,40,0,50242,34.00726241393396,1.0000000000000249,3300.7262413933104,2000,False,True,False,False,390.4952700138092
0.05,8.0,24,2,40,1,50242,36.94735524528633,1.0000000000000249,3594.7355245285407,1420,True,False,False,False,390.4952700138092
0.05,8.0,24,2,40,2,50242,34.00864203722939,1.0000000000000249,3300.864203722854,2000,False,True,False,False,390.4952700138092
0.05,8.0,24,2,40,3,50242,35.05653984360872,1.0000000000000249,3405.6539843607843,2000,False,True,False,False,390.4952700138092
0.05,8.0,24,2,40,4,50242,36.94735648966625,1.0000000000000249,3594.7356489665326,2000,False,True,False,False,390.4952700138092
0.05,8.0,24,2,40,5,50242,34.0081457208358,1.0000000000000249,3300.8145720834946,2000,False,True,False,False,390.4952700138092
0.05,8.0,24,2,40,6,50242,34.00703830154033,1.0000000000000249,3300.7038301539483,2000,False,True,False,True,390.4952700138092
0.05,8.0,24,2,40,7,50242,39.96224937505661,1.0000000000000249,3896.224937505562,1316,True,False,False,False,390.4952700138092
0.05,9.0,25,1,20,0,50251,23.914541420889535,0.9999999999999994,2291.454142088955,2000,False,True,False,False,395.9815456867218
0.05,9.0,25,1,20,1,50251,23.902615123477165,0.9999999999999994,2290.261512347718,2000,False,True,False,True,395.9815456867218
0.05,9.0,25,1,20,2,50251,23.935046869387246,0.9999999999999994,2293.504686938726,2000,False,True,False,False,395.9815456867218
0.05,9.0,25,1,20,3,50251,23.919119505396615,0.9999999999999994,2291.911950539663,2000,False,True,False,False,395.9815456867218
0.05,9.0,25,1,20,4,50251,26.84495568469177,0.9999999999999994,2584.495568469178,2000,False,True,False,False,395.9815456867218
0.05,9.0,25,1,20,5,50251,23.90358064252296,0.9999999999999994,2290.3580642522975,2000,False,True,False,False,395.9815456867218
0.05,9.0,25,1,20,6,50251,27.89339341456198,0.9999999999999994,2689.3393414561997,2000,False,True,False,False,395.9815456867218
0.05,9.0,25,1,20,7,50251,30.990945692243617,0.9999999999999994,2999.0945692243636,2000,False,True,False,False,395.9815456867218
0.05,9.0,25,2,40,0,50252,43.362857641543535,0.9999999999999994,4236.285764154356,2000,False,True,False,False,385.9869885444641
0.05,9.0,25,2,40,1,50252,45.03293009821968,0.9999999999999994,4403.29300982197,1531,True,False,False,False,385.9869885444641
0.05,9.0,25,2,40,2,50252,43.36249515578193,0.9999999999999994,4236.249515578195,984,True,False,False,False,385.9869885444641
0.05,9.0,25,2,40,3,50252,38.383930883130596,0.9999999999999994,3738.3930883130615,2000,False,True,False,False,385.9869885444641
0.05,9.0,25,2,40,4,50252,50.47606627333348,0.9999999999999994,4947.606627333351,2000,False,True,False,False,385.9869885444641
0.05,9.0,25,2,40,5,50252,41.57824306943168,0.9999999999999994,4057.82430694317,2000,False,True,False,False,385.9869885444641
0.05,9.0,25,2,40,6,50252,38.38155218709401,0.9999999999999994,3738.155218709403,2000,False,True,False,True,385.9869885444641
0.05,9.0,25,2,40,7,50252,39.43447032481021,0.9999999999999994,3843.4470324810236,2000,False,True,False,False,385.9869885444641
0.05,7.0,23,3,60,0,50233,48.09982781883329,1.0000000000000147,4709.982781883259,2000,False,True,False,False,489.5519528388977
0.05,7.0,23,3,60,1,50233,48.04828612898982,1.0000000000000147,4704.828612898912,2000,False,True,False,False,489.5519528388977
0.05,7.0,23,3,60,2,50233,43.88769193344876,1.0000000000000147,4288.769193344811,2000,False,True,False,False,489.5519528388977
0.05,7.0,23,3,60,3,50233,43.859682523677684,1.0000000000000147,4285.968252367705,2000,False,True,False,True,489.5519528388977
0.05,7.0,23,3,60,4,50233,48.08056586472519,1.0000000000000147,4708.0565864724485,2000,False,True,False,False,489.5519528388977
0.05,7.0,23,3,60,5,50233,43.859686061276335,1.0000000000000147,4285.96860612757,2000,False,True,False,False,489.5519528388977
0.05,7.0,23,3,60,6,50233,48.08256994015844,1.0000000000000147,4708.256994015774,2000,False,True,False,False,489.5519528388977
0.05,7.0,23,3,60,7,50233,48.08819777551965,1.0000000000000147,4708.819777551895,2000,False,True,False,False,489.5519528388977
0.05,10.0,26,1,20,0,50261,30.13195362378023,0.9999999999999996,2913.1953623780246,2000,False,True,False,False,384.6819441318512
0.05,10.0,26,1,20,1,50261,26.649083310481533,0.9999999999999996,2564.908331048154,2000,False,True,False,False,384.6819441318512
0.05,10.0,26,1,20,2,50261,26.542486228827507,0.9999999999999996,2554.2486228827515,2000,False,True,False,True,384.6819441318512
0.05,10.0,26,1,20,3,50261,26.657475232384225,0.9999999999999996,2565.7475232384236,2000,False,True,False,False,384.6819441318512
0.05,10.0,26,1,20,4,50261,30.184071729822644,0.9999999999999996,2918.407172982266,2000,False,True,False,False,384.6819441318512
0.05,10.0,26,1,20,5,50261,26.781350471963332,0.9999999999999996,2578.135047196334,2000,False,True,False,False,384.6819441318512
0.05,10.0,26,1,20,6,50261,26.55827112170472,0.9999999999999996,2555.827112170473,2000,False,True,False,False,384.6819441318512
0.05,10.0,26,1,20,7,50261,26.649113365488958,0.9999999999999996,2564.911336548897,2000,False,True,False,False,384.6819441318512
0.05,11.0,27,1,20,0,50271,29.179249445931948,1.0000000000000189,2817.9249445931396,2000,False,True,False,False,375.9110162258148
0.05,11.0,27,1,20,1,50271,29.17597502214949,1.0000000000000189,2817.597502214894,2000,False,True,False,True,375.9110162258148
0.05,11.0,27,1,20,2,50271,29.2131711289396,1.0000000000000189,2821.317112893905,2000,False,True,False,False,375.9110162258148
0.05,11.0,27,1,20,3,50271,29.375344541108685,1.0000000000000189,2837.534454110813,2000,False,True,False,False,375.9110162258148
0.05,11.0,27,1,20,4,50271,33.8077959039169,1.0000000000000189,3280.779590391626,2000,False,True,False,False,375.9110162258148
0.05,11.0,27,1,20,5,50271,29.185641232940586,1.0000000000000189,2818.5641232940034,2000,False,True,False,False,375.9110162258148
0.05,11.0,27,1,20,6,50271,36.597746496922966,1.0000000000000189,3559.774649692227,1662,True,False,False,False,375.9110162258148
0.05,11.0,27,1,20,7,50271,29.298639188218626,1.0000000000000189,2829.8639188218076,2000,False,True,False,False,375.9110162258148
0.05,8.0,24,3,60,0,50243,49.93446024810841,1.0000000000000249,4893.446024810716,2000,False,True,False,True,493.63465547561646
0.05,8.0,24,3,60,1,50243,50.00799727712454,1.0000000000000249,4900.7997277123295,2000,False,True,False,False,493.63465547561646
0.05,8.0,24,3,60,2,50243,54.88326136259517,1.0000000000000249,5388.32613625938,2000,False,True,False,False,493.63465547561646
0.05,8.0,24,3,60,3,50243,49.95318463378412,1.0000000000000249,4895.318463378288,2000,False,True,False,False,493.63465547561646
0.05,8.0,24,3,60,4,50243,54.883184008513176,1.0000000000000249,5388.318400851181,2000,False,True,False,False,493.63465547561646
0.05,8.0,24,3,60,5,50243,49.95226137855696,1.0000000000000249,4895.226137855572,2000,False,True,False,False,493.63465547561646
0.05,8.0,24,3,60,6,50243,54.883346920725884,1.0000000000000249,5388.334692072452,2000,False,True,False,False,493.63465547561646
0.05,8.0,24,3,60,7,50243,55.72506417549963,1.0000000000000249,5472.506417549825,2000,False,True,False,False,493.63465547561646
0.05,10.0,26,2,40,0,50262,42.75836520972843,0.9999999999999996,4175.836520972845,2000,False,True,False,False,432.26020765304565
0.05,10.0,26,2,40,1,50262,42.757684593067886,0.9999999999999996,4175.768459306791,2000,False,True,False,True,432.26020765304565
0.05,10.0,26,2,40,2,50262,48.17744832819433,0.9999999999999996,4717.744832819435,2000,False,True,False,False,432.26020765304565
0.05,10.0,26,2,40,3,50262,55.98600080048013,0.9999999999999996,5498.600080048015,2000,False,True,False,False,432.26020765304565
0.05,10.0,26,2,40,4,50262,48.177030473487456,0.9999999999999996,4717.7030473487475,2000,False,True,False,False,432.26020765304565
0.05,10.0,26,2,40,5,50262,48.177033842220155,0.9999999999999996,4717.703384222018,2000,False,True,False,False,432.26020765304565
0.05,10.0,26,2,40,6,50262,48.177098120887564,0.9999999999999996,4717.709812088759,2000,False,True,False,False,432.26020765304565
0.05,10.0,26,2,40,7,50262,51.1001319575479,0.9999999999999996,5010.013195754792,2000,False,True,False,False,432.26020765304565
0.05,11.0,27,2,40,0,50272,47.133123167918534,1.0000000000000189,4613.312316791764,2000,False,True,False,False,410.8095934391022
0.05,11.0,27,2,40,1,50272,47.1328987204446,1.0000000000000189,4613.289872044371,2000,False,True,False,True,410.8095934391022
0.05,11.0,27,2,40,2,50272,55.69185303372676,1.0000000000000189,5469.185303372571,2000,False,True,False,False,410.8095934391022
0.05,11.0,27,2,40,3,50272,64.59531743570133,1.0000000000000189,6359.531743570011,2000,False,True,False,False,410.8095934391022
0.05,11.0,27,2,40,4,50272,58.9127071477304,1.0000000000000189,5791.270714772929,1027,True,False,False,False,410.8095934391022
0.05,11.0,27,2,40,5,50272,47.132966882447334,1.0000000000000189,4613.2966882446435,2000,False,True,False,False,410.8095934391022
0.05,11.0,27,2,40,6,50272,52.99172024833641,1.0000000000000189,5199.1720248335405,2000,False,True,False,False,410.8095934391022
0.05,11.0,27,2,40,7,50272,48.1834962159157,1.0000000000000189,4718.349621591479,2000,False,True,False,False,410.8095934391022
0.05,12.0,28,1,20,0,50281,31.933677363583488,1.0000000000000426,3093.367736358213,2000,False,True,False,False,410.1108591556549
0.05,12.0,28,1,20,1,50281,36.04228297811941,1.0000000000000426,3504.2282978117873,2000,False,True,False,False,410.1108591556549
0.05,12.0,28,1,20,2,50281,31.868890075204412,1.0000000000000426,3086.8890075203053,2000,False,True,False,False,410.1108591556549
0.05,12.0,28,1,20,3,50281,35.72796665274132,1.0000000000000426,3472.79666527398,2000,False,True,False,False,410.1108591556549
0.05,12.0,28,1,20,4,50281,31.864359335172274,1.0000000000000426,3086.4359335170916,2000,False,True,False,False,410.1108591556549
0.05,12.0,28,1,20,5,50281,40.823050712594835,1.0000000000000426,3982.3050712593094,2000,False,True,False,False,410.1108591556549
0.05,12.0,28,1,20,6,50281,31.823563260814602,1.0000000000000426,3082.3563260813244,2000,False,True,False,True,410.1108591556549
0.05,12.0,28,1,20,7,50281,36.74317557025337,1.0000000000000426,3574.3175570251806,2000,False,True,False,False,410.1108591556549
0.05,9.0,25,3,60,0,50253,56.17363824983049,0.9999999999999994,5517.363824983052,2000,False,True,False,False,490.02034425735474
0.05,9.0,25,3,60,1,50253,61.59754397497538,0.9999999999999994,6059.7543974975415,2000,False,True,False,False,490.02034425735474
0.05,9.0,25,3,60,2,50253,61.47677320301569,0.9999999999999994,6047.677320301573,2000,False,True,False,False,490.02034425735474
0.05,9.0,25,3,60,3,50253,56.077108141600476,0.9999999999999994,5507.71081416005,2000,False,True,False,True,490.02034425735474
0.05,9.0,25,3,60,4,50253,56.15446965796516,0.9999999999999994,5515.446965796518,1530,True,False,False,False,490.02034425735474
0.05,9.0,25,3,60,5,50253,56.1741114817492,0.9999999999999994,5517.411148174923,2000,False,True,False,False,490.02034425735474
0.05,9.0,25,3,60,6,50253,56.173205494127586,0.9999999999999994,5517.3205494127615,2000,False,True,False,False,490.02034425735474
0.05,9.0,25,3,60,7,50253,56.10022140507218,0.9999999999999994,5510.022140507222,2000,False,True,False,False,490.02034425735474
0.05,12.0,28,2,40,0,50282,51.50608091745131,1.0000000000000426,5050.608091744911,2000,False,True,False,True,430.0804798603058
0.05,12.0,28,2,40,1,50282,51.50681637725493,1.0000000000000426,5050.6816377252735,2000,False,True,False,False,430.0804798603058
0.05,12.0,28,2,40,2,50282,61.58152825227274,1.0000000000000426,6058.152825227012,2000,False,True,False,False,430.0804798603058
0.05,12.0,28,2,40,3,50282,67.00692296649714,1.0000000000000426,6600.6922966494285,2000,False,True,False,False,430.0804798603058
0.05,12.0,28,2,40,4,50282,58.157881114374646,1.0000000000000426,5715.788111437217,2000,False,True,False,False,430.0804798603058
0.05,12.0,28,2,40,5,50282,61.304985830406046,1.0000000000000426,6030.498583040343,2000,False,True,False,False,430.0804798603058
0.05,12.0,28,2,40,6,50282,61.14773833305976,1.0000000000000426,6014.773833305716,2000,False,True,False,False,430.0804798603058
0.05,12.0,28,2,40,7,50282,51.506962290568126,1.0000000000000426,5050.696229056593,2000,False,True,False,False,430.0804798603058
0.05,10.0,26,3,60,0,50263,62.25550066494476,0.9999999999999996,6125.550066494479,2000,False,True,False,False,499.9210515022278
0.05,10.0,26,3,60,1,50263,62.30497150716287,0.9999999999999996,6130.49715071629,2000,False,True,False,False,499.9210515022278
0.05,10.0,26,3,60,2,50263,62.228502690161605,0.9999999999999996,6122.850269016163,2000,False,True,False,True,499.9210515022278
0.05,10.0,26,3,60,3,50263,68.21601966096391,0.9999999999999996,6721.601966096394,2000,False,True,False,False,499.9210515022278
0.05,10.0,26,3,60,4,50263,62.32114978269861,0.9999999999999996,6132.114978269864,2000,False,True,False,False,499.9210515022278
0.05,10.0,26,3,60,5,50263,62.32120163340905,0.9999999999999996,6132.120163340908,2000,False,True,False,False,499.9210515022278
0.05,10.0,26,3,60,6,50263,62.27557306149996,0.9999999999999996,6127.557306149999,2000,False,True,False,False,499.9210515022278
0.05,10.0,26,3,60,7,50263,68.21251550316808,0.9999999999999996,6721.251550316811,2000,False,True,False,False,499.9210515022278
0.05,11.0,27,3,60,0,50273,68.43715552196146,1.0000000000000189,6743.715552196017,2000,False,True,False,False,476.38775658607483
0.05,11.0,27,3,60,1,50273,68.39718881052497,1.0000000000000189,6739.718881052368,2000,False,True,False,False,476.38775658607483
0.05,11.0,27,3,60,2,50273,68.4232347424782,1.0000000000000189,6742.323474247691,2000,False,True,False,False,476.38775658607483
0.05,11.0,27,3,60,3,50273,68.40934879228351,1.0000000000000189,6740.934879228222,2000,False,True,False,False,476.38775658607483
0.05,11.0,27,3,60,4,50273,68.41402219080098,1.0000000000000189,6741.402219079969,2000,False,True,False,False,476.38775658607483
0.05,11.0,27,3,60,5,50273,68.46871569335929,1.0000000000000189,6746.871569335799,2000,False,True,False,False,476.38775658607483
0.05,11.0,27,3,60,6,50273,75.93574115193049,1.0000000000000189,7493.574115192905,2000,False,True,False,False,476.38775658607483
0.05,11.0,27,3,60,7,50273,68.39527427149616,1.0000000000000189,6739.527427149487,2000,False,True,False,True,476.38775658607483
0.05,13.0,29,1,20,0,50291,34.4529568840576,1.0000000000000213,3345.2956884056866,2000,False,True,False,False,374.5718173980713
0.05,13.0,29,1,20,1,50291,34.46048765191284,1.0000000000000213,3346.0487651912113,2000,False,True,False,False,374.5718173980713
0.05,13.0,29,1,20,2,50291,38.695597294914606,1.0000000000000213,3769.559729491378,2000,False,True,False,False,374.5718173980713
0.05,13.0,29,1,20,3,50291,43.1319915010691,1.0000000000000213,4213.199150106819,2000,False,True,False,False,374.5718173980713
0.05,13.0,29,1,20,4,50291,34.43698332916,1.0000000000000213,3343.698332915927,2000,False,True,False,True,374.5718173980713
0.05,13.0,29,1,20,5,50291,39.70582787693887,1.0000000000000213,3870.5827876938024,2000,False,True,False,False,374.5718173980713
0.05,13.0,29,1,20,6,50291,34.48295117024894,1.0000000000000213,3348.2951170248207,2000,False,True,False,False,374.5718173980713
0.05,13.0,29,1,20,7,50291,39.02547873258108,1.0000000000000213,3802.5478732580245,2000,False,True,False,False,374.5718173980713
0.05,12.0,28,3,60,0,50283,81.6194511364068,1.0000000000000426,8061.945113640331,1839,True,False,False,False,497.9389371871948
0.05,12.0,28,3,60,1,50283,74.5431639433498,1.0000000000000426,7354.316394334662,2000,False,True,False,False,497.9389371871948
0.05,12.0,28,3,60,2,50283,88.68669266919918,1.0000000000000426,8768.66926691954,1296,True,False,False,False,497.9389371871948
0.05,12.0,28,3,60,3,50283,82.54350595316642,1.0000000000000426,8154.350595316289,2000,False,True,False,False,497.9389371871948
0.05,12.0,28,3,60,4,50283,74.59677883237994,1.0000000000000426,7359.677883237676,2000,False,True,False,False,497.9389371871948
0.05,12.0,28,3,60,5,50283,81.61948636504539,1.0000000000000426,8061.948636504191,2000,False,True,False,False,497.9389371871948
0.05,12.0,28,3,60,6,50283,74.59753248662736,1.0000000000000426,7359.753248662418,2000,False,True,False,False,497.9389371871948
0.05,12.0,28,3,60,7,50283,74.51934976364494,1.0000000000000426,7351.934976364176,2000,False,True,False,True,497.9389371871948
0.05,13.0,29,2,40,0,50292,55.89576725092138,1.0000000000000213,5489.576725092019,2000,False,True,False,True,496.9874315261841
0.05,13.0,29,2,40,1,50292,66.60510610967715,1.0000000000000213,6560.510610967574,2000,False,True,False,False,496.9874315261841
0.05,13.0,29,2,40,2,50292,56.933453473228454,1.0000000000000213,5593.345347322724,2000,False,True,False,False,496.9874315261841
0.05,13.0,29,2,40,3,50292,72.51747215322781,1.0000000000000213,7151.747215322628,2000,False,True,False,False,496.9874315261841
0.05,13.0,29,2,40,4,50292,60.10172599302072,1.0000000000000213,5910.1725993019445,2000,False,True,False,False,496.9874315261841
0.05,13.0,29,2,40,5,50292,62.77583386632488,1.0000000000000213,6177.583386632355,2000,False,True,False,False,496.9874315261841
0.05,13.0,29,2,40,6,50292,62.6207659777372,1.0000000000000213,6162.076597773586,2000,False,True,False,False,496.9874315261841
0.05,13.0,29,2,40,7,50292,60.10164843103863,1.0000000000000213,5910.164843103736,1803,True,False,False,False,496.9874315261841
0.05,14.0,30,1,20,0,50301,41.9811375589052,0.9999999999999973,4098.113755890531,2000,False,True,False,False,438.1789462566376
0.05,14.0,30,1,20,1,50301,41.944456784908056,0.9999999999999973,4094.445678490816,2000,False,True,False,False,438.1789462566376
0.05,14.0,30,1,20,2,50301,41.60721803087593,0.9999999999999973,4060.7218030876033,2000,False,True,False,False,438.1789462566376
0.05,14.0,30,1,20,3,50301,37.10029934086844,0.9999999999999973,3610.0299340868537,2000,False,True,False,False,438.1789462566376
0.05,14.0,30,1,20,4,50301,37.09390351376808,0.9999999999999973,3609.390351376818,2000,False,True,False,False,438.1789462566376
0.05,14.0,30,1,20,5,50301,41.99067233101253,0.9999999999999973,4099.067233101264,2000,False,True,False,False,438.1789462566376
0.05,14.0,30,1,20,6,50301,95.23245183900849,0.9999999999999973,9423.245183900875,2000,False,True,False,False,438.1789462566376
0.05,14.0,30,1,20,7,50301,37.08071641044641,0.9999999999999973,3608.071641044651,2000,False,True,False,True,438.1789462566376
0.05,14.0,30,2,40,0,50302,81.89505790713481,0.9999999999999973,8089.505790713502,2000,False,True,False,False,485.0429222583771
0.05,14.0,30,2,40,1,50302,60.26041185120766,0.9999999999999973,5926.041185120781,2000,False,True,False,True,485.0429222583771
0.05,14.0,30,2,40,2,50302,67.78950083842894,0.9999999999999973,6678.950083842912,2000,False,True,False,False,485.0429222583771
0.05,14.0,30,2,40,3,50302,81.8953150249613,0.9999999999999973,8089.531502496152,2000,False,True,False,False,485.0429222583771
0.05,14.0,30,2,40,4,50302,70.3862331107707,0.9999999999999973,6938.623311077089,1633,True,False,False,False,485.0429222583771
0.05,14.0,30,2,40,5,50302,61.305741242296065,0.9999999999999973,6030.574124229623,2000,False,True,False,False,485.0429222583771
0.05,14.0,30,2,40,6,50302,78.0280004512151,0.9999999999999973,7702.80004512153,2000,False,True,False,False,485.0429222583771
0.05,14.0,30,2,40,7,50302,61.30476150420724,0.9999999999999973,6030.476150420741,2000,False,True,False,False,485.0429222583771
0.05,15.0,31,1,20,0,50311,44.97599733026247,0.9999999999999432,4397.599733026503,2000,False,True,False,False,452.8814425468445
0.05,15.0,31,1,20,1,50311,39.7873461542012,0.9999999999999432,3878.734615420346,2000,False,True,False,False,452.8814425468445
0.05,15.0,31,1,20,2,50311,39.75143077132888,0.9999999999999432,3875.143077133114,2000,False,True,False,False,452.8814425468445
0.05,15.0,31,1,20,3,50311,39.75342665690576,0.9999999999999432,3875.342665690802,2000,False,True,False,False,452.8814425468445
0.05,15.0,31,1,20,4,50311,39.73539242886474,0.9999999999999432,3873.5392428867003,2000,False,True,False,True,452.8814425468445
0.05,15.0,31,1,20,5,50311,39.744150503396824,0.9999999999999432,3874.4150503399082,2000,False,True,False,False,452.8814425468445
0.05,15.0,31,1,20,6,50311,44.918489089999554,0.9999999999999432,4391.84890900021,2000,False,True,False,False,452.8814425468445
0.05,15.0,31,1,20,7,50311,39.74565195176663,0.9999999999999432,3874.565195176889,2000,False,True,False,False,452.8814425468445
0.05,13.0,29,3,60,0,50293,80.7024750707964,1.0000000000000213,7970.247507079466,2000,False,True,False,False,549.021806716919
0.05,13.0,29,3,60,1,50293,80.6892182338006,1.0000000000000213,7968.9218233798865,2000,False,True,False,True,549.021806716919
0.05,13.0,29,3,60,2,50293,89.23851702067464,1.0000000000000213,8823.851702067273,2000,False,True,False,False,549.021806716919
0.05,13.0,29,3,60,3,50293,80.9251871017065,1.0000000000000213,7992.518710170478,2000,False,True,False,False,549.021806716919
0.05,13.0,29,3,60,4,50293,80.69088873978636,1.0000000000000213,7969.088873978464,2000,False,True,False,False,549.021806716919
0.05,13.0,29,3,60,5,50293,80.7629229395646,1.0000000000000213,7976.292293956289,2000,False,True,False,False,549.021806716919
0.05,13.0,29,3,60,6,50293,80.76378595547597,1.0000000000000213,7976.378595547425,2000,False,True,False,False,549.021806716919
0.05,13.0,29,3,60,7,50293,88.4543602776661,1.0000000000000213,8745.43602776642,2000,False,True,False,False,549.021806716919
0.05,15.0,31,2,40,0,50312,76.55476100376332,0.9999999999999432,7555.476100376766,2000,False,True,False,False,497.205176115036
0.05,15.0,31,2,40,1,50312,77.16816177727583,0.9999999999999432,7616.816177728022,2000,False,True,False,False,497.205176115036
0.05,15.0,31,2,40,2,50312,65.69808877675803,0.9999999999999432,6469.808877676176,2000,False,True,False,False,497.205176115036
0.05,15.0,31,2,40,3,50312,65.6836776599931,0.9999999999999432,6468.367765999683,2000,False,True,False,True,497.205176115036
0.05,15.0,31,2,40,4,50312,72.2541508837509,0.9999999999999432,7125.4150883755,2000,False,True,False,False,497.205176115036
0.05,15.0,31,2,40,5,50312,72.25755422371547,0.9999999999999432,7125.755422371958,2000,False,True,False,False,497.205176115036
0.05,15.0,31,2,40,6,50312,72.33201815573504,0.9999999999999432,7133.201815573915,2000,False,True,False,False,497.205176115036
0.05,15.0,31,2,40,7,50312,83.53834154460868,0.9999999999999432,8253.834154461343,2000,False,True,False,False,497.205176115036
0.05,16.0,32,1,20,0,50321,47.85068188937506,0.9999999999999984,4685.068188937513,2000,False,True,False,False,452.53220534324646
0.05,16.0,32,1,20,1,50321,42.36835519706156,0.9999999999999984,4136.835519706163,2000,False,True,False,False,452.53220534324646
0.05,16.0,32,1,20,2,50321,42.4118166372073,0.9999999999999984,4141.181663720737,2000,False,True,False,False,452.53220534324646
0.05,16.0,32,1,20,3,50321,42.39014234910439,0.9999999999999984,4139.014234910445,2000,False,True,False,False,452.53220534324646
0.05,16.0,32,1,20,4,50321,42.476233223630295,0.9999999999999984,4147.623322363036,2000,False,True,False,False,452.53220534324646
0.05,16.0,32,1,20,5,50321,42.35860089876474,0.9999999999999984,4135.860089876481,2000,False,True,False,True,452.53220534324646
0.05,16.0,32,1,20,6,50321,52.93328864980217,0.9999999999999984,5193.328864980225,1971,True,False,False,False,452.53220534324646
0.05,16.0,32,1,20,7,50321,42.37637306556862,0.9999999999999984,4137.637306556869,2000,False,True,False,False,452.53220534324646
0.05,14.0,30,3,60,0,50303,95.04447532965615,0.9999999999999973,9404.447532965642,2000,False,True,False,False,548.3311531543732
0.05,14.0,30,3,60,1,50303,86.8740246193672,0.9999999999999973,8587.402461936743,2000,False,True,False,False,548.3311531543732
0.05,14.0,30,3,60,2,50303,95.1697556828166,0.9999999999999973,9416.975568281685,2000,False,True,False,False,548.3311531543732
0.05,14.0,30,3,60,3,50303,86.91148822528011,0.9999999999999973,8591.148822528034,2000,False,True,False,False,548.3311531543732
0.05,14.0,30,3,60,4,50303,86.83654606706493,0.9999999999999973,8583.654606706516,2000,False,True,False,True,548.3311531543732
0.05,14.0,30,3,60,5,50303,95.96355177834509,0.9999999999999973,9496.355177834535,2000,False,True,False,False,548.3311531543732
0.05,14.0,30,3,60,6,50303,95.16939730779696,0.9999999999999973,9416.93973077972,2000,False,True,False,False,548.3311531543732
0.05,14.0,30,3,60,7,50303,86.8932339583536,0.9999999999999973,8589.323395835383,2000,False,True,False,False,548.3311531543732
0.05,16.0,32,2,40,0,50322,81.78538290003097,0.9999999999999984,8078.538290003109,2000,False,True,False,False,494.7716529369354
0.05,16.0,32,2,40,1,50322,89.05061467906344,0.9999999999999984,8805.061467906358,2000,False,True,False,False,494.7716529369354
0.05,16.0,32,2,40,2,50322,82.5045908724548,0.9999999999999984,8150.459087245493,2000,False,True,False,False,494.7716529369354
0.05,16.0,32,2,40,3,50322,73.99518625814412,0.9999999999999984,7299.518625814423,2000,False,True,False,False,494.7716529369354
0.05,16.0,32,2,40,4,50322,74.0007486024537,0.9999999999999984,7300.074860245381,2000,False,True,False,False,494.7716529369354
0.05,16.0,32,2,40,5,50322,77.07126791192256,0.9999999999999984,7607.126791192268,2000,False,True,False,False,494.7716529369354
0.05,16.0,32,2,40,6,50322,69.00812903241203,0.9999999999999984,6800.812903241213,2000,False,True,False,True,494.7716529369354
0.05,16.0,32,2,40,7,50322,77.73922756713321,0.9999999999999984,7673.922756713333,2000,False,True,False,False,494.7716529369354
0.05,15.0,31,3,60,0,50313,93.0887847090627,0.9999999999999432,9208.878470906799,2000,False,True,False,False,550.8990950584412
0.05,15.0,31,3,60,1,50313,101.78954806634107,0.9999999999999432,10078.954806634685,2000,False,True,False,False,550.8990950584412
0.05,15.0,31,3,60,2,50313,101.76224855460103,0.9999999999999432,10076.224855460681,2000,False,True,False,False,550.8990950584412
0.05,15.0,31,3,60,3,50313,92.96187642382188,0.9999999999999432,9196.187642382716,2000,False,True,False,True,550.8990950584412
0.05,15.0,31,3,60,4,50313,102.67309994484495,0.9999999999999432,10167.309994485078,2000,False,True,False,False,550.8990950584412
0.05,15.0,31,3,60,5,50313,93.04846519654005,0.9999999999999432,9204.846519654533,2000,False,True,False,False,550.8990950584412
0.05,15.0,31,3,60,6,50313,93.16973821726228,0.9999999999999432,9216.973821726759,2000,False,True,False,False,550.8990950584412
0.05,15.0,31,3,60,7,50313,93.11024164210482,0.9999999999999432,9211.02416421101,2000,False,True,False,False,550.8990950584412
0.05,16.0,32,3,60,0,50323,108.50420916481569,0.9999999999999984,10750.420916481586,2000,False,True,False,False,531.0907242298126
0.05,16.0,32,3,60,1,50323,108.48357606670564,0.9999999999999984,10748.357606670581,2000,False,True,False,False,531.0907242298126
0.05,16.0,32,3,60,2,50323,99.21703683667958,0.9999999999999984,9821.703683667974,2000,False,True,False,False,531.0907242298126
0.05,16.0,32,3,60,3,50323,99.14081806882034,0.9999999999999984,9814.08180688205,2000,False,True,False,False,531.0907242298126
0.05,16.0,32,3,60,4,50323,99.20583304064196,0.9999999999999984,9820.583304064212,2000,False,True,False,False,531.0907242298126
0.05,16.0,32,3,60,5,50323,99.13160716299515,0.9999999999999984,9813.160716299531,2000,False,True,False,True,531.0907242298126
0.05,16.0,32,3,60,6,50323,99.25383250973275,0.9999999999999984,9825.383250973291,2000,False,True,False,False,531.0907242298126
0.05,16.0,32,3,60,7,50323,99.18327595876582,0.9999999999999984,9818.327595876597,2000,False,True,False,False,531.0907242298126
