p,K,K_index,restart,seed,energy,E_exact,err_pct,fidelity,Q_tot2,n_iter,converged,hit_maxiter,diverged,is_best,cell_time_s
0.005,-11.0,5,0,10005,-257.035850198306,-263.0,2.2677375671840383,,,2000,False,True,False,False,367.7724905014038
0.005,-11.0,5,1,10005,-257.73758407967085,-263.0,2.000918600885607,,,2000,False,True,False,False,367.7724905014038
0.005,-11.0,5,2,10005,-257.46770966487605,-263.0,2.103532446815189,,,2000,False,True,False,False,367.7724905014038
0.005,-11.0,5,3,10005,-257.50852099091213,-263.0,2.0880148323528016,,,2000,False,True,False,False,367.7724905014038
0.005,-11.0,5,4,10005,-258.17239377008195,-263.0,1.835591722402299,0.9005739496682441,0.10611950687856953,2000,False,True,False,True,367.7724905014038
0.005,-11.0,5,5,10005,-257.3852788285247,-263.0,2.1348749701427034,,,2000,False,True,False,False,367.7724905014038
0.005,-11.0,5,6,10005,-257.4772340181948,-263.0,2.0999110196977977,,,2000,False,True,False,False,367.7724905014038
0.005,-11.0,5,7,10005,-257.6731446799894,-263.0,2.025420273768298,,,2000,False,True,False,False,367.7724905014038
0.005,-9.0,7,0,10007,-210.5936374263576,-215.00000000000017,2.0494709644849203,,,2000,False,True,False,False,368.46586894989014
0.005,-9.0,7,1,10007,-210.40345421961345,-215.00000000000017,2.13792826994731,,,2000,False,True,False,False,368.46586894989014
0.005,-9.0,7,2,10007,-210.80922421020094,-215.00000000000017,1.9491980417670836,,,2000,False,True,False,False,368.46586894989014
0.005,-9.0,7,3,10007,-210.49580350103994,-215.00000000000017,2.094975115795452,,,2000,False,True,False,False,368.46586894989014
0.005,-9.0,7,4,10007,-210.16838538348756,-215.00000000000017,2.2472626123314448,,,2000,False,True,False,False,368.46586894989014
0.005,-9.0,7,5,10007,-210.81455536540815,-215.00000000000017,1.9467184346939597,0.900581730987745,0.1152817067456485,2000,False,True,False,True,368.46586894989014
0.005,-9.0,7,6,10007,-210.755638770374,-215.00000000000017,1.9741215021517096,,,2000,False,True,False,False,368.46586894989014
0.005,-9.0,7,7,10007,-210.72858044802797,-215.00000000000017,1.9867067683591615,,,2000,False,True,False,False,368.46586894989014
0.005,-10.0,6,0,10006,-233.78318116473048,-238.9999999999999,2.1827693871420126,,,2000,False,True,False,False,368.6977074146271
0.005,-10.0,6,1,10006,-234.16715469725145,-238.9999999999999,2.0221110053340756,,,2000,False,True,False,False,368.6977074146271
0.005,-10.0,6,2,10006,-233.99104649283095,-238.9999999999999,2.0957964465142016,,,2000,False,True,False,False,368.6977074146271
0.005,-10.0,6,3,10006,-234.24193655352968,-238.9999999999999,1.990821525719751,,,2000,False,True,False,False,368.6977074146271
0.005,-10.0,6,4,10006,-233.67586834845824,-238.9999999999999,2.227670147088557,,,2000,False,True,False,False,368.6977074146271
0.005,-10.0,6,5,10006,-234.28549504283694,-238.9999999999999,1.97259621638617,,,2000,False,True,False,False,368.6977074146271
0.005,-10.0,6,6,10006,-234.45246763381462,-238.9999999999999,1.9027332076088987,0.9005867788422822,0.1061022490259216,2000,False,True,False,True,368.6977074146271
0.005,-10.0,6,7,10006,-234.29961360222185,-238.9999999999999,1.9666888693631943,,,2000,False,True,False,False,368.6977074146271
0.005,-16.0,0,0,10000,-375.06706510372453,-383.0000000000001,2.071262375006679,,,2000,False,True,False,False,369.6352770328522
0.005,-16.0,0,1,10000,-374.86466953133885,-383.0000000000001,2.12410717197422,,,2000,False,True,False,False,369.6352770328522
0.005,-16.0,0,2,10000,-374.8714835138832,-383.0000000000001,2.122328064260285,,,2000,False,True,False,False,369.6352770328522
0.005,-16.0,0,3,10000,-374.63272775344984,-383.0000000000001,2.1846663829112973,,,2000,False,True,False,False,369.6352770328522
0.005,-16.0,0,4,10000,-375.66593622368083,-383.0000000000001,1.914899158307906,,,2000,False,True,False,False,369.6352770328522
0.005,-16.0,0,5,10000,-374.48123492580083,-383.0000000000001,2.2242206460050333,,,2000,False,True,False,False,369.6352770328522
0.005,-16.0,0,6,10000,-374.5144504245168,-383.0000000000001,2.215548192032201,,,2000,False,True,False,False,369.6352770328522
0.005,-16.0,0,7,10000,-375.6904240710897,-383.0000000000001,1.9085054644674717,0.9005830424205207,0.10614606623885062,2000,False,True,False,True,369.6352770328522
0.005,-8.0,8,0,10008,-187.0507880907346,-191.00000000000006,2.0676502142751003,,,2000,False,True,False,False,369.81106328964233
0.005,-8.0,8,1,10008,-186.74598275145195,-191.00000000000006,2.227234161543512,,,2000,False,True,False,False,369.81106328964233
0.005,-8.0,8,2,10008,-187.3622234975186,-191.00000000000006,1.904595027477195,,,2000,False,True,False,False,369.81106328964233
0.005,-8.0,8,3,10008,-186.83904477911412,-191.00000000000006,2.178510586851276,,,2000,False,True,False,False,369.81106328964233
0.005,-8.0,8,4,10008,-187.64063774637137,-191.00000000000006,1.7588284050411975,0.9005869085314352,0.10606059189250513,2000,False,True,False,True,369.81106328964233
0.005,-8.0,8,5,10008,-186.78363753937742,-191.00000000000006,2.2075196128914305,,,2000,False,True,False,False,369.81106328964233
0.005,-8.0,8,6,10008,-187.15099900760265,-191.00000000000006,2.0151837656530924,,,2000,False,True,False,False,369.81106328964233
0.005,-8.0,8,7,10008,-186.964235034362,-191.00000000000006,2.1129659505958456,,,2000,False,True,False,False,369.81106328964233
0.005,-12.0,4,0,10004,-280.6518235458077,-286.9999999999998,2.211908172192361,,,2000,False,True,False,False,370.128653049469
0.005,-12.0,4,1,10004,-280.91682976963006,-286.9999999999998,2.1195715088396243,,,2000,False,True,False,False,370.128653049469
0.005,-12.0,4,2,10004,-280.3472029320277,-286.9999999999998,2.318047758875289,,,2000,False,True,False,False,370.128653049469
0.005,-12.0,4,3,10004,-280.1602600792269,-286.9999999999998,2.3831846413842874,,,2000,False,True,False,False,370.128653049469
0.005,-12.0,4,4,10004,-280.5947073425626,-286.9999999999998,2.2318092883056466,,,2000,False,True,False,False,370.128653049469
0.005,-12.0,4,5,10004,-281.19279279835797,-286.9999999999998,2.0234171434292008,0.900567459535954,0.11531305628237126,2000,False,True,False,True,370.128653049469
0.005,-12.0,4,6,10004,-281.05850137376143,-286.9999999999998,2.0702085805708528,,,2000,False,True,False,False,370.128653049469
0.005,-12.0,4,7,10004,-280.9275945178862,-286.9999999999998,2.115820725475122,,,2000,False,True,False,False,370.128653049469
0.005,-14.0,2,0,10002,-328.2327293684526,-335.0000000000001,2.0200807855365635,,,2000,False,True,False,False,370.1976685523987
0.005,-14.0,2,1,10002,-327.82966938100805,-335.0000000000001,2.140397199699124,,,2000,False,True,False,False,370.1976685523987
0.005,-14.0,2,2,10002,-327.90430219287686,-335.0000000000001,2.1181187483950015,,,2000,False,True,False,False,370.1976685523987
0.005,-14.0,2,3,10002,-328.24745044000315,-335.0000000000001,2.0156864358199886,,,2000,False,True,False,False,370.1976685523987
0.005,-14.0,2,4,10002,-328.2464591047842,-335.0000000000001,2.015982356780867,,,2000,False,True,False,False,370.1976685523987
0.005,-14.0,2,5,10002,-328.3714026172198,-335.0000000000001,1.9786857859045663,,,2000,False,True,False,False,370.1976685523987
0.005,-14.0,2,6,10002,-327.98521929398726,-335.0000000000001,2.0939643898545834,,,2000,False,True,False,False,370.1976685523987
0.005,-14.0,2,7,10002,-328.6092542927009,-335.0000000000001,1.907685285760964,0.900517031855601,0.1062764028655703,2000,False,True,False,True,370.1976685523987
0.005,-13.0,3,0,10003,-303.9879882159469,-311.0,2.254666168505811,,,2000,False,True,False,False,370.7886016368866
0.005,-13.0,3,1,10003,-303.9005640896316,-311.0,2.2827768200541523,,,2000,False,True,False,False,370.7886016368866
0.005,-13.0,3,2,10003,-304.17726586395463,-311.0,2.1938051884390255,,,2000,False,True,False,False,370.7886016368866
0.005,-13.0,3,3,10003,-304.73886963664944,-311.0,2.0132251972188295,,,2000,False,True,False,False,370.7886016368866
0.005,-13.0,3,4,10003,-305.18111945580273,-311.0,1.87102268302163,0.9005635482161968,0.10604250703234437,2000,False,True,False,True,370.7886016368866
0.005,-13.0,3,5,10003,-303.836360954512,-311.0,2.3034209149479183,,,2000,False,True,False,False,370.7886016368866
0.005,-13.0,3,6,10003,-304.415428421629,-311.0,2.1172255879006516,,,2000,False,True,False,False,370.7886016368866
0.005,-13.0,3,7,10003,-304.75871517264915,-311.0,2.0068439959327504,,,2000,False,True,False,False,370.7886016368866
0.005,-15.0,1,0,10001,-351.38857680013086,-359.0000000000002,2.120173593278373,,,2000,False,True,False,False,371.04080748558044
0.005,-15.0,1,1,10001,-351.52450945016494,-359.0000000000002,2.0823093453580173,,,2000,False,True,False,False,371.04080748558044
0.005,-15.0,1,2,10001,-351.59596994621046,-359.0000000000002,2.0624039147046695,,,2000,False,True,False,False,371.04080748558044
0.005,-15.0,1,3,10001,-350.8857271099985,-359.0000000000002,2.260243144847269,,,2000,False,True,False,False,371.04080748558044
0.005,-15.0,1,4,10001,-352.2157379937994,-359.0000000000002,1.8897665755434063,,,2000,False,True,False,False,371.04080748558044
0.005,-15.0,1,5,10001,-352.2887628124487,-359.0000000000002,1.8694254004321846,0.9005963754234177,0.10600222258287628,2000,False,True,False,True,371.04080748558044
0.005,-15.0,1,6,10001,-352.13410682769285,-359.0000000000002,1.91250506192406,,,2000,False,True,False,False,371.04080748558044
0.005,-15.0,1,7,10001,-351.8820442113985,-359.0000000000002,1.982717489861198,,,2000,False,True,False,False,371.04080748558044
0.005,0.0,16,0,10016,-40.35549342846754,-43.56603968487638,7.36937825799979,,,2000,False,True,False,False,387.722953081131
0.005,0.0,16,1,10016,-40.19553038849074,-43.56603968487638,7.73655195828068,,,2000,False,True,False,False,387.722953081131
0.005,0.0,16,2,10016,-40.244486025973806,-43.56603968487638,7.624180859513896,,,2000,False,True,False,False,387.722953081131
0.005,0.0,16,3,10016,-40.43123655346949,-43.56603968487638,7.1955200749980355,0.8858960770036318,0.11285541561161846,2000,False,True,False,True,387.722953081131
0.005,0.0,16,4,10016,-39.81382127225563,-43.56603968487638,8.61271403084018,,,2000,False,True,False,False,387.722953081131
0.005,0.0,16,5,10016,-40.39554655467985,-43.56603968487638,7.27744167964192,,,2000,False,True,False,False,387.722953081131
0.005,0.0,16,6,10016,-40.04679865185587,-43.56603968487638,8.077945708345355,,,2000,False,True,False,False,387.722953081131
0.005,0.0,16,7,10016,-39.89404803068989,-43.56603968487638,8.42856426874439,,,2000,False,True,False,False,387.722953081131
0.005,-1.0,15,0,10015,-50.520219885435466,-59.5660396848763,15.18620315753097,,,2000,False,True,False,False,388.27350544929504
0.005,-1.0,15,1,10015,-56.256070496752145,-59.5660396848763,5.556805867294467,,,2000,False,True,False,False,388.27350544929504
0.005,-1.0,15,2,10015,-56.30018215229854,-59.5660396848763,5.482750825563038,0.8933902840329178,0.11297586940232185,2000,False,True,False,True,388.27350544929504
0.005,-1.0,15,3,10015,-56.05681683545118,-59.5660396848763,5.8913146954037074,,,2000,False,True,False,False,388.27350544929504
0.005,-1.0,15,4,10015,-56.196239925545164,-59.5660396848763,5.657249965178939,,,2000,False,True,False,False,388.27350544929504
0.005,-1.0,15,5,10015,-56.26810401709367,-59.5660396848763,5.536603885754001,,,2000,False,True,False,False,388.27350544929504
0.005,-1.0,15,6,10015,-56.29168708193071,-59.5660396848763,5.497012425650555,,,2000,False,True,False,False,388.27350544929504
0.005,-1.0,15,7,10015,-56.24491463900009,-59.5660396848763,5.575534421032585,,,2000,False,True,False,False,388.27350544929504
0.005,-3.0,13,0,10013,-88.15606432949669,-91.56603968487632,3.7240611990155172,0.893058128426917,0.10417313975673771,2000,False,True,False,True,388.62758111953735
0.005,-3.0,13,1,10013,-87.99315664014645,-91.56603968487632,3.9019739818669756,,,2000,False,True,False,False,388.62758111953735
0.005,-3.0,13,2,10013,-82.3995290197343,-91.56603968487632,10.010819182186403,,,2000,False,True,False,False,388.62758111953735
0.005,-3.0,13,3,10013,-88.03085799507244,-91.56603968487632,3.8608000323811895,,,2000,False,True,False,False,388.62758111953735
0.005,-3.0,13,4,10013,-88.02377591051948,-91.56603968487632,3.8685344332325697,,,2000,False,True,False,False,388.62758111953735
0.005,-3.0,13,5,10013,-88.05785569127934,-91.56603968487632,3.831315633689472,,,2000,False,True,False,False,388.62758111953735
0.005,-3.0,13,6,10013,-87.99690443839575,-91.56603968487632,3.8978809815994184,,,2000,False,True,False,False,388.62758111953735
0.005,-3.0,13,7,10013,-88.09874431299998,-91.56603968487632,3.78666084479464,,,2000,False,True,False,False,388.62758111953735
0.005,3.0,19,0,10019,-10.124951960131279,-19.56603968487626,48.25242040187903,,,2000,False,True,False,False,388.5712320804596
0.005,3.0,19,1,10019,-10.107581828996945,-19.56603968487626,48.34119734097397,,,2000,False,True,False,False,388.5712320804596
0.005,3.0,19,2,10019,-10.514150286634251,-19.56603968487626,46.26326811162887,,,2000,False,True,False,False,388.5712320804596
0.005,3.0,19,3,10019,-10.179246823208867,-19.56603968487626,47.974924986598054,,,2000,False,True,False,False,388.5712320804596
0.005,3.0,19,4,10019,-10.521951578043067,-19.56603968487626,46.223396520164975,0.6699586576407928,0.10354877740449857,2000,False,True,False,True,388.5712320804596
0.005,3.0,19,5,10019,-10.207119393293825,-19.56603968487626,47.83247117103873,,,2000,False,True,False,False,388.5712320804596
0.005,3.0,19,6,10019,-10.310639386879112,-19.56603968487626,47.30339121795398,,,2000,False,True,False,False,388.5712320804596
0.005,3.0,19,7,10019,-10.508354824228956,-19.56603968487626,46.292888119042914,,,2000,False,True,False,False,388.5712320804596
0.005,-4.0,12,0,10012,-104.02499531352208,-107.56603968487627,3.29197243082294,,,2000,False,True,False,False,388.9912393093109
0.005,-4.0,12,1,10012,-98.21523945432779,-107.56603968487627,8.693078464116034,,,2000,False,True,False,False,388.9912393093109
0.005,-4.0,12,2,10012,-103.94511420552666,-107.56603968487627,3.3662348171945466,,,2000,False,True,False,False,388.9912393093109
0.005,-4.0,12,3,10012,-104.07987294864223,-107.56603968487627,3.240954809200987,0.8927857100541602,0.10817490725614587,2000,False,True,False,True,388.9912393093109
0.005,-4.0,12,4,10012,-103.98647309369277,-107.56603968487627,3.3277850534147646,,,2000,False,True,False,False,388.9912393093109
0.005,-4.0,12,5,10012,-102.65736543310189,-107.56603968487627,4.563405203124294,,,2000,False,True,False,False,388.9912393093109
0.005,-4.0,12,6,10012,-104.00987674028856,-107.56603968487627,3.306027585477525,,,2000,False,True,False,False,388.9912393093109
0.005,-4.0,12,7,10012,-104.00592201062511,-107.56603968487627,3.3097041451752087,,,2000,False,True,False,False,388.9912393093109
0.005,1.0,17,0,10017,-27.322913010678683,-35.56603968487631,23.176959670611957,,,2000,False,True,False,False,389.1511764526367
0.005,1.0,17,1,10017,-27.363865526702657,-35.56603968487631,23.061814671655583,,,2000,False,True,False,False,389.1511764526367
0.005,1.0,17,2,10017,-27.214917413563498,-35.56603968487631,23.480607751961614,,,2000,False,True,False,False,389.1511764526367
0.005,1.0,17,3,10017,-27.27560527707991,-35.56603968487631,23.309973450099157,,,2000,False,True,False,False,389.1511764526367
0.005,1.0,17,4,10017,-27.272213093752857,-35.56603968487631,23.31951115336078,,,2000,False,True,False,False,389.1511764526367
0.005,1.0,17,5,10017,-26.946854061078902,-35.56603968487631,24.2343136884665,,,2000,False,True,False,False,389.1511764526367
0.005,1.0,17,6,10017,-27.367027828830967,-35.56603968487631,23.052923318678616,0.5808156793138792,0.10927191322521032,2000,False,True,False,True,389.1511764526367
0.005,1.0,17,7,10017,-27.340835845178255,-35.56603968487631,23.126566557804423,,,2000,False,True,False,False,389.1511764526367
0.005,-5.0,11,0,10011,-116.85912347948822,-123.56603968487642,5.4277989506602875,,,2000,False,True,False,False,389.5013771057129
0.005,-5.0,11,1,10011,-116.71114210986973,-123.56603968487642,5.547557882803683,,,2000,False,True,False,False,389.5013771057129
0.005,-5.0,11,2,10011,-119.94001764467016,-123.56603968487642,2.934481067333301,,,2000,False,True,False,False,389.5013771057129
0.005,-5.0,11,3,10011,-116.89438954814304,-123.56603968487642,5.399258690937829,,,2000,False,True,False,False,389.5013771057129
0.005,-5.0,11,4,10011,-116.73711012713552,-123.56603968487642,5.526542385882343,,,2000,False,True,False,False,389.5013771057129
0.005,-5.0,11,5,10011,-119.9920487253821,-123.56603968487642,2.8923731541521116,0.8926634329409839,0.10437482013178717,2000,False,True,False,True,389.5013771057129
0.005,-5.0,11,6,10011,-116.85227937527543,-123.56603968487642,5.43333777364939,,,2000,False,True,False,False,389.5013771057129
0.005,-5.0,11,7,10011,-116.62856798995605,-123.56603968487642,5.614383784260311,,,2000,False,True,False,False,389.5013771057129
0.005,-2.0,14,0,10014,-72.17299697176237,-75.56603968487632,4.490168767959162,,,2000,False,True,False,False,389.7083942890167
0.005,-2.0,14,1,10014,-72.1572457345133,-75.56603968487632,4.511013101359143,,,2000,False,True,False,False,389.7083942890167
0.005,-2.0,14,2,10014,-66.48487885302413,-75.56603968487632,12.017515896985241,,,2000,False,True,False,False,389.7083942890167
0.005,-2.0,14,3,10014,-72.18000623090653,-75.56603968487632,4.480893094424616,0.89253974910034,0.10569888007347183,2000,False,True,False,True,389.7083942890167
0.005,-2.0,14,4,10014,-72.17463505817582,-75.56603968487632,4.4880010132107575,,,2000,False,True,False,False,389.7083942890167
0.005,-2.0,14,5,10014,-72.15561749701205,-75.56603968487632,4.513167822591115,,,2000,False,True,False,False,389.7083942890167
0.005,-2.0,14,6,10014,-71.85772313291397,-75.56603968487632,4.907385073277194,,,2000,False,True,False,False,389.7083942890167
0.005,-2.0,14,7,10014,-72.12551770290206,-75.56603968487632,4.553000258213662,,,2000,False,True,False,False,389.7083942890167
0.005,-6.0,10,0,10010,-140.35088231279383,-143.00000000000034,1.852529851193361,,,2000,False,True,False,False,390.2575173377991
0.005,-6.0,10,1,10010,-139.94069891318256,-143.00000000000034,2.1393713893830597,,,2000,False,True,False,False,390.2575173377991
0.005,-6.0,10,2,10010,-140.2545371707557,-143.00000000000034,1.9199040763948516,,,2000,False,True,False,False,390.2575173377991
0.005,-6.0,10,3,10010,-140.42027077746215,-143.00000000000034,1.804006449327402,0.9005117082339664,0.10613709544235243,2000,False,True,False,True,390.2575173377991
0.005,-6.0,10,4,10010,-140.41547058329084,-143.00000000000034,1.8073632284681778,,,2000,False,True,False,False,390.2575173377991
0.005,-6.0,10,5,10010,-140.3520366014242,-143.00000000000034,1.8517226563469453,,,2000,False,True,False,False,390.2575173377991
0.005,-6.0,10,6,10010,-140.35304756473298,-143.00000000000034,1.8510156889981537,,,2000,False,True,False,False,390.2575173377991
0.005,-6.0,10,7,10010,-140.04728997711692,-143.00000000000034,2.0648321838345565,,,2000,False,True,False,False,390.2575173377991
0.005,-7.0,9,0,10009,-163.91399870815812,-166.99999999999986,1.847904965174696,,,2000,False,True,False,False,407.82601141929626
0.005,-7.0,9,1,10009,-163.31259836865107,-166.99999999999986,2.208024928951374,,,2000,False,True,False,False,407.82601141929626
0.005,-7.0,9,2,10009,-163.61578665500383,-166.99999999999986,2.02647505688385,,,2000,False,True,False,False,407.82601141929626
0.005,-7.0,9,3,10009,-163.39058733414586,-166.99999999999986,2.1613249496131726,,,2000,False,True,False,False,407.82601141929626
0.005,-7.0,9,4,10009,-163.3309037577015,-166.99999999999986,2.197063618142736,,,2000,False,True,False,False,407.82601141929626
0.005,-7.0,9,5,10009,-163.7429231173394,-166.99999999999986,1.9503454387188461,,,2000,False,True,False,False,407.82601141929626
0.005,-7.0,9,6,10009,-164.10270658870033,-166.99999999999986,1.7349062343110966,0.9005763426082894,0.10608362976655487,2000,False,True,False,True,407.82601141929626
0.005,-7.0,9,7,10009,-163.83635730431163,-166.99999999999986,1.8943968237654054,,,2000,False,True,False,False,407.82601141929626
0.005,2.0,18,0,10018,-18.578724363414793,-27.566039684876316,32.602852728214984,,,2000,False,True,False,False,419.5763261318207
0.005,2.0,18,1,10018,-18.566912180865923,-27.566039684876316,32.645703216293434,,,2000,False,True,False,False,419.5763261318207
0.005,2.0,18,2,10018,-18.466475889454806,-27.566039684876316,33.01005113336554,,,2000,False,True,False,False,419.5763261318207
0.005,2.0,18,3,10018,-18.35165180448318,-27.566039684876316,33.42659295904761,,,2000,False,True,False,False,419.5763261318207
0.005,2.0,18,4,10018,-18.37240464147451,-27.566039684876316,33.35130888767367,,,2000,False,True,False,False,419.5763261318207
0.005,2.0,18,5,10018,-18.647134567580853,-27.566039684876316,32.354684311757275,,,2000,False,True,False,False,419.5763261318207
0.005,2.0,18,6,10018,-18.659681446394217,-27.566039684876316,32.309168601278756,0.6787383237483895,0.10632615974524409,2000,False,True,False,True,419.5763261318207
0.005,2.0,18,7,10018,-18.310099818190043,-27.566039684876316,33.5773291067429,,,2000,False,True,False,False,419.5763261318207
0.005,4.0,20,0,10020,-2.9479678007128394,-11.566039684876385,74.51186507195227,0.6367104678146354,0.104950575246535,2000,False,True,False,True,391.29742336273193
0.005,4.0,20,1,10020,-2.375925838903484,-11.566039684876385,79.45774090668031,,,2000,False,True,False,False,391.29742336273193
0.005,4.0,20,2,10020,-2.9259137395235046,-11.566039684876385,74.70254452481781,,,2000,False,True,False,False,391.29742336273193
0.005,4.0,20,3,10020,-2.3353853560828686,-11.566039684876385,79.80825399435045,,,2000,False,True,False,False,391.29742336273193
0.005,4.0,20,4,10020,-2.637042393985119,-11.566039684876385,77.20012669995172,,,2000,False,True,False,False,391.29742336273193
0.005,4.0,20,5,10020,-2.6560098520627795,-11.566039684876385,77.03613402316313,,,2000,False,True,False,False,391.29742336273193
0.005,4.0,20,6,10020,-2.7039081729503933,-11.566039684876385,76.6220050542798,,,2000,False,True,False,False,391.29742336273193
0.005,4.0,20,7,10020,-2.6798386128049176,-11.566039684876385,76.83011051475948,,,2000,False,True,False,False,391.29742336273193
0.005,6.0,22,0,10022,3.9412875568911323,0.9999999999999979,294.1287556891141,,,2000,False,True,False,False,391.99496126174927
0.005,6.0,22,1,10022,3.458890160698851,0.9999999999999979,245.88901606988586,,,2000,False,True,False,False,391.99496126174927
0.005,6.0,22,2,10022,3.241384398618439,0.9999999999999979,224.13843986184463,0.9005870720647722,0.10641204348719661,2000,False,True,False,True,391.99496126174927
0.005,6.0,22,3,10022,3.65882103743052,0.9999999999999979,265.8821037430528,,,2000,False,True,False,False,391.99496126174927
0.005,6.0,22,4,10022,3.390848280936063,0.9999999999999979,239.084828093607,,,2000,False,True,False,False,391.99496126174927
0.005,6.0,22,5,10022,3.2513359504298713,0.9999999999999979,225.13359504298785,,,2000,False,True,False,False,391.99496126174927
0.005,6.0,22,6,10022,3.549093832715829,0.9999999999999979,254.90938327158364,,,2000,False,True,False,False,391.99496126174927
0.005,6.0,22,7,10022,3.559205771585459,0.9999999999999979,255.92057715854665,,,2000,False,True,False,False,391.99496126174927
0.005,5.0,21,0,10021,2.869566372689854,-3.5660396848763805,180.46927758150647,,,2000,False,True,False,False,392.4864020347595
0.005,5.0,21,1,10021,2.7210668146195,-3.5660396848763805,176.3050065359502,0.2535308986738451,0.10393737870827427,2000,False,True,False,True,392.4864020347595
0.005,5.0,21,2,10021,2.760095010603835,-3.5660396848763805,177.39944741247365,,,2000,False,True,False,False,392.4864020347595
0.005,5.0,21,3,10021,2.8488363383007442,-3.5660396848763805,179.8879594745593,,,2000,False,True,False,False,392.4864020347595
0.005,5.0,21,4,10021,2.8833713083488584,-3.5660396848763805,180.85639990427683,,,2000,False,True,False,False,392.4864020347595
0.005,5.0,21,5,10021,2.785910545074512,-3.5660396848763805,178.12337470302404,,,2000,False,True,False,False,392.4864020347595
0.005,5.0,21,6,10021,5.456025970545568,-3.5660396848763805,252.99958645117275,,,2000,False,True,False,False,392.4864020347595
0.005,5.0,21,7,10021,3.2111254352995724,-3.5660396848763805,190.04738362609916,,,2000,False,True,False,False,392.4864020347595
0.005,10.0,26,0,10026,4.8469424535046866,0.9999999999999996,384.69424535046886,,,2000,False,True,False,False,390.9830822944641
0.005,10.0,26,1,10026,5.547224924543093,0.9999999999999996,454.7224924543094,,,2000,False,True,False,False,390.9830822944641
0.005,10.0,26,2,10026,5.865721561813617,0.9999999999999996,486.57215618136183,,,2000,False,True,False,False,390.9830822944641
0.005,10.0,26,3,10026,5.3124744568175775,0.9999999999999996,431.24744568175794,,,2000,False,True,False,False,390.9830822944641
0.005,10.0,26,4,10026,5.326727724310127,0.9999999999999996,432.672772431013,,,2000,False,True,False,False,390.9830822944641
0.005,10.0,26,5,10026,5.02793020697533,0.9999999999999996,402.7930206975332,,,2000,False,True,False,False,390.9830822944641
0.005,10.0,26,6,10026,4.809813352301745,0.9999999999999996,380.98133523017475,0.9005869803575354,0.10642162506586753,2000,False,True,False,True,390.9830822944641
0.005,10.0,26,7,10026,5.439629433768876,0.9999999999999996,443.9629433768879,,,2000,False,True,False,False,390.9830822944641
0.005,9.0,25,0,10025,4.407243364094748,0.9999999999999994,340.7243364094751,0.9005889517560083,0.10637346646179727,2000,False,True,False,True,391.49822664260864
0.005,9.0,25,1,10025,4.568463433584405,0.9999999999999994,356.8463433584407,,,2000,False,True,False,False,391.49822664260864
0.005,9.0,25,2,10025,4.583377728666741,0.9999999999999994,358.3377728666743,,,2000,False,True,False,False,391.49822664260864
0.005,9.0,25,3,10025,4.625975390194842,0.9999999999999994,362.5975390194845,,,2000,False,True,False,False,391.49822664260864
0.005,9.0,25,4,10025,4.944043647302792,0.9999999999999994,394.4043647302795,,,2000,False,True,False,False,391.49822664260864
0.005,9.0,25,5,10025,4.9102806875967175,0.9999999999999994,391.028068759672,,,2000,False,True,False,False,391.49822664260864
0.005,9.0,25,6,10025,4.92863610718878,0.9999999999999994,392.86361071887825,,,2000,False,True,False,False,391.49822664260864
0.005,9.0,25,7,10025,4.51083978262593,0.9999999999999994,351.08397826259323,,,2000,False,True,False,False,391.49822664260864
0.005,11.0,27,0,10027,5.236565193400128,1.0000000000000189,423.6565193400029,,,2000,False,True,False,False,391.7918334007263
0.005,11.0,27,1,10027,5.317967691592898,1.0000000000000189,431.79676915927973,,,2000,False,True,False,False,391.7918334007263
0.005,11.0,27,2,10027,5.666301459696514,1.0000000000000189,466.6301459696408,,,2000,False,True,False,False,391.7918334007263
0.005,11.0,27,3,10027,5.83073320857484,1.0000000000000189,483.07332085747294,,,2000,False,True,False,False,391.7918334007263
0.005,11.0,27,4,10027,5.770037451002765,1.0000000000000189,477.0037451002657,,,2000,False,True,False,False,391.7918334007263
0.005,11.0,27,5,10027,5.209056535331938,1.0000000000000189,420.9056535331841,0.9005876533307481,0.10642337003724105,2000,False,True,False,True,391.7918334007263
0.005,11.0,27,6,10027,5.265147578819723,1.0000000000000189,426.51475788196234,,,2000,False,True,False,False,391.7918334007263
0.005,11.0,27,7,10027,5.224712296359413,1.0000000000000189,422.4712296359314,,,2000,False,True,False,False,391.7918334007263
0.005,12.0,28,0,10028,6.786682140730858,1.0000000000000426,578.6682140730568,,,2000,False,True,False,False,392.7217757701874
0.005,12.0,28,1,10028,6.215627302807076,1.0000000000000426,521.5627302806811,,,2000,False,True,False,False,392.7217757701874
0.005,12.0,28,2,10028,5.610773172247495,1.0000000000000426,461.0773172247257,0.9005847012745879,0.10644326723092809,2000,False,True,False,True,392.7217757701874
0.005,12.0,28,3,10028,6.767010454107181,1.0000000000000426,576.7010454106893,,,2000,False,True,False,False,392.7217757701874
0.005,12.0,28,4,10028,6.158814067209395,1.0000000000000426,515.8814067209132,,,2000,False,True,False,False,392.7217757701874
0.005,12.0,28,5,10028,5.756110776609887,1.0000000000000426,475.6110776609642,,,2000,False,True,False,False,392.7217757701874
0.005,12.0,28,6,10028,5.699893369162414,1.0000000000000426,469.98933691621704,,,2000,False,True,False,False,392.7217757701874
0.005,12.0,28,7,10028,6.412028124986804,1.0000000000000426,541.2028124986531,,,2000,False,True,False,False,392.7217757701874
0.005,7.0,23,0,10023,3.7660412069050375,1.0000000000000147,276.60412069049823,,,2000,False,True,False,False,394.6148819923401
0.005,7.0,23,1,10023,4.133585704628219,1.0000000000000147,313.35857046281586,,,2000,False,True,False,False,394.6148819923401
0.005,7.0,23,2,10023,4.162290126037073,1.0000000000000147,316.2290126037012,,,2000,False,True,False,False,394.6148819923401
0.005,7.0,23,3,10023,4.362215944499734,1.0000000000000147,336.22159444996703,,,2000,False,True,False,False,394.6148819923401
0.005,7.0,23,4,10023,4.431934411817009,1.0000000000000147,343.1934411816944,,,2000,False,True,False,False,394.6148819923401
0.005,7.0,23,5,10023,3.627203973058328,1.0000000000000147,262.7203973058275,0.900545960252626,0.10635811785737688,2000,False,True,False,True,394.6148819923401
0.005,7.0,23,6,10023,3.7782862927480023,1.0000000000000147,277.8286292747947,,,2000,False,True,False,False,394.6148819923401
0.005,7.0,23,7,10023,4.404338248289412,1.0000000000000147,340.4338248289348,,,2000,False,True,False,False,394.6148819923401
0.005,8.0,24,0,10024,29.969301488732246,1.0000000000000249,2896.93014887315,,,2000,False,True,False,False,395.44366788864136
0.005,8.0,24,1,10024,4.027524311647111,1.0000000000000249,302.7524311647011,,,2000,False,True,False,False,395.44366788864136
0.005,8.0,24,2,10024,4.257861790873727,1.0000000000000249,325.7861790873621,,,2000,False,True,False,False,395.44366788864136
0.005,8.0,24,3,10024,4.0215249051459026,1.0000000000000249,302.1524905145803,0.9005493015864748,0.10631535170685841,2000,False,True,False,True,395.44366788864136
0.005,8.0,24,4,10024,4.7856904122353034,1.0000000000000249,378.56904122351847,,,2000,False,True,False,False,395.44366788864136
0.005,8.0,24,5,10024,4.164154779491575,1.0000000000000249,316.41547794914715,,,2000,False,True,False,False,395.44366788864136
0.005,8.0,24,6,10024,4.731840372951306,1.0000000000000249,373.18403729511886,,,2000,False,True,False,False,395.44366788864136
0.005,8.0,24,7,10024,4.570283589307515,1.0000000000000249,357.02835893074007,,,2000,False,True,False,False,395.44366788864136
0.005,14.0,30,0,10030,6.515379380407909,0.9999999999999973,551.5379380407927,,,2000,False,True,False,False,410.036981344223
0.005,14.0,30,1,10030,7.71769124279006,0.9999999999999973,671.7691242790081,,,2000,False,True,False,False,410.036981344223
0.005,14.0,30,2,10030,6.426715428832872,0.9999999999999973,542.6715428832889,0.9005885525113553,0.10636094843654405,2000,False,True,False,True,410.036981344223
0.005,14.0,30,3,10030,7.164193613696696,0.9999999999999973,616.4193613696715,,,2000,False,True,False,False,410.036981344223
0.005,14.0,30,4,10030,6.500705130206976,0.9999999999999973,550.0705130206993,,,2000,False,True,False,False,410.036981344223
0.005,14.0,30,5,10030,7.021511080719878,0.9999999999999973,602.1511080719897,,,2000,False,True,False,False,410.036981344223
0.005,14.0,30,6,10030,7.216935586560145,0.9999999999999973,621.6935586560164,,,2000,False,True,False,False,410.036981344223
0.005,14.0,30,7,10030,6.497943363616568,0.9999999999999973,549.7943363616585,,,2000,False,True,False,False,410.036981344223
0.005,13.0,29,0,10029,6.724583439085289,1.0000000000000213,572.4583439085146,,,2000,False,True,False,False,412.6469986438751
0.005,13.0,29,1,10029,6.006325203408115,1.0000000000000213,500.6325203407987,,,2000,False,True,False,False,412.6469986438751
0.005,13.0,29,2,10029,6.117055588156456,1.0000000000000213,511.7055588156325,,,2000,False,True,False,False,412.6469986438751
0.005,13.0,29,3,10029,6.015995003911738,1.0000000000000213,501.599500391161,,,2000,False,True,False,False,412.6469986438751
0.005,13.0,29,4,10029,7.249510062341139,1.0000000000000213,624.9510062340985,,,2000,False,True,False,False,412.6469986438751
0.005,13.0,29,5,10029,6.706259852494841,1.0000000000000213,570.6259852494699,,,2000,False,True,False,False,412.6469986438751
0.005,13.0,29,6,10029,7.005397260575468,1.0000000000000213,600.5397260575319,,,2000,False,True,False,False,412.6469986438751
0.005,13.0,29,7,10029,5.997862347435705,1.0000000000000213,499.78623474355766,0.9005838194682672,0.10643272762692527,2000,False,True,False,True,412.6469986438751
0.005,16.0,32,0,10032,7.8761943245358905,0.9999999999999984,687.6194324535903,,,2000,False,True,False,False,411.7830090522766
0.005,16.0,32,1,10032,8.49537815122155,0.9999999999999984,749.5378151221563,,,2000,False,True,False,False,411.7830090522766
0.005,16.0,32,2,10032,7.475959606927557,0.9999999999999984,647.5959606927569,,,2000,False,True,False,False,411.7830090522766
0.005,16.0,32,3,10032,7.376336427377888,0.9999999999999984,637.63364273779,,,2000,False,True,False,False,411.7830090522766
0.005,16.0,32,4,10032,8.011799549751922,0.9999999999999984,701.1799549751935,,,2000,False,True,False,False,411.7830090522766
0.005,16.0,32,5,10032,7.277243209908795,0.9999999999999984,627.7243209908806,0.9005766927683386,0.10647914719513729,2000,False,True,False,True,411.7830090522766
0.005,16.0,32,6,10032,8.65009499224628,0.9999999999999984,765.0094992246294,,,2000,False,True,False,False,411.7830090522766
0.005,16.0,32,7,10032,7.972785845035711,0.9999999999999984,697.2785845035723,,,2000,False,True,False,False,411.7830090522766
0.005,15.0,31,0,10031,6.888963368852117,0.9999999999999432,588.8963368852509,,,2000,False,True,False,False,411.97054076194763
0.005,15.0,31,1,10031,7.5304645484572985,0.9999999999999432,653.0464548457727,,,2000,False,True,False,False,411.97054076194763
0.005,15.0,31,2,10031,7.605852434780453,0.9999999999999432,660.5852434780886,,,2000,False,True,False,False,411.97054076194763
0.005,15.0,31,3,10031,6.889501356245538,0.9999999999999432,588.950135624593,,,2000,False,True,False,False,411.97054076194763
0.005,15.0,31,4,10031,7.444171312617355,0.9999999999999432,644.4171312617777,,,2000,False,True,False,False,411.97054076194763
0.005,15.0,31,5,10031,7.459725151821761,0.9999999999999432,645.9725151822184,,,2000,False,True,False,False,411.97054076194763
0.005,15.0,31,6,10031,6.82524207802005,0.9999999999999432,582.5242078020439,0.9005575112568541,0.10631728148007805,2000,False,True,False,True,411.97054076194763
0.005,15.0,31,7,10031,7.373332668032061,0.9999999999999432,637.3332668032481,,,2000,False,True,False,False,411.97054076194763
0.01,-13.0,3,0,11003,-300.004085875249,-311.0,3.535663705707711,,,2000,False,True,False,False,413.97454500198364
0.01,-13.0,3,1,11003,-299.9621668921502,-311.0,3.549142478408293,,,2000,False,True,False,False,413.97454500198364
0.01,-13.0,3,2,11003,-298.4271750109016,-311.0,4.042708999710103,,,2000,False,True,False,False,413.97454500198364
0.01,-13.0,3,3,11003,-299.1715923692327,-311.0,3.8033465050698676,,,2000,False,True,False,False,413.97454500198364
0.01,-13.0,3,4,11003,-298.94708035639377,-311.0,3.8755368628958937,,,2000,False,True,False,False,413.97454500198364
0.01,-13.0,3,5,11003,-300.5841739321015,-311.0,3.349140214758353,0.8359264326988783,0.14414493072615608,2000,False,True,False,True,413.97454500198364
0.01,-13.0,3,6,11003,-298.6943401462987,-311.0,3.956803811479513,,,2000,False,True,False,False,413.97454500198364
0.01,-13.0,3,7,11003,-300.18995837332574,-311.0,3.4758976291557118,,,2000,False,True,False,False,413.97454500198364
0.01,-14.0,2,0,11002,-323.0091748226538,-335.0000000000001,3.5793507992078566,,,2000,False,True,False,False,414.55336594581604
0.01,-14.0,2,1,11002,-322.01761392899414,-335.0000000000001,3.8753391256734244,,,2000,False,True,False,False,414.55336594581604
0.01,-14.0,2,2,11002,-323.76835121920584,-335.0000000000001,3.3527309793415725,,,2000,False,True,False,False,414.55336594581604
0.01,-14.0,2,3,11002,-323.4025391964079,-335.0000000000001,3.4619285980872347,,,2000,False,True,False,False,414.55336594581604
0.01,-14.0,2,4,11002,-321.83590905786133,-335.0000000000001,3.929579385713069,,,2000,False,True,False,False,414.55336594581604
0.01,-14.0,2,5,11002,-323.0818535170379,-335.0000000000001,3.557655666555875,,,2000,False,True,False,False,414.55336594581604
0.01,-14.0,2,6,11002,-323.2560700228059,-335.0000000000001,3.5056507394609624,,,2000,False,True,False,False,414.55336594581604
0.01,-14.0,2,7,11002,-324.4303907676994,-335.0000000000001,3.155107233522598,0.8360162257493946,0.17807756763827087,2000,False,True,False,True,414.55336594581604
0.01,-12.0,4,0,11004,-276.98640322668484,-286.9999999999998,3.489058109168968,,,2000,False,True,False,False,413.8947467803955
0.01,-12.0,4,1,11004,-275.93021664230463,-286.9999999999998,3.857067372019217,,,2000,False,True,False,False,413.8947467803955
0.01,-12.0,4,2,11004,-275.3502909882499,-286.9999999999998,4.059132059843156,,,2000,False,True,False,False,413.8947467803955
0.01,-12.0,4,3,11004,-277.14914980364705,-286.9999999999998,3.4323519847918926,,,2000,False,True,False,False,413.8947467803955
0.01,-12.0,4,4,11004,-276.1267077257921,-286.9999999999998,3.788603579863313,,,2000,False,True,False,False,413.8947467803955
0.01,-12.0,4,5,11004,-277.7396312436074,-286.9999999999998,3.226609322784804,,,2000,False,True,False,False,413.8947467803955
0.01,-12.0,4,6,11004,-278.0680212367922,-286.9999999999998,3.112187722371972,0.8360365838534599,0.17799355927311838,2000,False,True,False,True,413.8947467803955
0.01,-12.0,4,7,11004,-277.2075658018624,-286.9999999999998,3.4119979784450747,,,2000,False,True,False,False,413.8947467803955
0.01,-15.0,1,0,11001,-344.89049190269736,-359.0000000000002,3.9302250967417427,,,2000,False,True,False,False,415.42617297172546
0.01,-15.0,1,1,11001,-346.9469994913518,-359.0000000000002,3.3573817572836853,0.835978788712268,0.14412038030712354,2000,False,True,False,True,415.42617297172546
0.01,-15.0,1,2,11001,-344.9313760370031,-359.0000000000002,3.9188367584950257,,,2000,False,True,False,False,415.42617297172546
0.01,-15.0,1,3,11001,-346.04184832237604,-359.0000000000002,3.6095130021237267,,,2000,False,True,False,False,415.42617297172546
0.01,-15.0,1,4,11001,-346.89642186365353,-359.0000000000002,3.3714702329656516,,,2000,False,True,False,False,415.42617297172546
0.01,-15.0,1,5,11001,-346.09071714054426,-359.0000000000002,3.595900517954307,,,2000,False,True,False,False,415.42617297172546
0.01,-15.0,1,6,11001,-345.93874043237696,-359.0000000000002,3.638233862847704,,,2000,False,True,False,False,415.42617297172546
0.01,-15.0,1,7,11001,-346.4845213527534,-359.0000000000002,3.486205751322233,,,2000,False,True,False,False,415.42617297172546
0.01,-16.0,0,0,11000,-370.2856609731566,-383.0000000000001,3.3196707641889036,,,2000,False,True,False,False,416.5816044807434
0.01,-16.0,0,1,11000,-369.62796705313144,-383.0000000000001,3.491392414326023,,,2000,False,True,False,False,416.5816044807434
0.01,-16.0,0,2,11000,-369.0889929078298,-383.0000000000001,3.632116734248129,,,2000,False,True,False,False,416.5816044807434
0.01,-16.0,0,3,11000,-369.94686419180385,-383.0000000000001,3.4081294538371423,,,2000,False,True,False,False,416.5816044807434
0.01,-16.0,0,4,11000,-370.46707350699506,-383.0000000000001,3.272304567364242,,,2000,False,True,False,False,416.5816044807434
0.01,-16.0,0,5,11000,-369.37062771277954,-383.0000000000001,3.5585828426163375,,,2000,False,True,False,False,416.5816044807434
0.01,-16.0,0,6,11000,-370.47896963778555,-383.0000000000001,3.269198527993357,0.8360027700325184,0.17841197912180773,2000,False,True,False,True,416.5816044807434
0.01,-16.0,0,7,11000,-369.2516089858731,-383.0000000000001,3.5896582282316016,,,2000,False,True,False,False,416.5816044807434
0.01,-11.0,5,0,11005,-254.05211266859678,-263.0,3.4022385290506554,,,2000,False,True,False,False,432.88244819641113
0.01,-11.0,5,1,11005,-253.67701772215165,-263.0,3.5448601816913894,,,2000,False,True,False,False,432.88244819641113
0.01,-11.0,5,2,11005,-252.89961488050074,-263.0,3.8404506157791882,,,2000,False,True,False,False,432.88244819641113
0.01,-11.0,5,3,11005,-254.77529494658953,-263.0,3.127264278863298,0.8358465185250226,0.17829032799156422,2000,False,True,False,True,432.88244819641113
0.01,-11.0,5,4,11005,-254.55596455869363,-263.0,3.2106598636145884,,,2000,False,True,False,False,432.88244819641113
0.01,-11.0,5,5,11005,-253.97110494621214,-263.0,3.4330399444060316,,,2000,False,True,False,False,432.88244819641113
0.01,-11.0,5,6,11005,-253.88896591465578,-263.0,3.4642715153400063,,,2000,False,True,False,False,432.88244819641113
0.01,-11.0,5,7,11005,-254.5485236993174,-263.0,3.2134890877120155,,,2000,False,True,False,False,432.88244819641113
0.01,-10.0,6,0,11006,-230.870395378339,-238.9999999999999,3.4015082098999545,,,2000,False,True,False,False,447.1354467868805
0.01,-10.0,6,1,11006,-231.50059829894982,-238.9999999999999,3.137824979518856,,,2000,False,True,False,False,447.1354467868805
0.01,-10.0,6,2,11006,-231.6888288956129,-238.9999999999999,3.059067407693307,0.8360401087642467,0.17798664621651328,2000,False,True,False,True,447.1354467868805
0.01,-10.0,6,3,11006,-230.60773758205136,-238.9999999999999,3.511406869434533,,,2000,False,True,False,False,447.1354467868805
0.01,-10.0,6,4,11006,-230.01689624649543,-238.9999999999999,3.7586208173658813,,,2000,False,True,False,False,447.1354467868805
0.01,-10.0,6,5,11006,-230.95018777806,-238.9999999999999,3.368122268594091,,,2000,False,True,False,False,447.1354467868805
0.01,-10.0,6,6,11006,-230.8631932892263,-238.9999999999999,3.4045216363069404,,,2000,False,True,False,False,447.1354467868805
0.01,-10.0,6,7,11006,-230.737273961044,-238.9999999999999,3.4572075476802904,,,2000,False,True,False,False,447.1354467868805
0.01,-7.0,9,0,11009,-160.73556244998116,-166.99999999999986,3.751160209592038,,,2000,False,True,False,False,377.1033511161804
0.01,-7.0,9,1,11009,-161.59152972596087,-166.99999999999986,3.238604954514368,,,2000,False,True,False,False,377.1033511161804
0.01,-7.0,9,2,11009,-160.90952833873214,-166.99999999999986,3.6469890187231844,,,2000,False,True,False,False,377.1033511161804
0.01,-7.0,9,3,11009,-161.6057959839063,-166.99999999999986,3.230062285085972,,,2000,False,True,False,False,377.1033511161804
0.01,-7.0,9,4,11009,-161.6050857951814,-166.99999999999986,3.2304875477954895,,,2000,False,True,False,False,377.1033511161804
0.01,-7.0,9,5,11009,-161.48355015012967,-166.99999999999986,3.3032633831558025,,,2000,False,True,False,False,377.1033511161804
0.01,-7.0,9,6,11009,-161.8182486122969,-166.99999999999986,3.1028451423370957,0.836006713512246,0.1783792181656683,2000,False,True,False,True,377.1033511161804
0.01,-7.0,9,7,11009,-160.91555465365735,-166.99999999999986,3.643380446911683,,,2000,False,True,False,False,377.1033511161804
0.01,-9.0,7,0,11007,-206.93228080686842,-215.00000000000017,3.7524275316891833,,,2000,False,True,False,False,379.4300630092621
0.01,-9.0,7,1,11007,-208.19066711367503,-215.00000000000017,3.167131575034945,0.8360078286170188,0.17837216146304835,2000,False,True,False,True,379.4300630092621
0.01,-9.0,7,2,11007,-207.82982287966877,-215.00000000000017,3.3349661024797195,,,2000,False,True,False,False,379.4300630092621
0.01,-9.0,7,3,11007,-207.8367361657724,-215.00000000000017,3.33175062057105,,,2000,False,True,False,False,379.4300630092621
0.01,-9.0,7,4,11007,-206.66069487455079,-215.00000000000017,3.8787465699764554,,,2000,False,True,False,False,379.4300630092621
0.01,-9.0,7,5,11007,-207.65272126120396,-215.00000000000017,3.417338948277302,,,2000,False,True,False,False,379.4300630092621
0.01,-9.0,7,6,11007,-207.80189479449336,-215.00000000000017,3.3479559095380464,,,2000,False,True,False,False,379.4300630092621
0.01,-9.0,7,7,11007,-207.78275640704132,-215.00000000000017,3.3568574850971373,,,2000,False,True,False,False,379.4300630092621
0.01,-8.0,8,0,11008,-184.37977392613553,-191.00000000000006,3.4660869496672917,,,2000,False,True,False,False,379.29010820388794
0.01,-8.0,8,1,11008,-184.71545489665303,-191.00000000000006,3.290337750443469,,,2000,False,True,False,False,379.29010820388794
0.01,-8.0,8,2,11008,-185.26165531755225,-191.00000000000006,3.0043689436899483,,,2000,False,True,False,False,379.29010820388794
0.01,-8.0,8,3,11008,-185.2839388044304,-191.00000000000006,2.992702196633332,,,2000,False,True,False,False,379.29010820388794
0.01,-8.0,8,4,11008,-184.72130691403962,-191.00000000000006,3.287273866994994,,,2000,False,True,False,False,379.29010820388794
0.01,-8.0,8,5,11008,-184.6881600751686,-191.00000000000006,3.304628232896044,,,2000,False,True,False,False,379.29010820388794
0.01,-8.0,8,6,11008,-183.77745136519724,-191.00000000000006,3.781439075812994,,,2000,False,True,False,False,379.29010820388794
0.01,-8.0,8,7,11008,-185.31609320027118,-191.00000000000006,2.975867434413022,0.8360336135644448,0.1780010651707047,2000,False,True,False,True,379.29010820388794
0.01,-6.0,10,0,11010,-138.1555791393942,-143.00000000000034,3.3877068955287575,,,2000,False,True,False,False,379.0736026763916
0.01,-6.0,10,1,11010,-138.475443067225,-143.00000000000034,3.164025827115615,,,2000,False,True,False,False,379.0736026763916
0.01,-6.0,10,2,11010,-138.1555616808747,-143.00000000000034,3.3877191042836485,,,2000,False,True,False,False,379.0736026763916
0.01,-6.0,10,3,11010,-138.15297670415882,-143.00000000000034,3.38952678030875,,,2000,False,True,False,False,379.0736026763916
0.01,-6.0,10,4,11010,-138.94211616386556,-143.00000000000034,2.8376810042900478,0.8360320575603517,0.17800481650295158,2000,False,True,False,True,379.0736026763916
0.01,-6.0,10,5,11010,-137.77923986824456,-143.00000000000034,3.650881211018021,,,2000,False,True,False,False,379.0736026763916
0.01,-6.0,10,6,11010,-138.15073371785172,-143.00000000000034,3.3910953022018235,,,2000,False,True,False,False,379.0736026763916
0.01,-6.0,10,7,11010,-137.7876117197663,-143.00000000000034,3.6450267693944336,,,2000,False,True,False,False,379.0736026763916
0.01,-2.0,14,0,11014,-69.85966757979544,-75.56603968487632,7.55150346488641,,,2000,False,True,False,False,376.384565114975
0.01,-2.0,14,1,11014,-69.83870470166508,-75.56603968487632,7.579244601272252,,,2000,False,True,False,False,376.384565114975
0.01,-2.0,14,2,11014,-69.88471568013287,-75.56603968487632,7.518356166917791,,,2000,False,True,False,False,376.384565114975
0.01,-2.0,14,3,11014,-69.93792835277158,-75.56603968487632,7.447937400947505,0.8222338183943261,0.18248873310379365,2000,False,True,False,True,376.384565114975
0.01,-2.0,14,4,11014,-69.87440415330776,-75.56603968487632,7.532001882464229,,,2000,False,True,False,False,376.384565114975
0.01,-2.0,14,5,11014,-69.86812032487124,-75.56603968487632,7.540317560330539,,,2000,False,True,False,False,376.384565114975
0.01,-2.0,14,6,11014,-69.86523006809553,-75.56603968487632,7.544142369448189,,,2000,False,True,False,False,376.384565114975
0.01,-2.0,14,7,11014,-64.66871122605887,-75.56603968487632,14.420933668432564,,,2000,False,True,False,False,376.384565114975
0.01,-4.0,12,0,11012,-101.8272301353223,-107.56603968487627,5.335149984480511,,,2000,False,True,False,False,378.1749143600464
0.01,-4.0,12,1,11012,-101.73782818596658,-107.56603968487627,5.418263529998808,,,2000,False,True,False,False,378.1749143600464
0.01,-4.0,12,2,11012,-101.83627000683829,-107.56603968487627,5.326745964454788,0.8218957166950556,0.17402360276469547,2000,False,True,False,True,378.1749143600464
0.01,-4.0,12,3,11012,-101.6685252519345,-107.56603968487627,5.482691795867021,,,2000,False,True,False,False,378.1749143600464
0.01,-4.0,12,4,11012,-101.74464636185245,-107.56603968487627,5.411924934745285,,,2000,False,True,False,False,378.1749143600464
0.01,-4.0,12,5,11012,-101.75776803998755,-107.56603968487627,5.399726216475514,,,2000,False,True,False,False,378.1749143600464
0.01,-4.0,12,6,11012,-101.7720745308235,-107.56603968487627,5.386426023516973,,,2000,False,True,False,False,378.1749143600464
0.01,-4.0,12,7,11012,-101.5937873327907,-107.56603968487627,5.552172757853492,,,2000,False,True,False,False,378.1749143600464
0.01,-3.0,13,0,11013,-85.70327146226735,-91.56603968487632,6.402775791970066,,,2000,False,True,False,False,377.63650393486023
0.01,-3.0,13,1,11013,-85.83166653117516,-91.56603968487632,6.262554516320624,0.8215038087828542,0.18369196015270933,2000,False,True,False,True,377.63650393486023
0.01,-3.0,13,2,11013,-85.58216501225046,-91.56603968487632,6.535037108975455,,,2000,False,True,False,False,377.63650393486023
0.01,-3.0,13,3,11013,-85.62951858958395,-91.56603968487632,6.48332189065165,,,2000,False,True,False,False,377.63650393486023
0.01,-3.0,13,4,11013,-85.65877963461747,-91.56603968487632,6.4513656707100395,,,2000,False,True,False,False,377.63650393486023
0.01,-3.0,13,5,11013,-85.65610765295355,-91.56603968487632,6.454283763130678,,,2000,False,True,False,False,377.63650393486023
0.01,-3.0,13,6,11013,-85.59037742642909,-91.56603968487632,6.526068266152403,,,2000,False,True,False,False,377.63650393486023
0.01,-3.0,13,7,11013,-85.69450001654506,-91.56603968487632,6.41235515758692,,,2000,False,True,False,False,377.63650393486023
0.01,-5.0,11,0,11011,-114.83995997728604,-123.56603968487642,7.061875358184181,,,2000,False,True,False,False,380.23818373680115
0.01,-5.0,11,1,11011,-117.70891378663897,-123.56603968487642,4.740077381434691,,,2000,False,True,False,False,380.23818373680115
0.01,-5.0,11,2,11011,-115.18066685825762,-123.56603968487642,6.786146782727309,,,2000,False,True,False,False,380.23818373680115
0.01,-5.0,11,3,11011,-115.44571796415693,-123.56603968487642,6.5716452039964155,,,2000,False,True,False,False,380.23818373680115
0.01,-5.0,11,4,11011,-115.43716683169752,-123.56603968487642,6.5785654973725,,,2000,False,True,False,False,380.23818373680115
0.01,-5.0,11,5,11011,-117.74429443658843,-123.56603968487642,4.711444392921271,0.8213296348627728,0.1739218295741446,2000,False,True,False,True,380.23818373680115
0.01,-5.0,11,6,11011,-117.37986373805606,-123.56603968487642,5.006372270727957,,,2000,False,True,False,False,380.23818373680115
0.01,-5.0,11,7,11011,-114.482717401262,-123.56603968487642,7.350986004551989,,,2000,False,True,False,False,380.23818373680115
0.01,-1.0,15,0,11015,-48.395625483513335,-59.5660396848763,18.752991235371844,,,2000,False,True,False,False,381.27216720581055
0.01,-1.0,15,1,11015,-54.00710788023997,-59.5660396848763,9.33238441575919,,,2000,False,True,False,False,381.27216720581055
0.01,-1.0,15,2,11015,-54.005078112812285,-59.5660396848763,9.335792007464839,,,2000,False,True,False,False,381.27216720581055
0.01,-1.0,15,3,11015,-53.88381103719278,-59.5660396848763,9.539376258257823,,,2000,False,True,False,False,381.27216720581055
0.01,-1.0,15,4,11015,-54.00265696539659,-59.5660396848763,9.33985665139367,,,2000,False,True,False,False,381.27216720581055
0.01,-1.0,15,5,11015,-53.95170609865869,-59.5660396848763,9.425393422022447,,,2000,False,True,False,False,381.27216720581055
0.01,-1.0,15,6,11015,-54.011236383409845,-59.5660396848763,9.325453447724863,,,2000,False,True,False,False,381.27216720581055
0.01,-1.0,15,7,11015,-54.10280675108813,-59.5660396848763,9.171724295740404,0.8226643887691895,0.19173893811023304,2000,False,True,False,True,381.27216720581055
0.01,0.0,16,0,11016,-38.1330161650755,-43.56603968487638,12.470776685462436,,,2000,False,True,False,False,396.17014837265015
0.01,0.0,16,1,11016,-36.89872664677465,-43.56603968487638,15.303922702931013,,,2000,False,True,False,False,396.17014837265015
0.01,0.0,16,2,11016,-38.23360049755787,-43.56603968487638,12.239898842973378,,,2000,False,True,False,False,396.17014837265015
0.01,0.0,16,3,11016,-38.18363443650093,-43.56603968487638,12.354589233512336,,,2000,False,True,False,False,396.17014837265015
0.01,0.0,16,4,11016,-37.72635307885085,-43.56603968487638,13.404217248722594,,,2000,False,True,False,False,396.17014837265015
0.01,0.0,16,5,11016,-38.358425766121506,-43.56603968487638,11.953379183471334,0.8119971499835269,0.19162216161237844,2000,False,True,False,True,396.17014837265015
0.01,0.0,16,6,11016,-37.711169512400765,-43.56603968487638,13.439069088733554,,,2000,False,True,False,False,396.17014837265015
0.01,0.0,16,7,11016,-38.35037539171104,-43.56603968487638,11.971857738025973,,,2000,False,True,False,False,396.17014837265015
0.01,2.0,18,0,11018,-16.26065963155763,-27.566039684876316,41.011984973384514,,,2000,False,True,False,False,395.40360927581787
0.01,2.0,18,1,11018,-16.66173843707011,-27.566039684876316,39.55701062778591,0.6180644861627694,0.1870120393424822,2000,False,True,False,True,395.40360927581787
0.01,2.0,18,2,11018,-16.57545916633089,-27.566039684876316,39.870001799987385,,,2000,False,True,False,False,395.40360927581787
0.01,2.0,18,3,11018,-16.401057112330925,-27.566039684876316,40.502671766343305,,,2000,False,True,False,False,395.40360927581787
0.01,2.0,18,4,11018,-16.615780141484386,-27.566039684876316,39.723731332359726,,,2000,False,True,False,False,395.40360927581787
0.01,2.0,18,5,11018,-16.181983037671184,-27.566039684876316,41.29739627941847,,,2000,False,True,False,False,395.40360927581787
0.01,2.0,18,6,11018,-16.236018579387455,-27.566039684876316,41.101374136470184,,,2000,False,True,False,False,395.40360927581787
0.01,2.0,18,7,11018,-16.496417647335,-27.566039684876316,40.15673692733778,,,2000,False,True,False,False,395.40360927581787
0.01,1.0,17,0,11017,-25.257285984315896,-35.56603968487631,28.984823139991008,,,2000,False,True,False,False,397.71321153640747
0.01,1.0,17,1,11017,-25.225817780584762,-35.56603968487631,29.07330137374981,,,2000,False,True,False,False,397.71321153640747
0.01,1.0,17,2,11017,-25.242513529483194,-35.56603968487631,29.02635842185986,,,2000,False,True,False,False,397.71321153640747
0.01,1.0,17,3,11017,-25.367167039766432,-35.56603968487631,28.675873770243605,,,2000,False,True,False,False,397.71321153640747
0.01,1.0,17,4,11017,-25.25540961122605,-35.56603968487631,28.990098883668043,,,2000,False,True,False,False,397.71321153640747
0.01,1.0,17,5,11017,-25.206872289222417,-35.56603968487631,29.1265698611333,,,2000,False,True,False,False,397.71321153640747
0.01,1.0,17,6,11017,-25.463129565276578,-35.56603968487631,28.40605872656599,0.5701716196799704,0.16443304621501673,2000,False,True,False,True,397.71321153640747
0.01,1.0,17,7,11017,-24.90325477201736,-35.56603968487631,29.98024240914591,,,2000,False,True,False,False,397.71321153640747
0.01,3.0,19,0,11019,-8.166443512901497,-19.56603968487626,58.262153995252184,,,2000,False,True,False,False,399.1371021270752
0.01,3.0,19,1,11019,-8.09612321957413,-19.56603968487626,58.621553722841014,,,2000,False,True,False,False,399.1371021270752
0.01,3.0,19,2,11019,-8.230955125273546,-19.56603968487626,57.93244183371592,,,2000,False,True,False,False,399.1371021270752
0.01,3.0,19,3,11019,-8.04562229945057,-19.56603968487626,58.87965868908308,,,2000,False,True,False,False,399.1371021270752
0.01,3.0,19,4,11019,-8.157168313273091,-19.56603968487626,58.30955857879484,,,2000,False,True,False,False,399.1371021270752
0.01,3.0,19,5,11019,-8.273747989077142,-19.56603968487626,57.713731944066296,0.6220151068319113,0.1828788214526072,2000,False,True,False,True,399.1371021270752
0.01,3.0,19,6,11019,-8.107426758124614,-19.56603968487626,58.56378250938885,,,2000,False,True,False,False,399.1371021270752
0.01,3.0,19,7,11019,-7.9273691489980616,-19.56603968487626,59.484038279215035,,,2000,False,True,False,False,399.1371021270752
0.01,4.0,20,0,11020,0.19777990178719532,-11.566039684876385,101.71000538797917,,,2000,False,True,False,False,396.5320746898651
0.01,4.0,20,1,11020,-0.5831570989707303,-11.566039684876385,94.95802266930434,,,2000,False,True,False,False,396.5320746898651
0.01,4.0,20,2,11020,-0.5333181047369115,-11.566039684876385,95.38893070344318,,,2000,False,True,False,False,396.5320746898651
0.01,4.0,20,3,11020,-0.674794827115601,-11.566039684876385,94.16572270629544,,,2000,False,True,False,False,396.5320746898651
0.01,4.0,20,4,11020,-0.8258390950514544,-11.566039684876385,92.85979369298454,,,2000,False,True,False,False,396.5320746898651
0.01,4.0,20,5,11020,3.3716656529941935,-11.566039684876385,129.15142732393477,,,2000,False,True,False,False,396.5320746898651
0.01,4.0,20,6,11020,-1.0125084037782612,-11.566039684876385,91.24585051266766,0.5747933642085341,0.1725741112717719,2000,False,True,False,True,396.5320746898651
0.01,4.0,20,7,11020,-0.6593193779311157,-11.566039684876385,94.2995234678882,,,2000,False,True,False,False,396.5320746898651
0.01,5.0,21,0,11021,4.529915176948294,-3.5660396848763805,227.02929796770692,,,2000,False,True,False,False,398.9367735385895
0.01,5.0,21,1,11021,4.8076879707985345,-3.5660396848763805,234.81868951677686,,,2000,False,True,False,False,398.9367735385895
0.01,5.0,21,2,11021,8.119998236007078,-3.5660396848763805,327.7035297852711,,,2000,False,True,False,False,398.9367735385895
0.01,5.0,21,3,11021,4.05101505721909,-3.5660396848763805,213.59983105066095,,,2000,False,True,False,False,398.9367735385895
0.01,5.0,21,4,11021,4.768263456154202,-3.5660396848763805,233.71313494845464,,,2000,False,True,False,False,398.9367735385895
0.01,5.0,21,5,11021,4.026838315730009,-3.5660396848763805,212.9218593053768,0.004988557139986351,0.1794437482432607,2000,False,True,False,True,398.9367735385895
0.01,5.0,21,6,11021,4.413824562577565,-3.5660396848763805,223.77384865616193,,,2000,False,True,False,False,398.9367735385895
0.01,5.0,21,7,11021,4.6483554937791345,-3.5660396848763805,230.35063837042725,,,2000,False,True,False,False,398.9367735385895
0.01,6.0,22,0,11022,5.3121866563388025,0.9999999999999979,431.2186656338813,,,2000,False,True,False,False,401.13230180740356
0.01,6.0,22,1,11022,4.694627920798841,0.9999999999999979,369.46279207988516,0.8360234003676477,0.1793244045706308,2000,False,True,False,True,401.13230180740356
0.01,6.0,22,2,11022,4.789772755305708,0.9999999999999979,378.97727553057183,,,2000,False,True,False,False,401.13230180740356
0.01,6.0,22,3,11022,4.698693729752357,0.9999999999999979,369.8693729752367,,,2000,False,True,False,False,401.13230180740356
0.01,6.0,22,4,11022,4.827051617394936,0.9999999999999979,382.7051617394946,,,2000,False,True,False,False,401.13230180740356
0.01,6.0,22,5,11022,5.380919763424724,0.9999999999999979,438.09197634247346,,,2000,False,True,False,False,401.13230180740356
0.01,6.0,22,6,11022,4.70279133907976,0.9999999999999979,370.27913390797704,,,2000,False,True,False,False,401.13230180740356
0.01,6.0,22,7,11022,4.919927838716752,0.9999999999999979,391.9927838716763,,,2000,False,True,False,False,401.13230180740356
0.01,7.0,23,0,11023,6.734876452815944,1.0000000000000147,573.4876452815844,,,2000,False,True,False,False,402.3521912097931
0.01,7.0,23,1,11023,5.911831051232803,1.0000000000000147,491.1831051232716,,,2000,False,True,False,False,402.3521912097931
0.01,7.0,23,2,11023,5.359787304391513,1.0000000000000147,435.97873043914336,0.836027785827858,0.17929531394580828,2000,False,True,False,True,402.3521912097931
0.01,7.0,23,3,11023,5.366925750230984,1.0000000000000147,436.6925750230905,,,2000,False,True,False,False,402.3521912097931
0.01,7.0,23,4,11023,5.425308561347467,1.0000000000000147,442.5308561347388,,,2000,False,True,False,False,402.3521912097931
0.01,7.0,23,5,11023,6.246362469500544,1.0000000000000147,524.6362469500451,,,2000,False,True,False,False,402.3521912097931
0.01,7.0,23,6,11023,5.619834439369648,1.0000000000000147,461.9834439369566,,,2000,False,True,False,False,402.3521912097931
0.01,7.0,23,7,11023,6.0507632398712445,1.0000000000000147,505.07632398711564,,,2000,False,True,False,False,402.3521912097931
0.01,8.0,24,0,11024,6.717800215270802,1.0000000000000249,571.7800215270635,,,2000,False,True,False,False,403.46445894241333
0.01,8.0,24,1,11024,6.023326897100911,1.0000000000000249,502.33268971007607,0.836004399660467,0.17948920771072882,2000,False,True,False,True,403.46445894241333
0.01,8.0,24,2,11024,6.381686457941664,1.0000000000000249,538.1686457941505,,,2000,False,True,False,False,403.46445894241333
0.01,8.0,24,3,11024,6.1706966607894715,1.0000000000000249,517.0696660789317,,,2000,False,True,False,False,403.46445894241333
0.01,8.0,24,4,11024,6.9106299793437715,1.0000000000000249,591.06299793436,,,2000,False,True,False,False,403.46445894241333
0.01,8.0,24,5,11024,6.18627448497908,1.0000000000000249,518.6274484978926,,,2000,False,True,False,False,403.46445894241333
0.01,8.0,24,6,11024,6.027271177514476,1.0000000000000249,502.72711775143256,,,2000,False,True,False,False,403.46445894241333
0.01,8.0,24,7,11024,7.685938290307055,1.0000000000000249,668.5938290306864,,,2000,False,True,False,False,403.46445894241333
0.01,9.0,25,0,11025,8.257442677323617,0.9999999999999994,725.7442677323622,,,2000,False,True,False,False,420.5941059589386
0.01,9.0,25,1,11025,8.982383710853272,0.9999999999999994,798.2383710853277,,,2000,False,True,False,False,420.5941059589386
0.01,9.0,25,2,11025,7.5188604587039105,0.9999999999999994,651.8860458703915,,,2000,False,True,False,False,420.5941059589386
0.01,9.0,25,3,11025,8.50484943710833,0.9999999999999994,750.4849437108336,,,2000,False,True,False,False,420.5941059589386
0.01,9.0,25,4,11025,6.691116637495819,0.9999999999999994,569.1116637495824,0.8360289201474275,0.17938248974946597,2000,False,True,False,True,420.5941059589386
0.01,9.0,25,5,11025,6.715728069090818,0.9999999999999994,571.5728069090823,,,2000,False,True,False,False,420.5941059589386
0.01,9.0,25,6,11025,7.532125653617298,0.9999999999999994,653.2125653617302,,,2000,False,True,False,False,420.5941059589386
0.01,9.0,25,7,11025,6.695371241580118,0.9999999999999994,569.5371241580123,,,2000,False,True,False,False,420.5941059589386
0.01,10.0,26,0,11026,7.373068171562514,0.9999999999999996,637.3068171562518,,,2000,False,True,False,False,433.51694893836975
0.01,10.0,26,1,11026,8.537052754515223,0.9999999999999996,753.7052754515227,,,2000,False,True,False,False,433.51694893836975
0.01,10.0,26,2,11026,7.599847977569972,0.9999999999999996,659.9847977569975,,,2000,False,True,False,False,433.51694893836975
0.01,10.0,26,3,11026,7.396905890689637,0.9999999999999996,639.6905890689641,,,2000,False,True,False,False,433.51694893836975
0.01,10.0,26,4,11026,7.439397287648142,0.9999999999999996,643.9397287648146,,,2000,False,True,False,False,433.51694893836975
0.01,10.0,26,5,11026,7.35055785293896,0.9999999999999996,635.0557852938963,0.8360237574026355,0.17925066248128688,2000,False,True,False,True,433.51694893836975
0.01,10.0,26,6,11026,7.354439370543849,0.9999999999999996,635.4439370543852,,,2000,False,True,False,False,433.51694893836975
0.01,10.0,26,7,11026,7.677684482991734,0.9999999999999996,667.7684482991738,,,2000,False,True,False,False,433.51694893836975
0.01,11.0,27,0,11027,10.129761788775202,1.0000000000000189,912.976178877501,,,2000,False,True,False,False,377.4497878551483
0.01,11.0,27,1,11027,8.174351260753461,1.0000000000000189,717.4351260753308,,,2000,False,True,False,False,377.4497878551483
0.01,11.0,27,2,11027,8.029068129267491,1.0000000000000189,702.906812926734,,,2000,False,True,False,False,377.4497878551483
0.01,11.0,27,3,11027,8.046858021387344,1.0000000000000189,704.6858021387192,,,2000,False,True,False,False,377.4497878551483
0.01,11.0,27,4,11027,8.024007725689243,1.0000000000000189,702.4007725689092,0.8360356118976903,0.1791614151516509,2000,False,True,False,True,377.4497878551483
0.01,11.0,27,5,11027,9.906023715391022,1.0000000000000189,890.6023715390834,,,2000,False,True,False,False,377.4497878551483
0.01,11.0,27,6,11027,9.319668203222864,1.0000000000000189,831.9668203222689,,,2000,False,True,False,False,377.4497878551483
0.01,11.0,27,7,11027,8.157205347954173,1.0000000000000189,715.7205347954019,,,2000,False,True,False,False,377.4497878551483
0.01,12.0,28,0,11028,8.71882710462368,1.0000000000000426,771.8827104623307,,,2000,False,True,False,False,377.8875665664673
0.01,12.0,28,1,11028,9.741871962508263,1.0000000000000426,874.1871962507847,,,2000,False,True,False,False,377.8875665664673
0.01,12.0,28,2,11028,8.717484720442812,1.0000000000000426,771.7484720442441,,,2000,False,True,False,False,377.8875665664673
0.01,12.0,28,3,11028,9.38161123627933,1.0000000000000426,838.1611236278931,,,2000,False,True,False,False,377.8875665664673
0.01,12.0,28,4,11028,8.834256356954233,1.0000000000000426,783.4256356953856,,,2000,False,True,False,False,377.8875665664673
0.01,12.0,28,5,11028,8.714722703000096,1.0000000000000426,771.4722702999725,0.83603098739648,0.1793770483023022,2000,False,True,False,True,377.8875665664673
0.01,12.0,28,6,11028,8.787484615306552,1.0000000000000426,778.7484615306176,,,2000,False,True,False,False,377.8875665664673
0.01,12.0,28,7,11028,9.821974293927301,1.0000000000000426,882.1974293926882,,,2000,False,True,False,False,377.8875665664673
0.01,13.0,29,0,11029,10.48268534599056,1.0000000000000213,948.2685345990337,,,2000,False,True,False,False,376.72529125213623
0.01,13.0,29,1,11029,10.596352582587095,1.0000000000000213,959.6352582586869,,,2000,False,True,False,False,376.72529125213623
0.01,13.0,29,2,11029,10.74944302098655,1.0000000000000213,974.9443020986322,,,2000,False,True,False,False,376.72529125213623
0.01,13.0,29,3,11029,9.523474110290781,1.0000000000000213,852.3474110290579,,,2000,False,True,False,False,376.72529125213623
0.01,13.0,29,4,11029,10.403805298319703,1.0000000000000213,940.3805298319481,,,2000,False,True,False,False,376.72529125213623
0.01,13.0,29,5,11029,9.479179056708857,1.0000000000000213,847.9179056708654,,,2000,False,True,False,False,376.72529125213623
0.01,13.0,29,6,11029,9.484491330358388,1.0000000000000213,848.4491330358186,,,2000,False,True,False,False,376.72529125213623
0.01,13.0,29,7,11029,9.371753386426299,1.0000000000000213,837.17533864261,0.8359950121125496,0.17960702543860063,2000,False,True,False,True,376.72529125213623
0.01,14.0,30,0,11030,11.425097966477406,0.9999999999999973,1042.5097966477438,,,2000,False,True,False,False,377.9673156738281
0.01,14.0,30,1,11030,10.204649412386178,0.9999999999999973,920.4649412386207,,,2000,False,True,False,False,377.9673156738281
0.01,14.0,30,2,11030,11.22139292014195,0.9999999999999973,1022.1392920141978,,,2000,False,True,False,False,377.9673156738281
0.01,14.0,30,3,11030,11.380778695711076,0.9999999999999973,1038.0778695711108,,,2000,False,True,False,False,377.9673156738281
0.01,14.0,30,4,11030,10.17240546373598,0.9999999999999973,917.2405463736009,0.8360057302636761,0.17945502904460617,2000,False,True,False,True,377.9673156738281
0.01,14.0,30,5,11030,11.358919614210539,0.9999999999999973,1035.891961421057,,,2000,False,True,False,False,377.9673156738281
0.01,14.0,30,6,11030,12.574330854539092,0.9999999999999973,1157.4330854539126,,,2000,False,True,False,False,377.9673156738281
0.01,14.0,30,7,11030,10.185566558100698,0.9999999999999973,918.5566558100725,,,2000,False,True,False,False,377.9673156738281
0.01,15.0,31,0,11031,12.342275455582058,0.9999999999999432,1134.227545558276,,,2000,False,True,False,False,378.6631944179535
0.01,15.0,31,1,11031,10.676102189776765,0.9999999999999432,967.6102189777373,0.8360277526935149,0.17925005825192683,2000,False,True,False,True,378.6631944179535
0.01,15.0,31,2,11031,13.120260870830624,0.9999999999999432,1212.0260870831369,,,2000,False,True,False,False,378.6631944179535
0.01,15.0,31,3,11031,12.212500851785759,0.9999999999999432,1121.2500851786453,,,2000,False,True,False,False,378.6631944179535
0.01,15.0,31,4,11031,12.050269828894578,0.9999999999999432,1105.0269828895264,,,2000,False,True,False,False,378.6631944179535
0.01,15.0,31,5,11031,10.751830735769795,0.9999999999999432,975.1830735770407,,,2000,False,True,False,False,378.6631944179535
0.01,15.0,31,6,11031,10.775995479761413,0.9999999999999432,977.5995479762025,,,2000,False,True,False,False,378.6631944179535
0.01,15.0,31,7,11031,10.860023765444076,0.9999999999999432,986.0023765444694,,,2000,False,True,False,False,378.6631944179535
0.02,-16.0,0,0,12000,-356.1661518477416,-383.0000000000001,7.006226671607961,,,2000,False,True,False,False,379.1158285140991
0.02,-16.0,0,1,12000,-358.7279545615971,-383.0000000000001,6.337348678434212,,,2000,False,True,False,False,379.1158285140991
0.02,-16.0,0,2,12000,-358.8299785001836,-383.0000000000001,6.310710574364626,,,2000,False,True,False,False,379.1158285140991
0.02,-16.0,0,3,12000,-361.046804398197,-383.0000000000001,5.731904856867645,0.7210451742758532,0.3103807902345564,2000,False,True,False,True,379.1158285140991
0.02,-16.0,0,4,12000,-358.66519993563804,-383.0000000000001,6.353733698266857,,,2000,False,True,False,False,379.1158285140991
0.02,-16.0,0,5,12000,-357.6061934167773,-383.0000000000001,6.6302367058023055,,,2000,False,True,False,False,379.1158285140991
0.02,-16.0,0,6,12000,-357.77385923246464,-383.0000000000001,6.586459730427014,,,2000,False,True,False,False,379.1158285140991
0.02,-16.0,0,7,12000,-358.5246956659083,-383.0000000000001,6.390418886185843,,,2000,False,True,False,False,379.1158285140991
0.01,16.0,32,0,11032,11.504935937154361,0.9999999999999984,1050.4935937154378,,,2000,False,True,False,False,379.79330563545227
0.01,16.0,32,1,11032,11.556442475298942,0.9999999999999984,1055.644247529896,,,2000,False,True,False,False,379.79330563545227
0.01,16.0,32,2,11032,14.117825414545276,0.9999999999999984,1311.7825414545298,,,2000,False,True,False,False,379.79330563545227
0.01,16.0,32,3,11032,11.450978711798362,0.9999999999999984,1045.097871179838,,,2000,False,True,False,False,379.79330563545227
0.01,16.0,32,4,11032,11.420469665333975,0.9999999999999984,1042.0469665333992,0.836001110232898,0.17957973605914365,2000,False,True,False,True,379.79330563545227
0.01,16.0,32,5,11032,12.628533953115355,0.9999999999999984,1162.8533953115375,,,2000,False,True,False,False,379.79330563545227
0.01,16.0,32,6,11032,12.57389180350397,0.9999999999999984,1157.389180350399,,,2000,False,True,False,False,379.79330563545227
0.01,16.0,32,7,11032,12.917108470861654,0.9999999999999984,1191.7108470861674,,,2000,False,True,False,False,379.79330563545227
0.02,-15.0,1,0,12001,-335.91955965284353,-359.0000000000002,6.429092018706596,,,2000,False,True,False,False,378.8865246772766
0.02,-15.0,1,1,12001,-336.13134830165166,-359.0000000000002,6.3700979661138035,,,2000,False,True,False,False,378.8865246772766
0.02,-15.0,1,2,12001,-335.9139598830246,-359.0000000000002,6.430651843168701,,,2000,False,True,False,False,378.8865246772766
0.02,-15.0,1,3,12001,-336.42217660470817,-359.0000000000002,6.289087296738731,,,2000,False,True,False,False,378.8865246772766
0.02,-15.0,1,4,12001,-338.4014678089473,-359.0000000000002,5.737752699457635,0.7211520964126489,0.3097943342127405,2000,False,True,False,True,378.8865246772766
0.02,-15.0,1,5,12001,-336.47270640197604,-359.0000000000002,6.275012144296427,,,2000,False,True,False,False,378.8865246772766
0.02,-15.0,1,6,12001,-335.7561607378738,-359.0000000000002,6.474607036804011,,,2000,False,True,False,False,378.8865246772766
0.02,-15.0,1,7,12001,-336.44799493709144,-359.0000000000002,6.281895560698823,,,2000,False,True,False,False,378.8865246772766
0.02,-14.0,2,0,12002,-315.97551350305616,-335.0000000000001,5.678951193117595,,,2000,False,True,False,False,383.15063858032227
0.02,-14.0,2,1,12002,-315.98316082602594,-335.0000000000001,5.676668410141543,0.7210857542490716,0.31024564152913525,2000,False,True,False,True,383.15063858032227
0.02,-14.0,2,2,12002,-313.4598395209965,-335.0000000000001,6.4298986504488305,,,2000,False,True,False,False,383.15063858032227
0.02,-14.0,2,3,12002,-314.0490023415968,-335.0000000000001,6.254029151762181,,,2000,False,True,False,False,383.15063858032227
0.02,-14.0,2,4,12002,-313.4151688208752,-335.0000000000001,6.4432331877984845,,,2000,False,True,False,False,383.15063858032227
0.02,-14.0,2,5,12002,-314.0984036655536,-335.0000000000001,6.239282487894487,,,2000,False,True,False,False,383.15063858032227
0.02,-14.0,2,6,12002,-314.0912950526131,-335.0000000000001,6.241404461906576,,,2000,False,True,False,False,383.15063858032227
0.02,-14.0,2,7,12002,-314.0895100669636,-335.0000000000001,6.24193729344373,,,2000,False,True,False,False,383.15063858032227
0.02,-6.0,10,0,12010,-134.8705575657808,-143.00000000000034,5.684924779174481,,,1708,True,False,False,False,345.2329354286194
0.02,-6.0,10,1,12010,-133.5562377702256,-143.00000000000034,6.604029531310987,,,1405,True,False,False,False,345.2329354286194
0.02,-6.0,10,2,12010,-135.12030713266552,-143.00000000000034,5.510274732401962,,,1389,True,False,False,False,345.2329354286194
0.02,-6.0,10,3,12010,-134.84426162267874,-143.00000000000034,5.70331355057453,,,2000,False,True,False,False,345.2329354286194
0.02,-6.0,10,4,12010,-134.84191216569909,-143.00000000000034,5.704956527483382,,,2000,False,True,False,False,345.2329354286194
0.02,-6.0,10,5,12010,-135.69847651539337,-143.00000000000034,5.105960478746123,0.7210647440560287,0.3102928990366535,1812,True,False,False,True,345.2329354286194
0.02,-6.0,10,6,12010,-134.87054604961185,-143.00000000000034,5.684932832439493,,,2000,False,True,False,False,345.2329354286194
0.02,-6.0,10,7,12010,-134.87055748493924,-143.00000000000034,5.68492483570705,,,1573,True,False,False,False,345.2329354286194
0.02,-7.0,9,0,12009,-156.68668932789225,-166.99999999999986,6.175635132998571,,,1846,True,False,False,False,376.56331062316895
0.02,-7.0,9,1,12009,-157.2739853015543,-166.99999999999986,5.8239608972728,,,1518,True,False,False,False,376.56331062316895
0.02,-7.0,9,2,12009,-156.048324756309,-166.99999999999986,6.557889367479561,,,2000,False,True,False,False,376.56331062316895
0.02,-7.0,9,3,12009,-157.27398436887728,-166.99999999999986,5.823961455762028,,,2000,False,True,False,False,376.56331062316895
0.02,-7.0,9,4,12009,-158.23407051595174,-166.99999999999986,5.249059571286301,0.7210658403431166,0.3102932559142552,2000,False,True,False,True,376.56331062316895
0.02,-7.0,9,5,12009,-157.2739853435533,-166.99999999999986,5.823960872123688,,,1999,True,False,False,False,376.56331062316895
0.02,-7.0,9,6,12009,-157.24681488150972,-166.99999999999986,5.840230609874339,,,2000,False,True,False,False,376.56331062316895
0.02,-7.0,9,7,12009,-156.04935656287338,-166.99999999999986,6.557271519237415,,,2000,False,True,False,False,376.56331062316895
0.02,-12.0,4,0,12004,-269.2939889954372,-286.9999999999998,6.169341813436445,,,2000,False,True,False,False,394.8725309371948
0.02,-12.0,4,1,12004,-270.290430792146,-286.9999999999998,5.822149549774829,,,2000,False,True,False,False,394.8725309371948
0.02,-12.0,4,2,12004,-267.3916095135677,-286.9999999999998,6.832191807119199,,,2000,False,True,False,False,394.8725309371948
0.02,-12.0,4,3,12004,-268.2288589754951,-286.9999999999998,6.540467255924982,,,2000,False,True,False,False,394.8725309371948
0.02,-12.0,4,4,12004,-269.1256790649126,-286.9999999999998,6.2279863885321145,,,2000,False,True,False,False,394.8725309371948
0.02,-12.0,4,5,12004,-270.84848700553783,-286.9999999999998,5.627704876119147,0.7209681486412052,0.310909218466336,2000,False,True,False,True,394.8725309371948
0.02,-12.0,4,6,12004,-269.2366691815173,-286.9999999999998,6.18931387403571,,,2000,False,True,False,False,394.8725309371948
0.02,-12.0,4,7,12004,-268.2207844810455,-286.9999999999998,6.543280668625193,,,2000,False,True,False,False,394.8725309371948
0.02,-13.0,3,0,12003,-289.6623078569705,-311.0,6.860994258208851,,,2000,False,True,False,False,396.374383687973
0.02,-13.0,3,1,12003,-291.5627037622476,-311.0,6.249934481592404,,,2000,False,True,False,False,396.374383687973
0.02,-13.0,3,2,12003,-288.2663566646862,-311.0,7.309853162480318,,,2000,False,True,False,False,396.374383687973
0.02,-13.0,3,3,12003,-291.0077195804491,-311.0,6.428385986993866,,,2000,False,True,False,False,396.374383687973
0.02,-13.0,3,4,12003,-290.602384032743,-311.0,6.558718960532806,,,2000,False,True,False,False,396.374383687973
0.02,-13.0,3,5,12003,-289.69094825721425,-311.0,6.85178512629767,,,2000,False,True,False,False,396.374383687973
0.02,-13.0,3,6,12003,-291.6282996252733,-311.0,6.228842564220799,0.7209070873883415,0.3407811931055527,2000,False,True,False,True,396.374383687973
0.02,-13.0,3,7,12003,-288.27550802086233,-311.0,7.30691060422433,,,2000,False,True,False,False,396.374383687973
0.02,-11.0,5,0,12005,-247.97025847900136,-263.0,5.714730616349293,0.7209584972209128,0.3111750075034916,2000,False,True,False,True,394.9416241645813
0.02,-11.0,5,1,12005,-244.79295008361046,-263.0,6.922832667828721,,,2000,False,True,False,False,394.9416241645813
0.02,-11.0,5,2,12005,-246.8864849835802,-263.0,6.126811793315512,,,2000,False,True,False,False,394.9416241645813
0.02,-11.0,5,3,12005,-244.72035958502846,-263.0,6.950433617859901,,,2000,False,True,False,False,394.9416241645813
0.02,-11.0,5,4,12005,-246.8895655320925,-263.0,6.12564048209411,,,2000,False,True,False,False,394.9416241645813
0.02,-11.0,5,5,12005,-246.80557229309244,-263.0,6.1575770748697956,,,2000,False,True,False,False,394.9416241645813
0.02,-11.0,5,6,12005,-246.30122183006753,-263.0,6.349345311761394,,,2000,False,True,False,False,394.9416241645813
0.02,-11.0,5,7,12005,-245.14091664075582,-263.0,6.790525992108054,,,2000,False,True,False,False,394.9416241645813
0.02,-9.0,7,0,12007,-199.22359554595084,-215.00000000000017,7.337862536767123,,,2000,False,True,False,False,393.5943477153778
0.02,-9.0,7,1,12007,-201.0470368993996,-215.00000000000017,6.489750279349103,,,2000,False,True,False,False,393.5943477153778
0.02,-9.0,7,2,12007,-202.08149920280346,-215.00000000000017,6.008605021951955,,,2000,False,True,False,False,393.5943477153778
0.02,-9.0,7,3,12007,-200.72809950958722,-215.00000000000017,6.638093251354854,,,2000,False,True,False,False,393.5943477153778
0.02,-9.0,7,4,12007,-203.30505414598133,-215.00000000000017,5.439509699543643,,,2000,False,True,False,False,393.5943477153778
0.02,-9.0,7,5,12007,-200.59008097268494,-215.00000000000017,6.702287919681495,,,2000,False,True,False,False,393.5943477153778
0.02,-9.0,7,6,12007,-202.70890669861842,-215.00000000000017,5.716787582038019,,,2000,False,True,False,False,393.5943477153778
0.02,-9.0,7,7,12007,-203.3054398730593,-215.00000000000017,5.439330291600401,0.7210659869175297,0.31030604453228006,2000,False,True,False,True,393.5943477153778
0.02,-5.0,11,0,12011,-113.16294467212025,-123.56603968487642,8.41905675644101,,,1760,True,False,False,False,387.02407145500183
0.02,-5.0,11,1,12011,-112.4673555175213,-123.56603968487642,8.981985823661155,,,1785,True,False,False,False,387.02407145500183
0.02,-5.0,11,2,12011,-111.14567441420297,-123.56603968487642,10.051600991946014,,,2000,False,True,False,False,387.02407145500183
0.02,-5.0,11,3,12011,-111.2872167867223,-123.56603968487642,9.937053036148214,,,2000,False,True,False,False,387.02407145500183
0.02,-5.0,11,4,12011,-112.8097569402411,-123.56603968487642,8.704885882938761,,,2000,False,True,False,False,387.02407145500183
0.02,-5.0,11,5,12011,-112.59076947794536,-123.56603968487642,8.882108898950454,,,2000,False,True,False,False,387.02407145500183
0.02,-5.0,11,6,12011,-113.42109460999856,-123.56603968487642,8.210140181517463,,,2000,False,True,False,False,387.02407145500183
0.02,-5.0,11,7,12011,-113.47462899723182,-123.56603968487642,8.166815666650933,0.6928523572168062,0.3044045621557069,2000,False,True,False,True,387.02407145500183
0.02,-8.0,8,0,12008,-177.9440772484777,-191.00000000000006,6.835561650011705,,,2000,False,True,False,False,393.84822273254395
0.02,-8.0,8,1,12008,-180.76968648162776,-191.00000000000006,5.356185088153034,0.7210663101488409,0.31030122442738756,2000,False,True,False,True,393.84822273254395
0.02,-8.0,8,2,12008,-179.64945977530684,-191.00000000000006,5.942691217116867,,,2000,False,True,False,False,393.84822273254395
0.02,-8.0,8,3,12008,-177.80063493902512,-191.00000000000006,6.910662335588973,,,2000,False,True,False,False,393.84822273254395
0.02,-8.0,8,4,12008,-179.67763440296724,-191.00000000000006,5.92794010315854,,,2000,False,True,False,False,393.84822273254395
0.02,-8.0,8,5,12008,-178.9566862416729,-191.00000000000006,6.305399873469707,,,2000,False,True,False,False,393.84822273254395
0.02,-8.0,8,6,12008,-180.17936645617243,-191.00000000000006,5.665253164307655,,,2000,False,True,False,False,393.84822273254395
0.02,-8.0,8,7,12008,-178.3218922326812,-191.00000000000006,6.637752757758565,,,2000,False,True,False,False,393.84822273254395
0.02,-10.0,6,0,12006,-224.42177245280337,-238.9999999999999,6.0996767979901785,,,2000,False,True,False,False,398.35468888282776
0.02,-10.0,6,1,12006,-223.43586421869992,-238.9999999999999,6.512190703472792,,,2000,False,True,False,False,398.35468888282776
0.02,-10.0,6,2,12006,-224.241408376749,-238.9999999999999,6.175142938598698,,,2000,False,True,False,False,398.35468888282776
0.02,-10.0,6,3,12006,-224.45510226303762,-238.9999999999999,6.085731270695513,,,2000,False,True,False,False,398.35468888282776
0.02,-10.0,6,4,12006,-223.09140862593156,-238.9999999999999,6.656314382455368,,,2000,False,True,False,False,398.35468888282776
0.02,-10.0,6,5,12006,-225.834078153425,-238.9999999999999,5.508753910700793,0.7210316491891976,0.31049348204078636,2000,False,True,False,True,398.35468888282776
0.02,-10.0,6,6,12006,-223.44517264245968,-238.9999999999999,6.508295965497997,,,2000,False,True,False,False,398.35468888282776
0.02,-10.0,6,7,12006,-224.35036015065356,-238.9999999999999,6.129556422320643,,,2000,False,True,False,False,398.35468888282776
0.02,-4.0,12,0,12012,-97.54158177074743,-107.56603968487627,9.319352040380343,,,2000,False,True,False,False,421.42424178123474
0.02,-4.0,12,1,12012,-97.44513097028009,-107.56603968487627,9.409018631016103,,,2000,False,True,False,False,421.42424178123474
0.02,-4.0,12,2,12012,-96.97217651414722,-107.56603968487627,9.848706154623393,,,2000,False,True,False,False,421.42424178123474
0.02,-4.0,12,3,12012,-97.52054381275373,-107.56603968487627,9.338910218830836,,,2000,False,True,False,False,421.42424178123474
0.02,-4.0,12,4,12012,-97.6061988395802,-107.56603968487627,9.25928004272934,,,2000,False,True,False,False,421.42424178123474
0.02,-4.0,12,5,12012,-97.6148447084457,-107.56603968487627,9.251242311777427,,,2000,False,True,False,False,421.42424178123474
0.02,-4.0,12,6,12012,-97.6149001202844,-107.56603968487627,9.251190797527329,0.6948907449950952,0.3043889683270539,2000,False,True,False,True,421.42424178123474
0.02,-4.0,12,7,12012,-96.93703950656021,-107.56603968487627,9.881371675906827,,,2000,False,True,False,False,421.42424178123474
0.02,-3.0,13,0,12013,-81.32240852095977,-91.56603968487632,11.187151043301544,,,2000,False,True,False,False,442.36874985694885
0.02,-3.0,13,1,12013,-81.25830866172713,-91.56603968487632,11.257155009240488,,,2000,False,True,False,False,442.36874985694885
0.02,-3.0,13,2,12013,-81.23811171055705,-91.56603968487632,11.279212260203385,,,2000,False,True,False,False,442.36874985694885
0.02,-3.0,13,3,12013,-81.62076431777503,-91.56603968487632,10.861314305312169,,,2000,False,True,False,False,442.36874985694885
0.02,-3.0,13,4,12013,-81.3514679298784,-91.56603968487632,11.15541503176426,,,2000,False,True,False,False,442.36874985694885
0.02,-3.0,13,5,12013,-81.60920934783708,-91.56603968487632,10.873933579857308,,,2000,False,True,False,False,442.36874985694885
0.02,-3.0,13,6,12013,-81.74322032926324,-91.56603968487632,10.727579121493317,0.6957612644103901,0.3050604394921066,2000,False,True,False,True,442.36874985694885
0.02,-3.0,13,7,12013,-81.34009650558079,-91.56603968487632,11.167833854656177,,,2000,False,True,False,False,442.36874985694885
0.02,-2.0,14,0,12014,-65.35456584594066,-75.56603968487632,13.513310849052434,,,2000,False,True,False,False,396.3811378479004
0.02,-2.0,14,1,12014,-65.80619234483896,-75.56603968487632,12.915652825975313,,,2000,False,True,False,False,396.3811378479004
0.02,-2.0,14,2,12014,-65.54411727837956,-75.56603968487632,13.262468760159903,,,2000,False,True,False,False,396.3811378479004
0.02,-2.0,14,3,12014,-65.74853871634996,-75.56603968487632,12.991948512145227,,,2000,False,True,False,False,396.3811378479004
0.02,-2.0,14,4,12014,-65.7481768675481,-75.56603968487632,12.992427363231466,,,2000,False,True,False,False,396.3811378479004
0.02,-2.0,14,5,12014,-65.58706300245784,-75.56603968487632,13.205636717277452,,,2000,False,True,False,False,396.3811378479004
0.02,-2.0,14,6,12014,-65.92364997802157,-75.56603968487632,12.760215762351985,0.6968672315962283,0.3046478075990432,2000,False,True,False,True,396.3811378479004
0.02,-2.0,14,7,12014,-60.912909238392444,-75.56603968487632,19.391158392830967,,,2000,False,True,False,False,396.3811378479004
0.02,-1.0,15,0,12015,-50.12502953106757,-59.5660396848763,15.849652257821308,0.6976430019811426,0.30442653451090296,2000,False,True,False,True,396.06824827194214
0.02,-1.0,15,1,12015,-49.99528376125232,-59.5660396848763,16.067470616237696,,,2000,False,True,False,False,396.06824827194214
0.02,-1.0,15,2,12015,-49.69473299667657,-59.5660396848763,16.572037927017057,,,2000,False,True,False,False,396.06824827194214
0.02,-1.0,15,3,12015,-49.98096831136996,-59.5660396848763,16.091503521493923,,,2000,False,True,False,False,396.06824827194214
0.02,-1.0,15,4,12015,-49.810155610217265,-59.5660396848763,16.37826541141703,,,2000,False,True,False,False,396.06824827194214
0.02,-1.0,15,5,12015,-49.99850913788639,-59.5660396848763,16.062055825106487,,,2000,False,True,False,False,396.06824827194214
0.02,-1.0,15,6,12015,-49.67572894045991,-59.5660396848763,16.603942106507912,,,2000,False,True,False,False,396.06824827194214
0.02,-1.0,15,7,12015,-49.657328727835136,-59.5660396848763,16.634832547977783,,,2000,False,True,False,False,396.06824827194214
0.02,0.0,16,0,12016,-33.09282158035443,-43.56603968487638,24.039867245857664,,,2000,False,True,False,False,397.522221326828
0.02,0.0,16,1,12016,-32.97566355959979,-43.56603968487638,24.30878776652485,,,2000,False,True,False,False,397.522221326828
0.02,0.0,16,2,12016,-31.81552981287145,-43.56603968487638,26.971719157855954,,,2000,False,True,False,False,397.522221326828
0.02,0.0,16,3,12016,-34.47345426859586,-43.56603968487638,20.870810112760704,0.6885415589608561,0.33692558634593106,2000,False,True,False,True,397.522221326828
0.02,0.0,16,4,12016,-33.862101157536735,-43.56603968487638,22.27408917021276,,,2000,False,True,False,False,397.522221326828
0.02,0.0,16,5,12016,-33.782314984179045,-43.56603968487638,22.457227628366873,,,2000,False,True,False,False,397.522221326828
0.02,0.0,16,6,12016,-33.89185067775219,-43.56603968487638,22.205803137259945,,,2000,False,True,False,False,397.522221326828
0.02,0.0,16,7,12016,-34.38535886769975,-43.56603968487638,21.07302128810123,,,2000,False,True,False,False,397.522221326828
0.02,1.0,17,0,12017,-21.540917803858804,-35.56603968487631,39.43402753099155,,,2000,False,True,False,False,398.5398073196411
0.02,1.0,17,1,12017,-22.017788143553613,-35.56603968487631,38.093225057845835,,,2000,False,True,False,False,398.5398073196411
0.02,1.0,17,2,12017,-21.825497050672773,-35.56603968487631,38.63388433446079,,,2000,False,True,False,False,398.5398073196411
0.02,1.0,17,3,12017,-21.94513189528057,-35.56603968487631,38.29751051924888,,,2000,False,True,False,False,398.5398073196411
0.02,1.0,17,4,12017,-21.50648230215755,-35.56603968487631,39.53084883020384,,,2000,False,True,False,False,398.5398073196411
0.02,1.0,17,5,12017,-21.75467557913412,-35.56603968487631,38.83301100745039,,,2000,False,True,False,False,398.5398073196411
0.02,1.0,17,6,12017,-22.157976291048563,-35.56603968487631,37.699062118319674,0.49571384103858207,0.3140769490794606,2000,False,True,False,True,398.5398073196411
0.02,1.0,17,7,12017,-21.883244348735523,-35.56603968487631,38.471517935012315,,,2000,False,True,False,False,398.5398073196411
0.02,3.0,19,0,12019,-5.038967062808018,-19.56603968487626,74.24636183937146,,,2000,False,True,False,False,397.5452573299408
0.02,3.0,19,1,12019,-4.40277191837416,-19.56603968487626,77.49788925462866,,,2000,False,True,False,False,397.5452573299408
0.02,3.0,19,2,12019,-5.186273794617661,-19.56603968487626,73.49349240752876,,,2000,False,True,False,False,397.5452573299408
0.02,3.0,19,3,12019,-4.893306309413025,-19.56603968487626,74.99081884621062,,,2000,False,True,False,False,397.5452573299408
0.02,3.0,19,4,12019,-4.941097937532324,-19.56603968487626,74.74656079047215,,,2000,False,True,False,False,397.5452573299408
0.02,3.0,19,5,12019,-3.941301876529322,-19.56603968487626,79.85641478803814,,,2000,False,True,False,False,397.5452573299408
0.02,3.0,19,6,12019,-5.189870717972333,-19.56603968487626,73.47510890523293,0.5300229544234789,0.30536846931714423,2000,False,True,False,True,397.5452573299408
0.02,3.0,19,7,12019,-3.9694814468466637,-19.56603968487626,79.71239192612437,,,2000,False,True,False,False,397.5452573299408
0.02,5.0,21,0,12021,6.4278678101878945,-3.5660396848763805,280.2522792286514,,,2000,False,True,False,False,397.89216470718384
0.02,5.0,21,1,12021,7.79372511655399,-3.5660396848763805,318.5540769388315,,,2000,False,True,False,False,397.89216470718384
0.02,5.0,21,2,12021,7.4135078489254695,-3.5660396848763805,307.8919054200728,,,2000,False,True,False,False,397.89216470718384
0.02,5.0,21,3,12021,6.4100166751937735,-3.5660396848763805,279.7516921188156,,,2000,False,True,False,False,397.89216470718384
0.02,5.0,21,4,12021,6.407606937347621,-3.5660396848763805,279.68411749657093,0.010589771120306991,0.3145734727291891,2000,False,True,False,True,397.89216470718384
0.02,5.0,21,5,12021,6.422037496489901,-3.5660396848763805,280.08878374870153,,,2000,False,True,False,False,397.89216470718384
0.02,5.0,21,6,12021,6.49460622809159,-3.5660396848763805,282.12377881365984,,,2000,False,True,False,False,397.89216470718384
0.02,5.0,21,7,12021,6.410277907616475,-3.5660396848763805,279.7590176801044,,,2000,False,True,False,False,397.89216470718384
0.02,4.0,20,0,12020,3.1630822153552107,-11.566039684876385,127.3480145454733,,,2000,False,True,False,False,398.3097331523895
0.02,4.0,20,1,12020,2.2830663299982437,-11.566039684876385,119.73939561165051,0.46629765193306094,0.3071372507940763,2000,False,True,False,True,398.3097331523895
0.02,4.0,20,2,12020,5.816798317120903,-11.566039684876385,150.29204875309983,,,2000,False,True,False,False,398.3097331523895
0.02,4.0,20,3,12020,2.2991054546211473,-11.566039684876385,119.87806991210164,,,2000,False,True,False,False,398.3097331523895
0.02,4.0,20,4,12020,2.3613073284382455,-11.566039684876385,120.41586742544091,,,2000,False,True,False,False,398.3097331523895
0.02,4.0,20,5,12020,3.5991445860799134,-11.566039684876385,131.11821059014792,,,2000,False,True,False,False,398.3097331523895
0.02,4.0,20,6,12020,3.1900526198862798,-11.566039684876385,127.58120071174883,,,2000,False,True,False,False,398.3097331523895
0.02,4.0,20,7,12020,4.043499667522706,-11.566039684876385,134.96010542666508,,,2000,False,True,False,False,398.3097331523895
0.02,2.0,18,0,12018,-13.109264813640642,-27.566039684876316,52.444148802292986,,,2000,False,True,False,False,399.7533640861511
0.02,2.0,18,1,12018,-13.47572565095064,-27.566039684876316,51.11475639954226,0.5324233697100642,0.3134295729174843,2000,False,True,False,True,399.7533640861511
0.02,2.0,18,2,12018,-12.788779233491676,-27.566039684876316,53.6067589697767,,,2000,False,True,False,False,399.7533640861511
0.02,2.0,18,3,12018,-13.415984697791183,-27.566039684876316,51.33147578993127,,,2000,False,True,False,False,399.7533640861511
0.02,2.0,18,4,12018,-13.421951724962181,-27.566039684876316,51.30982949166278,,,2000,False,True,False,False,399.7533640861511
0.02,2.0,18,5,12018,-13.161347938658906,-27.566039684876316,52.25520934775525,,,2000,False,True,False,False,399.7533640861511
0.02,2.0,18,6,12018,-12.945028939082055,-27.566039684876316,53.039939407095375,,,2000,False,True,False,False,399.7533640861511
0.02,2.0,18,7,12018,-12.704385709041349,-27.566039684876316,53.91290931061303,,,2000,False,True,False,False,399.7533640861511
0.02,6.0,22,0,12022,7.60994229618589,0.9999999999999979,660.9942296185907,,,2000,False,True,False,False,401.3381381034851
0.02,6.0,22,1,12022,7.616014020309709,0.9999999999999979,661.6014020309725,,,2000,False,True,False,False,401.3381381034851
0.02,6.0,22,2,12022,9.111458379623217,0.9999999999999979,811.1458379623236,,,2000,False,True,False,False,401.3381381034851
0.02,6.0,22,3,12022,7.618666272424586,0.9999999999999979,661.8666272424603,,,2000,False,True,False,False,401.3381381034851
0.02,6.0,22,4,12022,7.630918172817564,0.9999999999999979,663.091817281758,,,2000,False,True,False,False,401.3381381034851
0.02,6.0,22,5,12022,7.603465789791738,0.9999999999999979,660.3465789791753,0.7210524109599319,0.3147212184382456,2000,False,True,False,True,401.3381381034851
0.02,6.0,22,6,12022,9.610306405595395,0.9999999999999979,861.0306405595414,,,2000,False,True,False,False,401.3381381034851
0.02,6.0,22,7,12022,7.6322367541274545,0.9999999999999979,663.2236754127471,,,2000,False,True,False,False,401.3381381034851
0.02,7.0,23,0,12023,8.778582534078263,1.0000000000000147,777.8582534078134,,,2000,False,True,False,False,428.7013306617737
0.02,7.0,23,1,12023,8.85166447254862,1.0000000000000147,785.166447254849,,,2000,False,True,False,False,428.7013306617737
0.02,7.0,23,2,12023,8.871227746427483,1.0000000000000147,787.1227746427353,,,2000,False,True,False,False,428.7013306617737
0.02,7.0,23,3,12023,27.845032340653095,1.0000000000000147,2684.5032340652688,,,2000,False,True,False,False,428.7013306617737
0.02,7.0,23,4,12023,8.778189133784995,1.0000000000000147,777.8189133784867,0.7210595133829703,0.3145835193907966,2000,False,True,False,True,428.7013306617737
0.02,7.0,23,5,12023,8.794548250765843,1.0000000000000147,779.4548250765714,,,2000,False,True,False,False,428.7013306617737
0.02,7.0,23,6,12023,8.800961312486777,1.0000000000000147,780.0961312486648,,,2000,False,True,False,False,428.7013306617737
0.02,7.0,23,7,12023,9.935328492968093,1.0000000000000147,893.5328492967948,,,2000,False,True,False,False,428.7013306617737
0.02,8.0,24,0,12024,9.983885934466711,1.0000000000000249,898.3885934466463,,,2000,False,True,False,False,419.7874891757965
0.02,8.0,24,1,12024,11.42212166265165,1.0000000000000249,1042.2121662651366,,,2000,False,True,False,False,419.7874891757965
0.02,8.0,24,2,12024,11.788991432199252,1.0000000000000249,1078.899143219896,,,2000,False,True,False,False,419.7874891757965
0.02,8.0,24,3,12024,10.171874605529947,1.0000000000000249,917.1874605529695,,,2000,False,True,False,False,419.7874891757965
0.02,8.0,24,4,12024,11.415157514631424,1.0000000000000249,1041.515751463114,,,2000,False,True,False,False,419.7874891757965
0.02,8.0,24,5,12024,9.983183421544355,1.0000000000000249,898.3183421544106,0.7210492472331378,0.31511701203769377,2000,False,True,False,True,419.7874891757965
0.02,8.0,24,6,12024,11.198126006736947,1.0000000000000249,1019.8126006736668,,,2000,False,True,False,False,419.7874891757965
0.02,8.0,24,7,12024,11.785262687099046,1.0000000000000249,1078.5262687098752,,,2000,False,True,False,False,419.7874891757965
0.02,9.0,25,0,12025,12.73992582843067,0.9999999999999994,1173.9925828430676,,,2000,False,True,False,False,416.274671792984
0.02,9.0,25,1,12025,12.7914986529868,0.9999999999999994,1179.1498652986807,,,2000,False,True,False,False,416.274671792984
0.02,9.0,25,2,12025,11.186272794133007,0.9999999999999994,1018.6272794133013,,,2000,False,True,False,False,416.274671792984
0.02,9.0,25,3,12025,11.16874028140096,0.9999999999999994,1016.8740281400966,,,2000,False,True,False,False,416.274671792984
0.02,9.0,25,4,12025,11.167017578341966,0.9999999999999994,1016.7017578341971,,,2000,False,True,False,False,416.274671792984
0.02,9.0,25,5,12025,11.161474634492446,0.9999999999999994,1016.1474634492452,0.7209822080121217,0.31530334533718396,2000,False,True,False,True,416.274671792984
0.02,9.0,25,6,12025,11.18629071597203,0.9999999999999994,1018.6290715972035,,,2000,False,True,False,False,416.274671792984
0.02,9.0,25,7,12025,11.172534040361418,0.9999999999999994,1017.2534040361423,,,2000,False,True,False,False,416.274671792984
0.02,10.0,26,0,12026,12.364676290540446,0.9999999999999996,1136.4676290540451,,,2000,False,True,False,False,417.30984807014465
0.02,10.0,26,1,12026,12.35986725486757,0.9999999999999996,1135.9867254867575,,,2000,False,True,False,False,417.30984807014465
0.02,10.0,26,2,12026,14.437381061347418,0.9999999999999996,1343.7381061347423,,,2000,False,True,False,False,417.30984807014465
0.02,10.0,26,3,12026,12.39305779137598,0.9999999999999996,1139.3057791375986,,,2000,False,True,False,False,417.30984807014465
0.02,10.0,26,4,12026,12.357192798094815,0.9999999999999996,1135.719279809482,0.721043530541705,0.31510406455098927,2000,False,True,False,True,417.30984807014465
0.02,10.0,26,5,12026,52.4042050943228,0.9999999999999996,5140.4205094322815,,,2000,False,True,False,False,417.30984807014465
0.02,10.0,26,6,12026,14.069185490805852,0.9999999999999996,1306.9185490805858,,,2000,False,True,False,False,417.30984807014465
0.02,10.0,26,7,12026,12.396759593840363,0.9999999999999996,1139.6759593840368,,,2000,False,True,False,False,417.30984807014465
0.02,12.0,28,0,12028,16.71919580760837,1.0000000000000426,1571.9195807607657,,,2000,False,True,False,False,416.2089102268219
0.02,12.0,28,1,12028,14.726413596497263,1.0000000000000426,1372.6413596496636,0.7210652248078326,0.31496380201427066,2000,False,True,False,True,416.2089102268219
0.02,12.0,28,2,12028,14.726708839131415,1.0000000000000426,1372.6708839130788,,,2000,False,True,False,False,416.2089102268219
0.02,12.0,28,3,12028,16.490339204267535,1.0000000000000426,1549.0339204266832,,,2000,False,True,False,False,416.2089102268219
0.02,12.0,28,4,12028,68.68388584396226,1.0000000000000426,6768.388584395933,,,2000,False,True,False,False,416.2089102268219
0.02,12.0,28,5,12028,14.737160139276709,1.0000000000000426,1373.716013927608,,,2000,False,True,False,False,416.2089102268219
0.02,12.0,28,6,12028,15.777390887852214,1.0000000000000426,1477.739088785154,,,2000,False,True,False,False,416.2089102268219
0.02,12.0,28,7,12028,17.183114815866574,1.0000000000000426,1618.3114815865843,,,2000,False,True,False,False,416.2089102268219
0.02,11.0,27,0,12027,13.71558073014431,1.0000000000000189,1271.5580730144052,,,2000,False,True,False,False,417.13174772262573
0.02,11.0,27,1,12027,15.772632633464717,1.0000000000000189,1477.2632633464418,,,2000,False,True,False,False,417.13174772262573
0.02,11.0,27,2,12027,15.161290559606712,1.0000000000000189,1416.1290559606425,,,2000,False,True,False,False,417.13174772262573
0.02,11.0,27,3,12027,13.55596017992395,1.0000000000000189,1255.5960179923695,0.721003347323866,0.31550492804636293,2000,False,True,False,True,417.13174772262573
0.02,11.0,27,4,12027,17.52026004054664,1.0000000000000189,1652.026004054631,,,2000,False,True,False,False,417.13174772262573
0.02,11.0,27,5,12027,13.639026116771234,1.0000000000000189,1263.9026116770976,,,2000,False,True,False,False,417.13174772262573
0.02,11.0,27,6,12027,13.599323322750726,1.0000000000000189,1259.9323322750467,,,2000,False,True,False,False,417.13174772262573
0.02,11.0,27,7,12027,17.533563167754586,1.0000000000000189,1653.3563167754255,,,2000,False,True,False,False,417.13174772262573
0.02,14.0,30,0,12030,19.410543364988456,0.9999999999999973,1841.054336498851,,,2000,False,True,False,False,415.4363865852356
0.02,14.0,30,1,12030,17.13304607875292,0.9999999999999973,1613.3046078752966,,,2000,False,True,False,False,415.4363865852356
0.02,14.0,30,2,12030,17.08708958026132,0.9999999999999973,1608.7089580261368,0.721058439638591,0.31459208343103895,2000,False,True,False,True,415.4363865852356
0.02,14.0,30,3,12030,19.781751938279214,0.9999999999999973,1878.1751938279267,,,2000,False,True,False,False,415.4363865852356
0.02,14.0,30,4,12030,17.199990063224416,0.9999999999999973,1619.9990063224461,,,2000,False,True,False,False,415.4363865852356
0.02,14.0,30,5,12030,17.12980285417449,0.9999999999999973,1612.9802854174536,,,2000,False,True,False,False,415.4363865852356
0.02,14.0,30,6,12030,17.31791151249577,0.9999999999999973,1631.7911512495816,,,2000,False,True,False,False,415.4363865852356
0.02,14.0,30,7,12030,17.098951218052605,0.9999999999999973,1609.895121805265,,,2000,False,True,False,False,415.4363865852356
0.02,15.0,31,0,12031,20.73981638207949,0.9999999999999432,1973.981638208067,,,2000,False,True,False,False,414.55375146865845
0.02,15.0,31,1,12031,18.305926782585008,0.9999999999999432,1730.5926782586048,,,2000,False,True,False,False,414.55375146865845
0.02,15.0,31,2,12031,18.28099087724834,0.9999999999999432,1728.0990877249376,0.7210500050292611,0.31468206777888713,2000,False,True,False,True,414.55375146865845
0.02,15.0,31,3,12031,20.539726627065896,0.9999999999999432,1953.9726627067064,,,2000,False,True,False,False,414.55375146865845
0.02,15.0,31,4,12031,18.501881965759353,0.9999999999999432,1750.1881965760404,,,2000,False,True,False,False,414.55375146865845
0.02,15.0,31,5,12031,18.323208520287956,0.9999999999999432,1732.3208520288997,,,2000,False,True,False,False,414.55375146865845
0.02,15.0,31,6,12031,18.29806571067449,0.9999999999999432,1729.806571067553,,,2000,False,True,False,False,414.55375146865845
0.02,15.0,31,7,12031,21.103018188472927,0.9999999999999432,2010.3018188474127,,,2000,False,True,False,False,414.55375146865845
0.02,13.0,29,0,12029,15.922110824649899,1.0000000000000213,1492.211082464956,0.7210694634715449,0.3149201147122678,2000,False,True,False,True,418.92448568344116
0.02,13.0,29,1,12029,17.817764803038607,1.0000000000000213,1681.7764803038226,,,2000,False,True,False,False,418.92448568344116
0.02,13.0,29,2,12029,18.080828073345906,1.0000000000000213,1708.0828073345522,,,2000,False,True,False,False,418.92448568344116
0.02,13.0,29,3,12029,16.146915234416777,1.0000000000000213,1514.6915234416433,,,2000,False,True,False,False,418.92448568344116
0.02,13.0,29,4,12029,18.052774094696407,1.0000000000000213,1705.2774094696024,,,2000,False,True,False,False,418.92448568344116
0.02,13.0,29,5,12029,19.973989353605983,1.0000000000000213,1897.3989353605557,,,2000,False,True,False,False,418.92448568344116
0.02,13.0,29,6,12029,17.85408010615411,1.0000000000000213,1685.408010615373,,,2000,False,True,False,False,418.92448568344116
0.02,13.0,29,7,12029,15.97012161878351,1.0000000000000213,1497.0121618783169,,,2000,False,True,False,False,418.92448568344116
0.02,16.0,32,0,12032,22.071939593920042,0.9999999999999984,2107.1939593920074,,,2000,False,True,False,False,411.455340385437
0.02,16.0,32,1,12032,22.585775947889495,0.9999999999999984,2158.577594788953,,,2000,False,True,False,False,411.455340385437
0.02,16.0,32,2,12032,19.846891774908297,0.9999999999999984,1884.6891774908324,,,2000,False,True,False,False,411.455340385437
0.02,16.0,32,3,12032,20.58337703783905,0.9999999999999984,1958.3377037839082,,,2000,False,True,False,False,411.455340385437
0.02,16.0,32,4,12032,101.26921373735155,0.9999999999999984,10026.921373735171,,,2000,False,True,False,False,411.455340385437
0.02,16.0,32,5,12032,19.841700259848476,0.9999999999999984,1884.1700259848506,,,2000,False,True,False,False,411.455340385437
0.02,16.0,32,6,12032,19.48431950510476,0.9999999999999984,1848.4319505104788,0.7210471545312943,0.3151009983813436,2000,False,True,False,True,411.455340385437
0.02,16.0,32,7,12032,19.492697594632116,0.9999999999999984,1849.2697594632143,,,2000,False,True,False,False,411.455340385437
0.05,-16.0,0,0,13000,-330.5391127432277,-383.0000000000001,13.697359597068514,,,2000,False,True,False,False,405.7877163887024
0.05,-16.0,0,1,13000,-326.3271446590098,-383.0000000000001,14.797090167360397,,,2000,False,True,False,False,405.7877163887024
0.05,-16.0,0,2,13000,-329.26252563266917,-383.0000000000001,14.030672158572044,,,2000,False,True,False,False,405.7877163887024
0.05,-16.0,0,3,13000,-330.39863924176973,-383.0000000000001,13.734036751496179,,,2000,False,True,False,False,405.7877163887024
0.05,-16.0,0,4,13000,-327.8602231043856,-383.0000000000001,14.396808588933283,,,2000,False,True,False,False,405.7877163887024
0.05,-16.0,0,5,13000,-330.3934990297717,-383.0000000000001,13.73537884340167,,,2000,False,True,False,False,405.7877163887024
0.05,-16.0,0,6,13000,-334.48468377056616,-383.0000000000001,12.667184394108077,0.4665167799256122,0.6303071086995886,2000,False,True,False,True,405.7877163887024
0.05,-16.0,0,7,13000,-330.539110255102,-383.0000000000001,13.697360246709685,,,2000,False,True,False,False,405.7877163887024
0.05,-10.0,6,0,13006,-207.01985150359786,-238.9999999999999,13.380815270461104,,,2000,False,True,False,False,274.1018719673157
0.05,-10.0,6,1,13006,-207.01825039923244,-238.9999999999999,13.381485188605632,,,2000,False,True,False,False,274.1018719673157
0.05,-10.0,6,2,13006,-203.4108796513024,-238.9999999999999,14.890845334183059,,,2000,False,True,False,False,274.1018719673157
0.05,-10.0,6,3,13006,-208.3253045169252,-238.9999999999999,12.83460062053335,,,1733,True,False,False,False,274.1018719673157
0.05,-10.0,6,4,13006,-207.12538152159814,-238.9999999999999,13.336660451214124,,,1439,True,False,False,False,274.1018719673157
0.05,-10.0,6,5,13006,-208.32530428265122,-238.9999999999999,12.834600718555937,,,1299,True,False,False,False,274.1018719673157
0.05,-10.0,6,6,13006,-207.32404445415554,-238.9999999999999,13.253537885290529,,,1140,True,False,False,False,274.1018719673157
0.05,-10.0,6,7,13006,-209.65800725186165,-238.9999999999999,12.276984413446968,0.4664782588089001,0.6300830730622318,1785,True,False,False,True,274.1018719673157
0.05,-12.0,4,0,13004,-247.2685801927138,-286.9999999999998,13.843700281284319,,,1259,True,False,False,False,276.9952645301819
0.05,-12.0,4,1,13004,-248.25676627741726,-286.9999999999998,13.499384572328413,,,1025,True,False,False,False,276.9952645301819
0.05,-12.0,4,2,13004,-251.26386921695243,-286.9999999999998,12.451613513256923,0.4664895789759686,0.6301767124472519,1973,True,False,False,True,276.9952645301819
0.05,-12.0,4,3,13004,-246.97455006948613,-286.9999999999998,13.94614980157271,,,1970,True,False,False,False,276.9952645301819
0.05,-12.0,4,4,13004,-248.13616378909805,-286.9999999999998,13.541406345261937,,,2000,False,True,False,False,276.9952645301819
0.05,-12.0,4,5,13004,-248.25676591639,-286.9999999999998,13.49938469812188,,,1336,True,False,False,False,276.9952645301819
0.05,-12.0,4,6,13004,-248.100551224847,-286.9999999999998,13.553814904234423,,,2000,False,True,False,False,276.9952645301819
0.05,-12.0,4,7,13004,-251.2638677408781,-286.9999999999998,12.451614027568533,,,2000,False,True,False,False,276.9952645301819
0.05,-7.0,9,0,13009,-147.2554866453445,-166.99999999999986,11.8230618890152,0.46645334775638064,0.6299675662576752,1649,True,False,False,True,264.21624064445496
0.05,-7.0,9,1,13009,-146.03464404296858,-166.99999999999986,12.554105363491793,,,1371,True,False,False,False,264.21624064445496
0.05,-7.0,9,2,13009,-145.44378931487182,-166.99999999999986,12.907910589897039,,,1164,True,False,False,False,264.21624064445496
0.05,-7.0,9,3,13009,-145.03338433104918,-166.99999999999986,13.153662077215989,,,1423,True,False,False,False,264.21624064445496
0.05,-7.0,9,4,13009,-142.47447665879218,-166.99999999999986,14.68594212048365,,,2000,False,True,False,False,264.21624064445496
0.05,-7.0,9,5,13009,-145.4437892364943,-166.99999999999986,12.907910636829689,,,1304,True,False,False,False,264.21624064445496
0.05,-7.0,9,6,13009,-145.35248803253194,-166.99999999999986,12.962582016447868,,,2000,False,True,False,False,264.21624064445496
0.05,-7.0,9,7,13009,-145.3523935282787,-166.99999999999986,12.962638605821066,,,2000,False,True,False,False,264.21624064445496
0.05,-5.0,11,0,13011,-104.33486208974065,-123.56603968487642,15.563481393577039,,,902,True,False,False,False,194.44402647018433
0.05,-5.0,11,1,13011,-103.50627754689701,-123.56603968487642,16.234041480277835,,,1028,True,False,False,False,194.44402647018433
0.05,-5.0,11,2,13011,-104.33486217099559,-123.56603968487642,15.563481327818728,,,1075,True,False,False,False,194.44402647018433
0.05,-5.0,11,3,13011,-105.65825676540511,-123.56603968487642,14.492479458871161,0.02543878541030275,0.6298814114547252,1251,True,False,False,True,194.44402647018433
0.05,-5.0,11,4,13011,-103.5062774258774,-123.56603968487642,16.23404157821705,,,1208,True,False,False,False,194.44402647018433
0.05,-5.0,11,5,13011,-104.25114462028091,-123.56603968487642,15.631232589353194,,,1445,True,False,False,False,194.44402647018433
0.05,-5.0,11,6,13011,-104.33486218453173,-123.56603968487642,15.563481316864152,,,1175,True,False,False,False,194.44402647018433
0.05,-5.0,11,7,13011,-101.69041097899668,-123.56603968487642,17.70359296265214,,,1495,True,False,False,False,194.44402647018433
0.05,-6.0,10,0,13010,-126.45641297630797,-143.00000000000034,11.56894197461002,0.46644435060992995,0.6299284061609003,1495,True,False,False,True,216.56383895874023
0.05,-6.0,10,1,13010,-124.80067771454202,-143.00000000000034,12.726798801019775,,,2000,False,True,False,False,216.56383895874023
0.05,-6.0,10,2,13010,-123.90594772768438,-143.00000000000034,13.352484106514629,,,1051,True,False,False,False,216.56383895874023
0.05,-6.0,10,3,13010,-124.88801022557907,-143.00000000000034,12.665727114979882,,,1039,True,False,False,False,216.56383895874023
0.05,-6.0,10,4,13010,-124.88801017337758,-143.00000000000034,12.665727151484418,,,1245,True,False,False,False,216.56383895874023
0.05,-6.0,10,5,13010,-122.9295086431453,-143.00000000000034,14.03530864115734,,,1403,True,False,False,False,216.56383895874023
0.05,-6.0,10,6,13010,-126.45641256348526,-143.00000000000034,11.568942263297233,,,958,True,False,False,False,216.56383895874023
0.05,-6.0,10,7,13010,-126.45641289039332,-143.00000000000034,11.568942034690194,,,1418,True,False,False,False,216.56383895874023
0.05,-9.0,7,0,13007,-185.57718458498456,-215.00000000000017,13.685030425588643,,,1224,True,False,False,False,282.47344851493835
0.05,-9.0,7,1,13007,-186.5626316655339,-215.00000000000017,13.226682946263372,,,1971,True,False,False,False,282.47344851493835
0.05,-9.0,7,2,13007,-187.56173957151609,-215.00000000000017,12.761981594643752,,,2000,False,True,False,False,282.47344851493835
0.05,-9.0,7,3,13007,-186.4622071103332,-215.00000000000017,13.27339204170556,,,2000,False,True,False,False,282.47344851493835
0.05,-9.0,7,4,13007,-188.85630626841808,-215.00000000000017,12.159857549573056,0.4664686614721237,0.6300509896321971,1343,True,False,False,True,282.47344851493835
0.05,-9.0,7,5,13007,-184.3782480841456,-215.00000000000017,14.242675309699784,,,1817,True,False,False,False,282.47344851493835
0.05,-9.0,7,6,13007,-183.14181028353465,-215.00000000000017,14.81776265882116,,,2000,False,True,False,False,282.47344851493835
0.05,-9.0,7,7,13007,-188.85630621477662,-215.00000000000017,12.15985757452257,,,1445,True,False,False,False,282.47344851493835
0.05,-8.0,8,0,13008,-166.00204846655635,-191.00000000000006,13.08793274002288,,,1273,True,False,False,False,291.00801634788513
0.05,-8.0,8,1,13008,-165.90641927349589,-191.00000000000006,13.138000380368672,,,2000,False,True,False,False,291.00801634788513
0.05,-8.0,8,2,13008,-165.90632070073073,-191.00000000000006,13.138051989146241,,,2000,False,True,False,False,291.00801634788513
0.05,-8.0,8,3,13008,-163.88445278931485,-191.00000000000006,14.196621576274973,,,1774,True,False,False,False,291.00801634788513
0.05,-8.0,8,4,13008,-168.05545821743374,-191.00000000000006,12.012849100820059,0.46646074994576775,0.6300124100555109,1708,True,False,False,True,291.00801634788513
0.05,-8.0,8,5,13008,-163.57955506247686,-191.00000000000006,14.3562538939912,,,1574,True,False,False,False,291.00801634788513
0.05,-8.0,8,6,13008,-165.90641938360238,-191.00000000000006,13.138000322721291,,,1900,True,False,False,False,291.00801634788513
0.05,-8.0,8,7,13008,-165.90641583632092,-191.00000000000006,13.13800217993672,,,2000,False,True,False,False,291.00801634788513
0.05,-11.0,5,0,13005,-227.69014246309155,-263.0,13.425801344832111,,,2000,False,True,False,False,299.6712031364441
0.05,-11.0,5,1,13005,-227.69014334142543,-263.0,13.425801010864857,,,1737,True,False,False,False,299.6712031364441
0.05,-11.0,5,2,13005,-227.57942962288706,-263.0,13.46789748179199,,,2000,False,True,False,False,299.6712031364441
0.05,-11.0,5,3,13005,-223.8199378601583,-263.0,14.897362030358064,,,2000,False,True,False,False,299.6712031364441
0.05,-11.0,5,4,13005,-227.6901434062004,-263.0,13.425800986235586,0.4667179308866574,0.6785772250543869,1997,True,False,False,True,299.6712031364441
0.05,-11.0,5,5,13005,-227.6901425416857,-263.0,13.425801314948401,,,1764,True,False,False,False,299.6712031364441
0.05,-11.0,5,6,13005,-226.70280036120883,-263.0,13.801216592696264,,,1492,True,False,False,False,299.6712031364441
0.05,-11.0,5,7,13005,-226.70280035419896,-263.0,13.801216595361613,,,1690,True,False,False,False,299.6712031364441
0.05,-14.0,2,0,13002,-291.37950787162214,-335.0000000000001,13.021042426381479,,,2000,False,True,False,False,306.52544379234314
0.05,-14.0,2,1,13002,-285.6259303384574,-335.0000000000001,14.738528257176922,,,2000,False,True,False,False,306.52544379234314
0.05,-14.0,2,2,13002,-288.40534974456864,-335.0000000000001,13.908850822516852,,,1852,True,False,False,False,306.52544379234314
0.05,-14.0,2,3,13002,-290.3782580619272,-335.0000000000001,13.319922966588917,,,1685,True,False,False,False,306.52544379234314
0.05,-14.0,2,4,13002,-285.62516694244147,-335.0000000000001,14.738756136584666,,,2000,False,True,False,False,306.52544379234314
0.05,-14.0,2,5,13002,-288.115582299077,-335.0000000000001,13.99534856743973,,,1919,True,False,False,False,306.52544379234314
0.05,-14.0,2,6,13002,-292.8728211578859,-335.0000000000001,12.57527726630275,0.46650983235653826,0.6302117993790424,2000,False,True,False,True,306.52544379234314
0.05,-14.0,2,7,13002,-289.395030167986,-335.0000000000001,13.613423830451962,,,1530,True,False,False,False,306.52544379234314
0.05,-15.0,1,0,13001,-309.8321864110741,-359.0000000000002,13.69576980192928,,,2000,False,True,False,False,315.79327845573425
0.05,-15.0,1,1,13001,-311.1417737644855,-359.0000000000002,13.33098223830493,,,2000,False,True,False,False,315.79327845573425
0.05,-15.0,1,2,13001,-312.1406801961158,-359.0000000000002,13.052735321416268,,,2000,False,True,False,False,315.79327845573425
0.05,-15.0,1,3,13001,-309.96639925522436,-359.0000000000002,13.658384608572657,,,2000,False,True,False,False,315.79327845573425
0.05,-15.0,1,4,13001,-312.14306825138135,-359.0000000000002,13.052070124963466,,,2000,False,True,False,False,315.79327845573425
0.05,-15.0,1,5,13001,-313.6784143187071,-359.0000000000002,12.624397125708384,0.46651325244023323,0.6302625528651973,1751,True,False,False,True,315.79327845573425
0.05,-15.0,1,6,13001,-312.1430704325142,-359.0000000000002,13.052069517405569,,,1647,True,False,False,False,315.79327845573425
0.05,-15.0,1,7,13001,-309.7744303388062,-359.0000000000002,13.711857844343728,,,2000,False,True,False,False,315.79327845573425
0.05,-13.0,3,0,13003,-265.276947308894,-311.0,14.701946202927967,,,2000,False,True,False,False,325.8265483379364
0.05,-13.0,3,1,13003,-270.61596465799164,-311.0,12.98522036720526,,,1840,True,False,False,False,325.8265483379364
0.05,-13.0,3,2,13003,-272.0679750384339,-311.0,12.518336000503577,0.46649567460057556,0.6302176806870525,2000,False,True,False,True,325.8265483379364
0.05,-13.0,3,3,13003,-272.06793189176415,-311.0,12.518349874030822,,,2000,False,True,False,False,325.8265483379364
0.05,-13.0,3,4,13003,-264.50416479263475,-311.0,14.950429327127088,,,2000,False,True,False,False,325.8265483379364
0.05,-13.0,3,5,13003,-265.275775536517,-311.0,14.702322978611893,,,2000,False,True,False,False,325.8265483379364
0.05,-13.0,3,6,13003,-264.51643293570044,-311.0,14.946484586591499,,,2000,False,True,False,False,325.8265483379364
0.05,-13.0,3,7,13003,-268.7028576700983,-311.0,13.600367308650066,,,2000,False,True,False,False,325.8265483379364
0.05,-2.0,14,0,13014,-55.6972405848454,-75.56603968487632,26.29329151413426,0.4248198924616424,0.625814248687111,1062,True,False,False,True,482.4526834487915
0.05,-2.0,14,1,13014,-55.05235234234909,-75.56603968487632,27.146701650732147,,,1916,True,False,False,False,482.4526834487915
0.05,-2.0,14,2,13014,-55.69724034379854,-75.56603968487632,26.293291833122613,,,1277,True,False,False,False,482.4526834487915
0.05,-2.0,14,3,13014,-55.69558393488485,-75.56603968487632,26.29548383487445,,,2000,False,True,False,False,482.4526834487915
0.05,-2.0,14,4,13014,-55.41756076252283,-75.56603968487632,26.663404627761604,,,2000,False,True,False,False,482.4526834487915
0.05,-2.0,14,5,13014,-55.41352832314744,-75.56603968487632,26.66874093940664,,,2000,False,True,False,False,482.4526834487915
0.05,-2.0,14,6,13014,-55.11586462861547,-75.56603968487632,27.062652934495013,,,2000,False,True,False,False,482.4526834487915
0.05,-2.0,14,7,13014,-55.40737952873641,-75.56603968487632,26.676877920564664,,,2000,False,True,False,False,482.4526834487915
0.05,7.0,23,0,13023,21.979313080664657,1.0000000000000147,2097.9313080664333,,,2000,False,True,False,False,515.9261231422424
0.05,7.0,23,1,13023,24.484490725939192,1.0000000000000147,2348.4490725938836,,,2000,False,True,False,False,515.9261231422424
0.05,7.0,23,2,13023,21.276615387313605,1.0000000000000147,2027.6615387313293,,,2000,False,True,False,False,515.9261231422424
0.05,7.0,23,3,13023,18.613637831577257,1.0000000000000147,1761.3637831576984,0.4663448147808811,0.650084484537463,2000,False,True,False,True,515.9261231422424
0.05,7.0,23,4,13023,18.735320625610253,1.0000000000000147,1773.532062560998,,,2000,False,True,False,False,515.9261231422424
0.05,7.0,23,5,13023,18.728045530380513,1.0000000000000147,1772.8045530380239,,,2000,False,True,False,False,515.9261231422424
0.05,7.0,23,6,13023,20.93750958571318,1.0000000000000147,1993.7509585712874,,,2000,False,True,False,False,515.9261231422424
0.05,7.0,23,7,13023,21.327948042493528,1.0000000000000147,2032.7948042493215,,,1080,True,False,False,False,515.9261231422424
0.05,3.0,19,0,13019,5.246885909516428,-19.56603968487626,126.81628982676578,,,2000,False,True,False,False,519.5016949176788
0.05,3.0,19,1,13019,4.21871828702656,-19.56603968487626,121.56143172032641,,,2000,False,True,False,False,519.5016949176788
0.05,3.0,19,2,13019,6.0132371626204,-19.56603968487626,130.7330316173711,,,1324,True,False,False,False,519.5016949176788
0.05,3.0,19,3,13019,5.4914239258495625,-19.56603968487626,128.06609827176322,,,2000,False,True,False,False,519.5016949176788
0.05,3.0,19,4,13019,5.443512936141005,-19.56603968487626,127.82123017131882,,,2000,False,True,False,False,519.5016949176788
0.05,3.0,19,5,13019,4.113253010879909,-19.56603968487626,121.02240962977953,0.3259510107109023,0.6431171416718124,2000,False,True,False,True,519.5016949176788
0.05,3.0,19,6,13019,6.35416652443639,-19.56603968487626,132.47548623418103,,,2000,False,True,False,False,519.5016949176788
0.05,3.0,19,7,13019,4.218911018028129,-19.56603968487626,121.56241674849089,,,2000,False,True,False,False,519.5016949176788
0.05,-4.0,12,0,13012,-87.0754723479835,-107.56603968487627,19.04929046093135,,,2000,False,True,False,False,522.0368518829346
0.05,-4.0,12,1,13012,-87.0773198482652,-107.56603968487627,19.047572911147878,0.4148380960667817,0.6252643942870588,1552,True,False,False,True,522.0368518829346
0.05,-4.0,12,2,13012,-82.49931958509896,-107.56603968487627,23.303563255849497,,,2000,False,True,False,False,522.0368518829346
0.05,-4.0,12,3,13012,-87.07694910696262,-107.56603968487627,19.047917575043353,,,2000,False,True,False,False,522.0368518829346
0.05,-4.0,12,4,13012,-86.99709725754444,-107.56603968487627,19.122152760843733,,,2000,False,True,False,False,522.0368518829346
0.05,-4.0,12,5,13012,-86.80919836475738,-107.56603968487627,19.296835117224546,,,2000,False,True,False,False,522.0368518829346
0.05,-4.0,12,6,13012,-87.07731378093608,-107.56603968487627,19.047578551709847,,,1869,True,False,False,False,522.0368518829346
0.05,-4.0,12,7,13012,-86.65072858351269,-107.56603968487627,19.444158363212722,,,2000,False,True,False,False,522.0368518829346
0.05,-3.0,13,0,13013,-70.6055347366917,-91.56603968487632,22.891134115137017,,,2000,False,True,False,False,524.457263469696
0.05,-3.0,13,1,13013,-71.18804547090271,-91.56603968487632,22.25496951064422,,,2000,False,True,False,False,524.457263469696
0.05,-3.0,13,2,13013,-70.60771207498442,-91.56603968487632,22.88875622667507,,,2000,False,True,False,False,524.457263469696
0.05,-3.0,13,3,13013,-70.60773359256531,-91.56603968487632,22.88873272715389,,,2000,False,True,False,False,524.457263469696
0.05,-3.0,13,4,13013,-71.34911405439352,-91.56603968487632,22.079065229924932,0.4208266464232824,0.6254340375813494,2000,False,True,False,True,524.457263469696
0.05,-3.0,13,5,13013,-67.4284116651418,-91.56603968487632,26.360895483526363,,,2000,False,True,False,False,524.457263469696
0.05,-3.0,13,6,13013,-71.34910729266451,-91.56603968487632,22.079072614462948,,,1599,True,False,False,False,524.457263469696
0.05,-3.0,13,7,13013,-71.19653326696368,-91.56603968487632,22.24569992107784,,,2000,False,True,False,False,524.457263469696
0.05,1.0,17,0,13017,-13.889364960101622,-35.56603968487631,60.9476762575627,,,2000,False,True,False,False,539.9037253856659
0.05,1.0,17,1,13017,-13.900073318160882,-35.56603968487631,60.91756787846248,0.327674418738119,0.6422696168002999,2000,False,True,False,True,539.9037253856659
0.05,1.0,17,2,13017,-13.82605127949496,-35.56603968487631,61.12569349301437,,,2000,False,True,False,False,539.9037253856659
0.05,1.0,17,3,13017,-13.89636317259902,-35.56603968487631,60.92799958689764,,,2000,False,True,False,False,539.9037253856659
0.05,1.0,17,4,13017,-12.91757128810191,-35.56603968487631,63.68004027843778,,,2000,False,True,False,False,539.9037253856659
0.05,1.0,17,5,13017,-12.434970880133672,-35.56603968487631,65.0369538179946,,,2000,False,True,False,False,539.9037253856659
0.05,1.0,17,6,13017,-13.170558662252681,-35.56603968487631,62.96872303200748,,,2000,False,True,False,False,539.9037253856659
0.05,1.0,17,7,13017,-12.917885809956008,-35.56603968487631,63.67915594648268,,,2000,False,True,False,False,539.9037253856659
0.05,0.0,16,0,13016,-24.843475939240022,-43.56603968487638,42.975133569773966,,,2000,False,True,False,False,540.0138261318207
0.05,0.0,16,1,13016,-24.6159227645825,-43.56603968487638,43.49745135744406,,,2000,False,True,False,False,540.0138261318207
0.05,0.0,16,2,13016,-24.006708517076103,-43.56603968487638,44.89582094052527,,,2000,False,True,False,False,540.0138261318207
0.05,0.0,16,3,13016,-23.736748603512215,-43.56603968487638,45.51547770877084,,,2000,False,True,False,False,540.0138261318207
0.05,0.0,16,4,13016,-23.812809115543814,-43.56603968487638,45.34089100641789,,,2000,False,True,False,False,540.0138261318207
0.05,0.0,16,5,13016,-24.859442384421698,-43.56603968487638,42.938484736652654,,,2000,False,True,False,False,540.0138261318207
0.05,0.0,16,6,13016,-24.864055010176287,-43.56603968487638,42.92789707298629,0.420742114378271,0.6882540275795888,2000,False,True,False,True,540.0138261318207
0.05,0.0,16,7,13016,-24.07264261882303,-43.56603968487638,44.7444780545897,,,2000,False,True,False,False,540.0138261318207
0.05,5.0,21,0,13021,15.378720679833636,-3.5660396848763805,531.2548944717297,,,2000,False,True,False,False,540.8540725708008
0.05,5.0,21,1,13021,15.342158633720516,-3.5660396848763805,530.2296101410986,,,2000,False,True,False,False,540.8540725708008
0.05,5.0,21,2,13021,16.073553001223072,-3.5660396848763805,550.7395997131275,,,2000,False,True,False,False,540.8540725708008
0.05,5.0,21,3,13021,22.812116096435833,-3.5660396848763805,739.7044932837485,,,2000,False,True,False,False,540.8540725708008
0.05,5.0,21,4,13021,13.345460424914366,-3.5660396848763805,474.2375745708225,0.02036582921576336,0.6476364936532768,2000,False,True,False,True,540.8540725708008
0.05,5.0,21,5,13021,15.342424249938253,-3.5660396848763805,530.2370586341389,,,2000,False,True,False,False,540.8540725708008
0.05,5.0,21,6,13021,15.368877412682211,-3.5660396848763805,530.978866496125,,,2000,False,True,False,False,540.8540725708008
0.05,5.0,21,7,13021,13.364991946962641,-3.5660396848763805,474.78528361991437,,,2000,False,True,False,False,540.8540725708008
0.05,-1.0,15,0,13015,-40.124335248338795,-59.5660396848763,32.638907235381836,0.4265974349266798,0.6264137808969059,2000,False,True,False,True,541.9931707382202
0.05,-1.0,15,1,13015,-39.85406849889821,-59.5660396848763,33.0926334707844,,,2000,False,True,False,False,541.9931707382202
0.05,-1.0,15,2,13015,-40.12407289458718,-59.5660396848763,32.63934767720574,,,2000,False,True,False,False,541.9931707382202
0.05,-1.0,15,3,13015,-39.58707074753978,-59.5660396848763,33.54087168297869,,,2000,False,True,False,False,541.9931707382202
0.05,-1.0,15,4,13015,-40.12432086928659,-59.5660396848763,32.63893137506324,,,2000,False,True,False,False,541.9931707382202
0.05,-1.0,15,5,13015,-39.8089231344433,-59.5660396848763,33.16842391227379,,,2000,False,True,False,False,541.9931707382202
0.05,-1.0,15,6,13015,-39.82220480865291,-59.5660396848763,33.14612651885989,,,2000,False,True,False,False,541.9931707382202
0.05,-1.0,15,7,13015,-39.87953972457875,-59.5660396848763,33.049872149374934,,,2000,False,True,False,False,541.9931707382202
0.05,4.0,20,0,13020,12.388652718271045,-11.566039684876385,207.1123137721056,,,2000,False,True,False,False,542.0958378314972
0.05,4.0,20,1,13020,10.859030794516162,-11.566039684876385,193.88719985731416,,,2000,False,True,False,False,542.0958378314972
0.05,4.0,20,2,13020,14.118671254322251,-11.566039684876385,222.07005715866305,,,2000,False,True,False,False,542.0958378314972
0.05,4.0,20,3,13020,10.693953851230333,-11.566039684876385,192.45994430758887,,,2000,False,True,False,False,542.0958378314972
0.05,4.0,20,4,13020,10.712156611166634,-11.566039684876385,192.6173254028665,,,2000,False,True,False,False,542.0958378314972
0.05,4.0,20,5,13020,12.389454209945526,-11.566039684876385,207.11924347057038,,,2000,False,True,False,False,542.0958378314972
0.05,4.0,20,6,13020,10.565956729435278,-11.566039684876385,191.3532809614271,0.13546827337365003,0.641303905655003,2000,False,True,False,True,542.0958378314972
0.05,4.0,20,7,13020,14.121316962512031,-11.566039684876385,222.09293195644918,,,2000,False,True,False,False,542.0958378314972
0.05,2.0,18,0,13018,-4.103925917857919,-27.566039684876316,85.11238478659858,,,2000,False,True,False,False,543.9549748897552
0.05,2.0,18,1,13018,-4.2221643318225075,-27.566039684876316,84.68345696339205,,,2000,False,True,False,False,543.9549748897552
0.05,2.0,18,2,13018,-4.222046353947952,-27.566039684876316,84.68388494606893,,,2000,False,True,False,False,543.9549748897552
0.05,2.0,18,3,13018,-3.6671253938741866,-27.566039684876316,86.6969450969553,,,2000,False,True,False,False,543.9549748897552
0.05,2.0,18,4,13018,-4.718911563725076,-27.566039684876316,82.88143085597444,0.33096883781542014,0.6309611829494326,2000,False,True,False,True,543.9549748897552
0.05,2.0,18,5,13018,-4.222009345664,-27.566039684876316,84.68401919924558,,,2000,False,True,False,False,543.9549748897552
0.05,2.0,18,6,13018,-3.3166616431343523,-27.566039684876316,87.96830563603234,,,2000,False,True,False,False,543.9549748897552
0.05,2.0,18,7,13018,-3.82669609753027,-27.566039684876316,86.11807810887782,,,2000,False,True,False,False,543.9549748897552
0.05,6.0,22,0,13022,17.9842568213327,0.9999999999999979,1698.425682133274,,,2000,False,True,False,False,545.3237314224243
0.05,6.0,22,1,13022,18.33712999056439,0.9999999999999979,1733.7129990564429,,,2000,False,True,False,False,545.3237314224243
0.05,6.0,22,2,13022,16.022991441751287,0.9999999999999979,1502.2991441751321,,,2000,False,True,False,False,545.3237314224243
0.05,6.0,22,3,13022,19.02814661028083,0.9999999999999979,1802.8146610280874,,,2000,False,True,False,False,545.3237314224243
0.05,6.0,22,4,13022,15.971340726982492,0.9999999999999979,1497.1340726982526,0.4662977369876142,0.6505647574958494,2000,False,True,False,True,545.3237314224243
0.05,6.0,22,5,13022,16.00643291617576,0.9999999999999979,1500.6432916175795,,,2000,False,True,False,False,545.3237314224243
0.05,6.0,22,6,13022,17.984048561167914,0.9999999999999979,1698.4048561167951,,,2000,False,True,False,False,545.3237314224243
0.05,6.0,22,7,13022,16.012970305726103,0.9999999999999979,1501.2970305726137,,,2000,False,True,False,False,545.3237314224243
0.05,14.0,30,0,13030,37.080813036853016,0.9999999999999973,3608.0813036853115,0.4663296815936784,0.6502309166710621,2000,False,True,False,True,545.3763501644135
0.05,14.0,30,1,13030,41.99358716707986,0.9999999999999973,4099.358716707997,,,2000,False,True,False,False,545.3763501644135
0.05,14.0,30,2,13030,37.08975738834636,0.9999999999999973,3608.9757388346457,,,2000,False,True,False,False,545.3763501644135
0.05,14.0,30,3,13030,37.10751018158818,0.9999999999999973,3610.751018158828,,,2000,False,True,False,False,545.3763501644135
0.05,14.0,30,4,13030,41.610960794343406,0.9999999999999973,4061.0960794343514,,,2000,False,True,False,False,545.3763501644135
0.05,14.0,30,5,13030,42.67599493497073,0.9999999999999973,4167.599493497084,,,2000,False,True,False,False,545.3763501644135
0.05,14.0,30,6,13030,37.10459437229209,0.9999999999999973,3610.459437229219,,,2000,False,True,False,False,545.3763501644135
0.05,14.0,30,7,13030,41.66406394279135,0.9999999999999973,4066.406394279146,,,2000,False,True,False,False,545.3763501644135
0.05,11.0,27,0,13027,29.329090913175374,1.0000000000000189,2832.9090913174823,,,2000,False,True,False,False,545.7440140247345
0.05,11.0,27,1,13027,29.196644296116744,1.0000000000000189,2819.664429611619,,,2000,False,True,False,False,545.7440140247345
0.05,11.0,27,2,13027,29.198958836423113,1.0000000000000189,2819.895883642256,,,2000,False,True,False,False,545.7440140247345
0.05,11.0,27,3,13027,29.2006614417368,1.0000000000000189,2820.0661441736247,,,2000,False,True,False,False,545.7440140247345
0.05,11.0,27,4,13027,29.195962041080325,1.0000000000000189,2819.5962041079774,,,2000,False,True,False,False,545.7440140247345
0.05,11.0,27,5,13027,29.28916197234103,1.0000000000000189,2828.916197234048,,,2000,False,True,False,False,545.7440140247345
0.05,11.0,27,6,13027,36.597749091721894,1.0000000000000189,3559.77490917212,,,2000,False,True,False,False,545.7440140247345
0.05,11.0,27,7,13027,29.1617263012326,1.0000000000000189,2816.172630123205,0.46632144820533616,0.6503171002910755,2000,False,True,False,True,545.7440140247345
0.05,15.0,31,0,13031,39.820109734473014,0.9999999999999432,3882.010973447528,,,2000,False,True,False,False,546.4274258613586
0.05,15.0,31,1,13031,39.77932008607278,0.9999999999999432,3877.932008607504,,,2000,False,True,False,False,546.4274258613586
0.05,15.0,31,2,13031,44.92480207541088,0.9999999999999432,4392.480207541344,,,2000,False,True,False,False,546.4274258613586
0.05,15.0,31,3,13031,39.73846145858212,0.9999999999999432,3873.8461458584384,,,2000,False,True,False,False,546.4274258613586
0.05,15.0,31,4,13031,39.726120583386084,0.9999999999999432,3872.6120583388342,0.4663376285343298,0.6500896237260966,2000,False,True,False,True,546.4274258613586
0.05,15.0,31,5,13031,44.925458692623735,0.9999999999999432,4392.545869262629,,,2000,False,True,False,False,546.4274258613586
0.05,15.0,31,6,13031,44.89510941236705,0.9999999999999432,4389.51094123696,,,2000,False,True,False,False,546.4274258613586
0.05,15.0,31,7,13031,39.81182507166032,0.9999999999999432,3881.1825071662583,,,2000,False,True,False,False,546.4274258613586
0.05,8.0,24,0,13024,21.264959541690523,1.0000000000000249,2026.4959541689993,0.4663422980109442,0.6503086175555742,2000,False,True,False,True,547.2425856590271
0.05,8.0,24,1,13024,23.889318517507636,1.0000000000000249,2288.9318517507045,,,2000,False,True,False,False,547.2425856590271
0.05,8.0,24,2,13024,21.376565093445226,1.0000000000000249,2037.6565093444692,,,2000,False,True,False,False,547.2425856590271
0.05,8.0,24,3,13024,21.355154891617158,1.0000000000000249,2035.5154891616628,,,2000,False,True,False,False,547.2425856590271
0.05,8.0,24,4,13024,24.21374638341573,1.0000000000000249,2321.374638341513,,,2000,False,True,False,False,547.2425856590271
0.05,8.0,24,5,13024,24.933307859260353,1.0000000000000249,2393.330785925973,,,2000,False,True,False,False,547.2425856590271
0.05,8.0,24,6,13024,21.373718027434414,1.0000000000000249,2037.3718027433881,,,2000,False,True,False,False,547.2425856590271
0.05,8.0,24,7,13024,45.96120289495687,1.0000000000000249,4496.120289495572,,,2000,False,True,False,False,547.2425856590271
0.05,13.0,29,0,13029,34.47272599311124,1.0000000000000213,3347.2725993110507,,,2000,False,True,False,False,547.5687851905823
0.05,13.0,29,1,13029,34.4937497709153,1.0000000000000213,3349.374977091457,,,2000,False,True,False,False,547.5687851905823
0.05,13.0,29,2,13029,34.547857804075896,1.0000000000000213,3354.7857804075156,,,2000,False,True,False,False,547.5687851905823
0.05,13.0,29,3,13029,34.51947015361685,1.0000000000000213,3351.947015361611,,,2000,False,True,False,False,547.5687851905823
0.05,13.0,29,4,13029,34.43878204766643,1.0000000000000213,3343.8782047665695,0.46632119597596966,0.6503405266430394,2000,False,True,False,True,547.5687851905823
0.05,13.0,29,5,13029,34.565405447101334,1.0000000000000213,3356.5405447100593,,,2000,False,True,False,False,547.5687851905823
0.05,13.0,29,6,13029,34.49369404254769,1.0000000000000213,3349.3694042546954,,,2000,False,True,False,False,547.5687851905823
0.05,13.0,29,7,13029,34.84982066528801,1.0000000000000213,3384.982066528726,,,2000,False,True,False,False,547.5687851905823
0.05,12.0,28,0,13028,31.834722216836354,1.0000000000000426,3083.4722216835,,,2000,False,True,False,False,547.8128561973572
0.05,12.0,28,1,13028,31.857201352389538,1.0000000000000426,3085.720135238818,,,2000,False,True,False,False,547.8128561973572
0.05,12.0,28,2,13028,35.69984577403061,1.0000000000000426,3469.9845774029086,,,2000,False,True,False,False,547.8128561973572
0.05,12.0,28,3,13028,36.02936897978173,1.0000000000000426,3502.9368979780193,,,2000,False,True,False,False,547.8128561973572
0.05,12.0,28,4,13028,31.83606084547694,1.0000000000000426,3083.606084547558,,,2000,False,True,False,False,547.8128561973572
0.05,12.0,28,5,13028,31.85669933628542,1.0000000000000426,3085.6699336284064,,,2000,False,True,False,False,547.8128561973572
0.05,12.0,28,6,13028,35.73368904863141,1.0000000000000426,3473.368904862989,,,2000,False,True,False,False,547.8128561973572
0.05,12.0,28,7,13028,31.82372827510609,1.0000000000000426,3082.3728275104736,0.4663204707775277,0.6505926117984243,2000,False,True,False,True,547.8128561973572
0.05,10.0,26,0,13026,30.107423894080505,0.9999999999999996,2910.742389408052,,,2000,False,True,False,False,548.156494140625
0.05,10.0,26,1,13026,26.57986114292539,0.9999999999999996,2557.98611429254,,,2000,False,True,False,False,548.156494140625
0.05,10.0,26,2,13026,26.65022450604793,0.9999999999999996,2565.022450604794,,,2000,False,True,False,False,548.156494140625
0.05,10.0,26,3,13026,62.465291576614234,0.9999999999999996,6146.529157661426,,,1991,True,False,False,False,548.156494140625
0.05,10.0,26,4,13026,26.545007181086323,0.9999999999999996,2554.5007181086335,0.4663387394831002,0.6502522954070422,2000,False,True,False,True,548.156494140625
0.05,10.0,26,5,13026,30.838699831333336,0.9999999999999996,2983.869983133335,,,2000,False,True,False,False,548.156494140625
0.05,10.0,26,6,13026,26.552427773424665,0.9999999999999996,2555.2427773424674,,,2000,False,True,False,False,548.156494140625
0.05,10.0,26,7,13026,30.84589348845345,0.9999999999999996,2984.589348845346,,,2000,False,True,False,False,548.156494140625
0.05,9.0,25,0,13025,23.920438265725863,0.9999999999999994,2292.043826572588,,,2000,False,True,False,False,549.5342063903809
0.05,9.0,25,1,13025,23.918310586872852,0.9999999999999994,2291.8310586872867,,,2000,False,True,False,False,549.5342063903809
0.05,9.0,25,2,13025,27.186833686107253,0.9999999999999994,2618.6833686107266,,,2000,False,True,False,False,549.5342063903809
0.05,9.0,25,3,13025,26.841991269410748,0.9999999999999994,2584.1991269410764,,,2000,False,True,False,False,549.5342063903809
0.05,9.0,25,4,13025,27.886494124461322,0.9999999999999994,2688.6494124461337,,,2000,False,True,False,False,549.5342063903809
0.05,9.0,25,5,13025,27.164307965796993,0.9999999999999994,2616.4307965797007,,,2000,False,True,False,False,549.5342063903809
0.05,9.0,25,6,13025,23.90318089120727,0.9999999999999994,2290.3180891207285,0.4663435188805554,0.6503062017121587,2000,False,True,False,True,549.5342063903809
0.05,9.0,25,7,13025,27.191819031231724,0.9999999999999994,2619.181903123174,,,2000,False,True,False,False,549.5342063903809
0.05,16.0,32,0,13032,47.928604473817565,0.9999999999999984,4692.860447381763,,,2000,False,True,False,False,518.3013646602631
0.05,16.0,32,1,13032,47.82019419709449,0.9999999999999984,4682.019419709456,,,2000,False,True,False,False,518.3013646602631
0.05,16.0,32,2,13032,42.3593228141324,0.9999999999999984,4135.9322814132465,,,2000,False,True,False,False,518.3013646602631
0.05,16.0,32,3,13032,42.41220353344242,0.9999999999999984,4141.220353344249,,,2000,False,True,False,False,518.3013646602631
0.05,16.0,32,4,13032,42.396435455397274,0.9999999999999984,4139.643545539734,,,2000,False,True,False,False,518.3013646602631
0.05,16.0,32,5,13032,42.355698202005655,0.9999999999999984,4135.5698202005715,0.4663390471297368,0.6501392827566305,2000,False,True,False,True,518.3013646602631
0.05,16.0,32,6,13032,47.84778559367716,0.9999999999999984,4684.778559367723,,,2000,False,True,False,False,518.3013646602631
0.05,16.0,32,7,13032,42.389071032768754,0.9999999999999984,4138.907103276882,,,2000,False,True,False,False,518.3013646602631
