p,K,K_index,lambda,n_CX,restart,seed,energy,E_exact,err_pct,n_iter,converged,hit_maxiter,diverged,is_best,cell_time_s
0.005,-16.0,0,1,20,0,20001,-374.7827437009777,-382.9999999999999,2.145497728204233,2000,False,True,False,False,379.7613182067871
0.005,-16.0,0,1,20,1,20001,-374.1261786848286,-382.9999999999999,2.3169246253711004,2000,False,True,False,False,379.7613182067871
0.005,-16.0,0,1,20,2,20001,-374.87473324735566,-382.9999999999999,2.1214795698809987,2000,False,True,False,False,379.7613182067871
0.005,-16.0,0,1,20,3,20001,-375.01143449010203,-382.9999999999999,2.085787339398918,2000,False,True,False,False,379.7613182067871
0.005,-16.0,0,1,20,4,20001,-374.3480842535396,-382.9999999999999,2.2589858345849363,2000,False,True,False,False,379.7613182067871
0.005,-16.0,0,1,20,5,20001,-374.3665618449475,-382.9999999999999,2.254161398185999,2000,False,True,False,False,379.7613182067871
0.005,-16.0,0,1,20,6,20001,-374.846089401248,-382.9999999999999,2.1289583808751718,2000,False,True,False,False,379.7613182067871
0.005,-16.0,0,1,20,7,20001,-375.0143343126099,-382.9999999999999,2.085030205584856,2000,False,True,False,True,379.7613182067871
0.005,-15.0,1,1,20,0,20011,-352.2536933697659,-358.99999999999966,1.8791940474188689,2000,False,True,False,True,380.25195264816284
0.005,-15.0,1,1,20,1,20011,-351.89260912119374,-358.99999999999966,1.979774618051789,2000,False,True,False,False,380.25195264816284
0.005,-15.0,1,1,20,2,20011,-351.48031166059775,-358.99999999999966,2.094620707354294,2000,False,True,False,False,380.25195264816284
0.005,-15.0,1,1,20,3,20011,-350.6944867547462,-358.99999999999966,2.3135134387892644,2000,False,True,False,False,380.25195264816284
0.005,-15.0,1,1,20,4,20011,-351.6907219440001,-358.99999999999966,2.036010600556989,2000,False,True,False,False,380.25195264816284
0.005,-15.0,1,1,20,5,20011,-352.0044694076647,-358.99999999999966,1.9486157638816017,2000,False,True,False,False,380.25195264816284
0.005,-15.0,1,1,20,6,20011,-351.58452580630444,-358.99999999999966,2.0655916974081405,2000,False,True,False,False,380.25195264816284
0.005,-15.0,1,1,20,7,20011,-350.98588123808514,-358.99999999999966,2.2323450590291154,2000,False,True,False,False,380.25195264816284
0.005,-14.0,2,1,20,0,20021,-327.930353737378,-335.0000000000001,2.110342167946891,2000,False,True,False,False,381.42039799690247
0.005,-14.0,2,1,20,1,20021,-328.20364956680095,-335.0000000000001,2.0287613233430335,2000,False,True,False,False,381.42039799690247
0.005,-14.0,2,1,20,2,20021,-327.7870555547093,-335.0000000000001,2.1531177448629295,2000,False,True,False,False,381.42039799690247
0.005,-14.0,2,1,20,3,20021,-328.05644394801845,-335.0000000000001,2.0727032990990018,2000,False,True,False,False,381.42039799690247
0.005,-14.0,2,1,20,4,20021,-327.530323402507,-335.0000000000001,2.2297542082068964,2000,False,True,False,False,381.42039799690247
0.005,-14.0,2,1,20,5,20021,-328.30248660378504,-335.0000000000001,1.9992577302134538,2000,False,True,False,False,381.42039799690247
0.005,-14.0,2,1,20,6,20021,-328.615790189079,-335.0000000000001,1.9057342719167476,2000,False,True,False,True,381.42039799690247
0.005,-14.0,2,1,20,7,20021,-327.85477134944705,-335.0000000000001,2.132904074791959,2000,False,True,False,False,381.42039799690247
0.005,-12.0,4,1,20,0,20041,-281.1367609633132,-286.9999999999998,2.0429404309012535,2000,False,True,False,False,388.3203070163727
0.005,-12.0,4,1,20,1,20041,-281.0134209587339,-286.9999999999998,2.085916042252923,2000,False,True,False,False,388.3203070163727
0.005,-12.0,4,1,20,2,20041,-281.5574974542379,-286.9999999999998,1.8963423504396868,2000,False,True,False,False,388.3203070163727
0.005,-12.0,4,1,20,3,20041,-280.5452959415086,-286.9999999999998,2.2490258043523323,2000,False,True,False,False,388.3203070163727
0.005,-12.0,4,1,20,4,20041,-281.1020589780001,-286.9999999999998,2.0550317149824604,2000,False,True,False,False,388.3203070163727
0.005,-12.0,4,1,20,5,20041,-280.92533355778556,-286.9999999999998,2.1166085164509454,2000,False,True,False,False,388.3203070163727
0.005,-12.0,4,1,20,6,20041,-280.9643603753091,-286.9999999999998,2.103010322191864,2000,False,True,False,False,388.3203070163727
0.005,-12.0,4,1,20,7,20041,-281.5893831175004,-286.9999999999998,1.8852323632401995,2000,False,True,False,True,388.3203070163727
0.005,-10.0,6,1,20,0,20061,-233.67977559951325,-239.00000000000006,2.226035314011216,2000,False,True,False,False,388.2485899925232
0.005,-10.0,6,1,20,1,20061,-234.24656649582786,-239.00000000000006,1.9888843113691181,2000,False,True,False,False,388.2485899925232
0.005,-10.0,6,1,20,2,20061,-233.7811653585903,-239.00000000000006,2.1836128206735377,2000,False,True,False,False,388.2485899925232
0.005,-10.0,6,1,20,3,20061,-234.27179799136587,-239.00000000000006,1.9783272002653487,2000,False,True,False,False,388.2485899925232
0.005,-10.0,6,1,20,4,20061,-233.6378319336953,-239.00000000000006,2.243584964981065,2000,False,True,False,False,388.2485899925232
0.005,-10.0,6,1,20,5,20061,-233.93887585914675,-239.00000000000006,2.117625163536949,2000,False,True,False,False,388.2485899925232
0.005,-10.0,6,1,20,6,20061,-233.9917555167068,-239.00000000000006,2.0954997838047085,2000,False,True,False,False,388.2485899925232
0.005,-10.0,6,1,20,7,20061,-234.29651352555055,-239.00000000000006,1.9679859725730144,2000,False,True,False,True,388.2485899925232
0.005,-11.0,5,1,20,0,20051,-257.2408383944222,-262.9999999999997,2.1897952872918287,2000,False,True,False,False,390.09290409088135
0.005,-11.0,5,1,20,1,20051,-257.07792407163805,-262.9999999999997,2.2517398967154643,2000,False,True,False,False,390.09290409088135
0.005,-11.0,5,1,20,2,20051,-257.23527655545394,-262.9999999999997,2.191910054960375,2000,False,True,False,False,390.09290409088135
0.005,-11.0,5,1,20,3,20051,-256.86718188333344,-262.9999999999997,2.331870006336988,2000,False,True,False,False,390.09290409088135
0.005,-11.0,5,1,20,4,20051,-257.77430620186504,-262.9999999999997,1.9869558167812458,2000,False,True,False,False,390.09290409088135
0.005,-11.0,5,1,20,5,20051,-257.1493159558186,-262.9999999999997,2.224594693604981,2000,False,True,False,False,390.09290409088135
0.005,-11.0,5,1,20,6,20051,-257.87398033634656,-262.9999999999997,1.9490569063319994,2000,False,True,False,True,390.09290409088135
0.005,-11.0,5,1,20,7,20051,-256.58951917137347,-262.9999999999997,2.437445181987169,2000,False,True,False,False,390.09290409088135
0.005,-13.0,3,1,20,0,20031,-305.09056718376735,-311.0,1.9001391692066403,2000,False,True,False,False,397.2034606933594
0.005,-13.0,3,1,20,1,20031,-304.57459355912266,-311.0,2.0660470870988226,2000,False,True,False,False,397.2034606933594
0.005,-13.0,3,1,20,2,20031,-305.0554391342275,-311.0,1.911434361984718,2000,False,True,False,False,397.2034606933594
0.005,-13.0,3,1,20,3,20031,-304.74486714968106,-311.0,2.0112967364369596,2000,False,True,False,False,397.2034606933594
0.005,-13.0,3,1,20,4,20031,-304.0633407516093,-311.0,2.2304370573603527,2000,False,True,False,False,397.2034606933594
0.005,-13.0,3,1,20,5,20031,-304.5774375646992,-311.0,2.0651326158523444,2000,False,True,False,False,397.2034606933594
0.005,-13.0,3,1,20,6,20031,-305.250461015703,-311.0,1.8487263615102816,2000,False,True,False,True,397.2034606933594
0.005,-13.0,3,1,20,7,20031,-304.49834633431334,-311.0,2.0905638796420134,2000,False,True,False,False,397.2034606933594
0.005,-14.0,2,2,40,0,20022,-325.62203046369353,-335.0000000000001,2.799393891434799,2000,False,True,False,False,433.7858033180237
0.005,-14.0,2,2,40,1,20022,-325.6171637106194,-335.0000000000001,2.800846653546474,2000,False,True,False,False,433.7858033180237
0.005,-14.0,2,2,40,2,20022,-325.54592550238334,-335.0000000000001,2.822111790333364,2000,False,True,False,False,433.7858033180237
0.005,-14.0,2,2,40,3,20022,-325.64158158633035,-335.0000000000001,2.79355773542381,2000,False,True,False,True,433.7858033180237
0.005,-14.0,2,2,40,4,20022,-324.16597365052684,-335.0000000000001,3.2340377162606786,2000,False,True,False,False,433.7858033180237
0.005,-14.0,2,2,40,5,20022,-321.364340093805,-335.0000000000001,4.070346240655249,2000,False,True,False,False,433.7858033180237
0.005,-14.0,2,2,40,6,20022,-321.17512072210604,-335.0000000000001,4.126829635192259,2000,False,True,False,False,433.7858033180237
0.005,-14.0,2,2,40,7,20022,-321.8750303326262,-335.0000000000001,3.9179013932459483,2000,False,True,False,False,433.7858033180237
0.005,-15.0,1,2,40,0,20012,-343.99696105851274,-358.99999999999966,4.179119482308338,2000,False,True,False,False,434.65776801109314
0.005,-15.0,1,2,40,1,20012,-344.93785704232647,-358.99999999999966,3.917031464532925,2000,False,True,False,False,434.65776801109314
0.005,-15.0,1,2,40,2,20012,-346.0268862540403,-358.99999999999966,3.6136807091808896,2000,False,True,False,False,434.65776801109314
0.005,-15.0,1,2,40,3,20012,-348.02408827090983,-358.99999999999966,3.057357027601627,2000,False,True,False,True,434.65776801109314
0.005,-15.0,1,2,40,4,20012,-346.1589189666314,-358.99999999999966,3.576902794810102,2000,False,True,False,False,434.65776801109314
0.005,-15.0,1,2,40,5,20012,-346.06030788923994,-358.99999999999966,3.6043710614929623,2000,False,True,False,False,434.65776801109314
0.005,-15.0,1,2,40,6,20012,-345.7512103081949,-358.99999999999966,3.6904706662408797,2000,False,True,False,False,434.65776801109314
0.005,-15.0,1,2,40,7,20012,-345.8212879220352,-358.99999999999966,3.670950439544422,2000,False,True,False,False,434.65776801109314
0.005,-16.0,0,2,40,0,20002,-372.1081727454888,-382.9999999999999,2.8438191265042043,2000,False,True,False,True,435.2728955745697
0.005,-16.0,0,2,40,1,20002,-368.9973676221255,-382.9999999999999,3.6560397853457873,2000,False,True,False,False,435.2728955745697
0.005,-16.0,0,2,40,2,20002,-371.641126646399,-382.9999999999999,2.965763277702578,2000,False,True,False,False,435.2728955745697
0.005,-16.0,0,2,40,3,20002,-367.2588330114384,-382.9999999999999,4.109965271164877,2000,False,True,False,False,435.2728955745697
0.005,-16.0,0,2,40,4,20002,-367.95554924901876,-382.9999999999999,3.928055026365831,2000,False,True,False,False,435.2728955745697
0.005,-16.0,0,2,40,5,20002,-369.4673149408133,-382.9999999999999,3.5333381355578535,2000,False,True,False,False,435.2728955745697
0.005,-16.0,0,2,40,6,20002,-369.5206191777637,-382.9999999999999,3.519420580218325,2000,False,True,False,False,435.2728955745697
0.005,-16.0,0,2,40,7,20002,-369.098974435387,-382.9999999999999,3.6295105912827412,2000,False,True,False,False,435.2728955745697
0.005,-11.0,5,2,40,0,20052,-252.43963642890728,-262.9999999999997,4.015347365434391,2000,False,True,False,False,443.61963081359863
0.005,-11.0,5,2,40,1,20052,-252.47495784450524,-262.9999999999997,4.001917169389539,2000,False,True,False,False,443.61963081359863
0.005,-11.0,5,2,40,2,20052,-253.73230794462458,-262.9999999999997,3.523837283412603,2000,False,True,False,False,443.61963081359863
0.005,-11.0,5,2,40,3,20052,-252.33122582000502,-262.9999999999997,4.056568129275555,2000,False,True,False,False,443.61963081359863
0.005,-11.0,5,2,40,4,20052,-255.79165555074923,-262.9999999999997,2.740815379943155,2000,False,True,False,False,443.61963081359863
0.005,-11.0,5,2,40,5,20052,-255.84871303277458,-262.9999999999997,2.7191205198574675,2000,False,True,False,True,443.61963081359863
0.005,-11.0,5,2,40,6,20052,-255.1629279519828,-262.9999999999997,2.97987530342849,2000,False,True,False,False,443.61963081359863
0.005,-11.0,5,2,40,7,20052,-252.00340978939852,-262.9999999999997,4.1812130078331595,2000,False,True,False,False,443.61963081359863
0.005,-12.0,4,2,40,0,20042,-276.8125342959451,-286.9999999999998,3.549639618137515,2000,False,True,False,False,444.90268445014954
0.005,-12.0,4,2,40,1,20042,-278.9826321698958,-286.9999999999998,2.7935079547400643,2000,False,True,False,True,444.90268445014954
0.005,-12.0,4,2,40,2,20042,-275.4650967997696,-286.9999999999998,4.019130034923414,2000,False,True,False,False,444.90268445014954
0.005,-12.0,4,2,40,3,20042,-276.7850989423292,-286.9999999999998,3.559198974798102,2000,False,True,False,False,444.90268445014954
0.005,-12.0,4,2,40,4,20042,-278.95715417092333,-286.9999999999998,2.802385306298414,2000,False,True,False,False,444.90268445014954
0.005,-12.0,4,2,40,5,20042,-274.9979602397054,-286.9999999999998,4.181895386862162,2000,False,True,False,False,444.90268445014954
0.005,-12.0,4,2,40,6,20042,-275.84687654990626,-286.9999999999998,3.8861057317399044,2000,False,True,False,False,444.90268445014954
0.005,-12.0,4,2,40,7,20042,-275.44856728113837,-286.9999999999998,4.024889449080633,2000,False,True,False,False,444.90268445014954
0.005,-13.0,3,2,40,0,20032,-300.05735068853295,-311.0,3.51853675609873,2000,False,True,False,False,445.2398953437805
0.005,-13.0,3,2,40,1,20032,-300.91007361624025,-311.0,3.244349319536896,2000,False,True,False,False,445.2398953437805
0.005,-13.0,3,2,40,2,20032,-298.33818456285746,-311.0,4.071323291685703,2000,False,True,False,False,445.2398953437805
0.005,-13.0,3,2,40,3,20032,-298.38903305890676,-311.0,4.054973292956025,2000,False,True,False,False,445.2398953437805
0.005,-13.0,3,2,40,4,20032,-299.7480977729393,-311.0,3.6179749926240277,2000,False,True,False,False,445.2398953437805
0.005,-13.0,3,2,40,5,20032,-298.3782230435275,-311.0,4.058449182145499,2000,False,True,False,False,445.2398953437805
0.005,-13.0,3,2,40,6,20032,-300.01660169356165,-311.0,3.5316393268290502,2000,False,True,False,False,445.2398953437805
0.005,-13.0,3,2,40,7,20032,-301.56946823271886,-311.0,3.0323253271000445,2000,False,True,False,True,445.2398953437805
0.005,-10.0,6,2,40,0,20062,-229.49250290302405,-239.00000000000006,3.978032258148957,2000,False,True,False,False,445.527583360672
0.005,-10.0,6,2,40,1,20062,-230.55363746872314,-239.00000000000006,3.5340429001158644,2000,False,True,False,False,445.527583360672
0.005,-10.0,6,2,40,2,20062,-229.52617593328173,-239.00000000000006,3.9639431241499246,2000,False,True,False,False,445.527583360672
0.005,-10.0,6,2,40,3,20062,-229.6587561645356,-239.00000000000006,3.9084702240437093,2000,False,True,False,False,445.527583360672
0.005,-10.0,6,2,40,4,20062,-230.56988867371584,-239.00000000000006,3.527243232754903,2000,False,True,False,False,445.527583360672
0.005,-10.0,6,2,40,5,20062,-232.5269691964518,-239.00000000000006,2.7083810893507336,2000,False,True,False,True,445.527583360672
0.005,-10.0,6,2,40,6,20062,-229.48777798985898,-239.00000000000006,3.980009209264047,2000,False,True,False,False,445.527583360672
0.005,-10.0,6,2,40,7,20062,-230.3247285761668,-239.00000000000006,3.629820679428144,2000,False,True,False,False,445.527583360672
0.005,-16.0,0,3,60,0,20003,-365.9050545630676,-382.9999999999999,4.4634322289640425,2000,False,True,False,False,487.2525465488434
0.005,-16.0,0,3,60,1,20003,-365.9232528805447,-382.9999999999999,4.458680710040525,2000,False,True,False,True,487.2525465488434
0.005,-16.0,0,3,60,2,20003,-363.7952727631584,-382.9999999999999,5.0142890957810735,2000,False,True,False,False,487.2525465488434
0.005,-16.0,0,3,60,3,20003,-364.23803151466194,-382.9999999999999,4.898686288599987,2000,False,True,False,False,487.2525465488434
0.005,-16.0,0,3,60,4,20003,-365.32502913309054,-382.9999999999999,4.614874899976332,2000,False,True,False,False,487.2525465488434
0.005,-16.0,0,3,60,5,20003,-364.2425635285191,-382.9999999999999,4.897502995164698,2000,False,True,False,False,487.2525465488434
0.005,-16.0,0,3,60,6,20003,-361.728507845262,-382.9999999999999,5.55391440071485,2000,False,True,False,False,487.2525465488434
0.005,-16.0,0,3,60,7,20003,-362.18771067894255,-382.9999999999999,5.4340180994927785,2000,False,True,False,False,487.2525465488434
0.005,-15.0,1,3,60,0,20013,-341.1761168209491,-358.99999999999966,4.964869966309347,2000,False,True,False,False,487.34631752967834
0.005,-15.0,1,3,60,1,20013,-343.0555268160007,-358.99999999999966,4.441357432868801,2000,False,True,False,True,487.34631752967834
0.005,-15.0,1,3,60,2,20013,-341.46687228861117,-358.99999999999966,4.883879585344987,2000,False,True,False,False,487.34631752967834
0.005,-15.0,1,3,60,3,20013,-341.48235554445387,-358.99999999999966,4.879566700709139,2000,False,True,False,False,487.34631752967834
0.005,-15.0,1,3,60,4,20013,-342.95473121506393,-358.99999999999966,4.469434201931962,2000,False,True,False,False,487.34631752967834
0.005,-15.0,1,3,60,5,20013,-339.67511865344704,-358.99999999999966,5.382975305446417,2000,False,True,False,False,487.34631752967834
0.005,-15.0,1,3,60,6,20013,-341.49495756022185,-358.99999999999966,4.876056389910258,2000,False,True,False,False,487.34631752967834
0.005,-15.0,1,3,60,7,20013,-341.05942130911706,-358.99999999999966,4.997375679911594,2000,False,True,False,False,487.34631752967834
0.005,-14.0,2,3,60,0,20023,-319.72094854408914,-335.0000000000001,4.560910882361483,2000,False,True,False,False,489.9839496612549
0.005,-14.0,2,3,60,1,20023,-318.48671121819524,-335.0000000000001,4.929339934867126,2000,False,True,False,False,489.9839496612549
0.005,-14.0,2,3,60,2,20023,-319.90897753023984,-335.0000000000001,4.50478282679411,2000,False,True,False,False,489.9839496612549
0.005,-14.0,2,3,60,3,20023,-319.71588389010816,-335.0000000000001,4.562422719370731,2000,False,True,False,False,489.9839496612549
0.005,-14.0,2,3,60,4,20023,-317.61341258307823,-335.0000000000001,5.190026094603546,2000,False,True,False,False,489.9839496612549
0.005,-14.0,2,3,60,5,20023,-318.1712506848794,-335.0000000000001,5.0235072582449884,2000,False,True,False,False,489.9839496612549
0.005,-14.0,2,3,60,6,20023,-319.9169127823157,-335.0000000000001,4.502414094831165,2000,False,True,False,True,489.9839496612549
0.005,-14.0,2,3,60,7,20023,-317.739226582466,-335.0000000000001,5.152469676875848,2000,False,True,False,False,489.9839496612549
0.005,-12.0,4,3,60,0,20043,-274.4590318159423,-286.9999999999998,4.36967532545557,2000,False,True,False,True,498.4258635044098
0.005,-12.0,4,3,60,1,20043,-272.99623827556667,-286.9999999999998,4.879359485865197,2000,False,True,False,False,498.4258635044098
0.005,-12.0,4,3,60,2,20043,-271.2116291449673,-286.9999999999998,5.50117451394861,2000,False,True,False,False,498.4258635044098
0.005,-12.0,4,3,60,3,20043,-272.64812832868495,-286.9999999999998,5.000652150283915,2000,False,True,False,False,498.4258635044098
0.005,-12.0,4,3,60,4,20043,-270.6777162712265,-286.9999999999998,5.6872068741370425,2000,False,True,False,False,498.4258635044098
0.005,-12.0,4,3,60,5,20043,-273.2171684617461,-286.9999999999998,4.80238032691766,2000,False,True,False,False,498.4258635044098
0.005,-12.0,4,3,60,6,20043,-273.21753859760014,-286.9999999999998,4.80225135972113,2000,False,True,False,False,498.4258635044098
0.005,-12.0,4,3,60,7,20043,-273.0163760214405,-286.9999999999998,4.872342849672217,2000,False,True,False,False,498.4258635044098
0.005,-11.0,5,3,60,0,20053,-250.45268665905607,-262.9999999999997,4.770841574503293,2000,False,True,False,False,500.50738501548767
0.005,-11.0,5,3,60,1,20053,-251.6193577386343,-262.9999999999997,4.327240403560997,2000,False,True,False,True,500.50738501548767
0.005,-11.0,5,3,60,2,20053,-250.4594291664879,-262.9999999999997,4.7682778834645765,2000,False,True,False,False,500.50738501548767
0.005,-11.0,5,3,60,3,20053,-249.77973007613193,-262.9999999999997,5.026718602231104,2000,False,True,False,False,500.50738501548767
0.005,-11.0,5,3,60,4,20053,-250.4594825867012,-262.9999999999997,4.7682575715964,2000,False,True,False,False,500.50738501548767
0.005,-11.0,5,3,60,5,20053,-249.6107822334639,-262.9999999999997,5.09095732567902,2000,False,True,False,False,500.50738501548767
0.005,-11.0,5,3,60,6,20053,-251.6073701587181,-262.9999999999997,4.331798418738257,2000,False,True,False,False,500.50738501548767
0.005,-11.0,5,3,60,7,20053,-250.52329273896302,-262.9999999999997,4.743995156287721,2000,False,True,False,False,500.50738501548767
0.005,-13.0,3,3,60,0,20033,-294.32513301723503,-311.0,5.361693563590022,2000,False,True,False,False,501.3105239868164
0.005,-13.0,3,3,60,1,20033,-296.32411561479796,-311.0,4.718933885917054,2000,False,True,False,False,501.3105239868164
0.005,-13.0,3,3,60,2,20033,-297.30732867313696,-311.0,4.402788207994545,2000,False,True,False,True,501.3105239868164
0.005,-13.0,3,3,60,3,20033,-295.9713033567001,-311.0,4.832378341897072,2000,False,True,False,False,501.3105239868164
0.005,-13.0,3,3,60,4,20033,-294.35763235041276,-311.0,5.351243617230625,2000,False,True,False,False,501.3105239868164
0.005,-13.0,3,3,60,5,20033,-295.4680805308162,-311.0,4.9941863244963915,2000,False,True,False,False,501.3105239868164
0.005,-13.0,3,3,60,6,20033,-296.78679176343917,-311.0,4.570163420116023,2000,False,True,False,False,501.3105239868164
0.005,-13.0,3,3,60,7,20033,-297.2196114102262,-311.0,4.430993115682892,2000,False,True,False,False,501.3105239868164
0.005,-9.0,7,1,20,0,20071,-210.78813763162483,-214.99999999999991,1.9590057527325961,2000,False,True,False,False,385.99230122566223
0.005,-9.0,7,1,20,1,20071,-210.80678580137698,-214.99999999999991,1.9503321854060192,2000,False,True,False,False,385.99230122566223
0.005,-9.0,7,1,20,2,20071,-210.24698402931563,-214.99999999999991,2.210705102643856,2000,False,True,False,False,385.99230122566223
0.005,-9.0,7,1,20,3,20071,-210.8108283556618,-214.99999999999991,1.9484519275991183,2000,False,True,False,False,385.99230122566223
0.005,-9.0,7,1,20,4,20071,-210.71882264990154,-214.99999999999991,1.991245279115524,2000,False,True,False,False,385.99230122566223
0.005,-9.0,7,1,20,5,20071,-210.8081593485366,-214.99999999999991,1.949693326262005,2000,False,True,False,False,385.99230122566223
0.005,-9.0,7,1,20,6,20071,-211.00152860828686,-214.99999999999991,1.8597541356804907,2000,False,True,False,True,385.99230122566223
0.005,-9.0,7,1,20,7,20071,-210.99785692922043,-214.99999999999991,1.8614618933858063,2000,False,True,False,False,385.99230122566223
0.005,-8.0,8,1,20,0,20081,-187.3718502936677,-190.9999999999999,1.8995548200692058,2000,False,True,False,False,396.90340304374695
0.005,-8.0,8,1,20,1,20081,-187.1912927938393,-190.9999999999999,1.9940875424924571,2000,False,True,False,False,396.90340304374695
0.005,-8.0,8,1,20,2,20081,-187.3051099493346,-190.9999999999999,1.9344974087252855,2000,False,True,False,False,396.90340304374695
0.005,-8.0,8,1,20,3,20081,-187.1866315575218,-190.9999999999999,1.9965279803550242,2000,False,True,False,False,396.90340304374695
0.005,-8.0,8,1,20,4,20081,-186.676788061158,-190.9999999999999,2.2634617480847625,2000,False,True,False,False,396.90340304374695
0.005,-8.0,8,1,20,5,20081,-187.61251271518503,-190.9999999999999,1.7735535522590864,2000,False,True,False,True,396.90340304374695
0.005,-8.0,8,1,20,6,20081,-186.9730604127558,-190.9999999999999,2.1083453336356412,2000,False,True,False,False,396.90340304374695
0.005,-8.0,8,1,20,7,20081,-186.4355463891378,-190.9999999999999,2.3897662884094646,2000,False,True,False,False,396.90340304374695
0.005,-7.0,9,1,20,0,20091,-163.83248678540943,-167.00000000000009,1.8967144997548826,2000,False,True,False,True,380.03768134117126
0.005,-7.0,9,1,20,1,20091,-163.43158541498616,-167.00000000000009,2.13677520060714,2000,False,True,False,False,380.03768134117126
0.005,-7.0,9,1,20,2,20091,-163.83199767475904,-167.00000000000009,1.89700738038386,2000,False,True,False,False,380.03768134117126
0.005,-7.0,9,1,20,3,20091,-163.82797271976892,-167.00000000000009,1.8994175330725516,2000,False,True,False,False,380.03768134117126
0.005,-7.0,9,1,20,4,20091,-163.61532248742924,-167.00000000000009,2.026753001539428,2000,False,True,False,False,380.03768134117126
0.005,-7.0,9,1,20,5,20091,-163.26982737297143,-167.00000000000009,2.2336363036099693,2000,False,True,False,False,380.03768134117126
0.005,-7.0,9,1,20,6,20091,-163.46726696461158,-167.00000000000009,2.1154090032266475,2000,False,True,False,False,380.03768134117126
0.005,-7.0,9,1,20,7,20091,-163.709602622237,-167.00000000000009,1.9702978309958499,2000,False,True,False,False,380.03768134117126
0.005,-9.0,7,2,40,0,20072,-206.6771708426702,-214.99999999999991,3.8710833289905695,2000,False,True,False,False,438.4000027179718
0.005,-9.0,7,2,40,1,20072,-205.93083168938912,-214.99999999999991,4.218217818888742,2000,False,True,False,False,438.4000027179718
0.005,-9.0,7,2,40,2,20072,-209.3182515251278,-214.99999999999991,2.642673709242842,2000,False,True,False,False,438.4000027179718
0.005,-9.0,7,2,40,3,20072,-209.32813838313564,-214.99999999999991,2.6380751706345484,2000,False,True,False,False,438.4000027179718
0.005,-9.0,7,2,40,4,20072,-207.2809996264606,-214.99999999999991,3.590232731878747,2000,False,True,False,False,438.4000027179718
0.005,-9.0,7,2,40,5,20072,-206.92421674505587,-214.99999999999991,3.7561782581135095,2000,False,True,False,False,438.4000027179718
0.005,-9.0,7,2,40,6,20072,-209.32873012176103,-214.99999999999991,2.637799943366926,2000,False,True,False,True,438.4000027179718
0.005,-9.0,7,2,40,7,20072,-205.9870399992553,-214.99999999999991,4.192074418950984,2000,False,True,False,False,438.4000027179718
0.005,-6.0,10,1,20,0,20101,-140.13521258696417,-143.00000000000028,2.0033478412839902,2000,False,True,False,False,385.76842308044434
0.005,-6.0,10,1,20,1,20101,-140.32060641411195,-143.00000000000028,1.873701808313517,2000,False,True,False,False,385.76842308044434
0.005,-6.0,10,1,20,2,20101,-140.2533500128638,-143.00000000000028,1.9207342567388024,2000,False,True,False,False,385.76842308044434
0.005,-6.0,10,1,20,3,20101,-140.31551103966797,-143.00000000000028,1.8772650072253927,2000,False,True,False,False,385.76842308044434
0.005,-6.0,10,1,20,4,20101,-140.5782039616451,-143.00000000000028,1.6935636631854392,2000,False,True,False,True,385.76842308044434
0.005,-6.0,10,1,20,5,20101,-140.3445878741898,-143.00000000000028,1.8569315565108153,2000,False,True,False,False,385.76842308044434
0.005,-6.0,10,1,20,6,20101,-139.83028878963765,-143.00000000000028,2.2165812659878523,2000,False,True,False,False,385.76842308044434
0.005,-6.0,10,1,20,7,20101,-140.18607790837078,-143.00000000000028,1.967777686454197,2000,False,True,False,False,385.76842308044434
0.005,-5.0,11,1,20,0,20111,-119.88879963859107,-123.56603968487643,2.9759309723474363,2000,False,True,False,False,390.06501817703247
0.005,-5.0,11,1,20,1,20111,-116.75742332555868,-123.56603968487643,5.510103242510148,2000,False,True,False,False,390.06501817703247
0.005,-5.0,11,1,20,2,20111,-117.38733346502539,-123.56603968487643,5.00032714134745,2000,False,True,False,False,390.06501817703247
0.005,-5.0,11,1,20,3,20111,-116.85094710394802,-123.56603968487643,5.434415959314986,2000,False,True,False,False,390.06501817703247
0.005,-5.0,11,1,20,4,20111,-116.83359502086579,-123.56603968487643,5.448458719871593,2000,False,True,False,False,390.06501817703247
0.005,-5.0,11,1,20,5,20111,-116.8002675481073,-123.56603968487643,5.475430105248578,2000,False,True,False,False,390.06501817703247
0.005,-5.0,11,1,20,6,20111,-119.9783198471014,-123.56603968487643,2.903483713587154,2000,False,True,False,True,390.06501817703247
0.005,-5.0,11,1,20,7,20111,-116.5578143272677,-123.56603968487643,5.671643580616008,2000,False,True,False,False,390.06501817703247
0.005,-8.0,8,2,40,0,20082,-184.49707846066173,-190.9999999999999,3.404670963004275,2000,False,True,False,False,446.6879515647888
0.005,-8.0,8,2,40,1,20082,-184.31689743149852,-190.9999999999999,3.499006580367211,2000,False,True,False,False,446.6879515647888
0.005,-8.0,8,2,40,2,20082,-184.4210681721967,-190.9999999999999,3.444466925551409,2000,False,True,False,False,446.6879515647888
0.005,-8.0,8,2,40,3,20082,-183.53934230037225,-190.9999999999999,3.9061035076584485,2000,False,True,False,False,446.6879515647888
0.005,-8.0,8,2,40,4,20082,-186.05546435092808,-190.9999999999999,2.5887621199328863,2000,False,True,False,True,446.6879515647888
0.005,-8.0,8,2,40,5,20082,-185.491788200992,-190.9999999999999,2.8838805230407774,2000,False,True,False,False,446.6879515647888
0.005,-8.0,8,2,40,6,20082,-184.35828809195658,-190.9999999999999,3.477336077509586,2000,False,True,False,False,446.6879515647888
0.005,-8.0,8,2,40,7,20082,-184.45952836736936,-190.9999999999999,3.4243306977123202,2000,False,True,False,False,446.6879515647888
0.005,-7.0,9,2,40,0,20092,-162.80309174752142,-167.00000000000009,2.5131187140590794,2000,False,True,False,False,427.9275453090668
0.005,-7.0,9,2,40,1,20092,-160.594793654683,-167.00000000000009,3.835452901387473,2000,False,True,False,False,427.9275453090668
0.005,-7.0,9,2,40,2,20092,-161.40968453397198,-167.00000000000009,3.3474942910347893,2000,False,True,False,False,427.9275453090668
0.005,-7.0,9,2,40,3,20092,-160.59651921856874,-167.00000000000009,3.8344196295996036,2000,False,True,False,False,427.9275453090668
0.005,-7.0,9,2,40,4,20092,-162.26662499182206,-167.00000000000009,2.834356292322172,2000,False,True,False,False,427.9275453090668
0.005,-7.0,9,2,40,5,20092,-160.59259772856504,-167.00000000000009,3.836767827206613,2000,False,True,False,False,427.9275453090668
0.005,-7.0,9,2,40,6,20092,-162.8031130471876,-167.00000000000009,2.5131059597679575,2000,False,True,False,True,427.9275453090668
0.005,-7.0,9,2,40,7,20092,-162.802779069339,-167.00000000000009,2.5133059465036367,2000,False,True,False,False,427.9275453090668
0.005,-10.0,6,3,60,0,20063,-225.85386438144266,-239.00000000000006,5.500475154208114,2000,False,True,False,False,485.8841576576233
0.005,-10.0,6,3,60,1,20063,-226.32868425444593,-239.00000000000006,5.301805751277875,2000,False,True,False,False,485.8841576576233
0.005,-10.0,6,3,60,2,20063,-226.2588301278995,-239.00000000000006,5.331033419288935,2000,False,True,False,False,485.8841576576233
0.005,-10.0,6,3,60,3,20063,-228.7163576873638,-239.00000000000006,4.302779210308057,2000,False,True,False,False,485.8841576576233
0.005,-10.0,6,3,60,4,20063,-228.75430566095147,-239.00000000000006,4.286901397091456,2000,False,True,False,True,485.8841576576233
0.005,-10.0,6,3,60,5,20063,-227.59939890920535,-239.00000000000006,4.77012597941201,2000,False,True,False,False,485.8841576576233
0.005,-10.0,6,3,60,6,20063,-226.62211287742025,-239.00000000000006,5.179032268861842,2000,False,True,False,False,485.8841576576233
0.005,-10.0,6,3,60,7,20063,-228.297231041797,-239.00000000000006,4.478146007616338,2000,False,True,False,False,485.8841576576233
0.005,-4.0,12,1,20,0,20121,-103.92348782832039,-107.56603968487642,3.3863400263012204,2000,False,True,False,False,377.84554076194763
0.005,-4.0,12,1,20,1,20121,-102.35360277331334,-107.56603968487642,4.845801636681371,2000,False,True,False,False,377.84554076194763
0.005,-4.0,12,1,20,2,20121,-103.9754598790429,-107.56603968487642,3.338023614472015,2000,False,True,False,False,377.84554076194763
0.005,-4.0,12,1,20,3,20121,-103.92645935350697,-107.56603968487642,3.3835775138992705,2000,False,True,False,False,377.84554076194763
0.005,-4.0,12,1,20,4,20121,-97.24399530565778,-107.56603968487642,9.596006703842514,2000,False,True,False,False,377.84554076194763
0.005,-4.0,12,1,20,5,20121,-103.892440931131,-107.56603968487642,3.415203129637867,2000,False,True,False,False,377.84554076194763
0.005,-4.0,12,1,20,6,20121,-104.01207405987978,-107.56603968487642,3.303984822169033,2000,False,True,False,True,377.84554076194763
0.005,-4.0,12,1,20,7,20121,-103.89411960898062,-107.56603968487642,3.413642527560735,2000,False,True,False,False,377.84554076194763
0.005,-9.0,7,3,60,0,20073,-203.50581292256842,-214.99999999999991,5.346133524386742,2000,False,True,False,False,494.7316949367523
0.005,-9.0,7,3,60,1,20073,-203.46146875075283,-214.99999999999991,5.366758720580042,2000,False,True,False,False,494.7316949367523
0.005,-9.0,7,3,60,2,20073,-205.88387882732056,-214.99999999999991,4.24005635938575,2000,False,True,False,True,494.7316949367523
0.005,-9.0,7,3,60,3,20073,-203.36684308484192,-214.99999999999991,5.410770658213024,2000,False,True,False,False,494.7316949367523
0.005,-9.0,7,3,60,4,20073,-203.39744429548142,-214.99999999999991,5.396537536985348,2000,False,True,False,False,494.7316949367523
0.005,-9.0,7,3,60,5,20073,-203.4931781981009,-214.99999999999991,5.3520101404181455,2000,False,True,False,False,494.7316949367523
0.005,-9.0,7,3,60,6,20073,-204.3606980410669,-214.99999999999991,4.948512539038608,2000,False,True,False,False,494.7316949367523
0.005,-9.0,7,3,60,7,20073,-204.94224720097338,-214.99999999999991,4.6780245576867605,2000,False,True,False,False,494.7316949367523
0.005,-3.0,13,1,20,0,20131,-87.94522721764602,-91.56603968487632,3.9543180852762525,2000,False,True,False,False,382.4567096233368
0.005,-3.0,13,1,20,1,20131,-88.00799060800566,-91.56603968487632,3.8857736876200533,2000,False,True,False,False,382.4567096233368
0.005,-3.0,13,1,20,2,20131,-88.08333998473553,-91.56603968487632,3.803484034175185,2000,False,True,False,False,382.4567096233368
0.005,-3.0,13,1,20,3,20131,-88.09784973999915,-91.56603968487632,3.7876378150817827,2000,False,True,False,False,382.4567096233368
0.005,-3.0,13,1,20,4,20131,-88.10384411790707,-91.56603968487632,3.781091307306024,2000,False,True,False,True,382.4567096233368
0.005,-3.0,13,1,20,5,20131,-88.01595495042713,-91.56603968487632,3.87707576593546,2000,False,True,False,False,382.4567096233368
0.005,-3.0,13,1,20,6,20131,-87.94756326592957,-91.56603968487632,3.9517668683713905,2000,False,True,False,False,382.4567096233368
0.005,-3.0,13,1,20,7,20131,-87.98682624483354,-91.56603968487632,3.908887456922467,2000,False,True,False,False,382.4567096233368
0.005,-6.0,10,2,40,0,20102,-137.2614672752252,-143.00000000000028,4.012959947395165,2000,False,True,False,False,439.06407046318054
0.005,-6.0,10,2,40,1,20102,-137.6246797656332,-143.00000000000028,3.7589651988580908,2000,False,True,False,False,439.06407046318054
0.005,-6.0,10,2,40,2,20102,-138.66178837941894,-143.00000000000028,3.0337144199869504,2000,False,True,False,False,439.06407046318054
0.005,-6.0,10,2,40,3,20102,-138.2840161812052,-143.00000000000028,3.297890782374176,2000,False,True,False,False,439.06407046318054
0.005,-6.0,10,2,40,4,20102,-139.53990465787248,-143.00000000000028,2.4196470923970583,2000,False,True,False,True,439.06407046318054
0.005,-6.0,10,2,40,5,20102,-138.32676130940123,-143.00000000000028,3.267999084334993,2000,False,True,False,False,439.06407046318054
0.005,-6.0,10,2,40,6,20102,-137.19500095306108,-143.00000000000028,4.059439892964469,2000,False,True,False,False,439.06407046318054
0.005,-6.0,10,2,40,7,20102,-137.81366904042162,-143.00000000000028,3.626804866838223,2000,False,True,False,False,439.06407046318054
0.005,-8.0,8,3,60,0,20083,-182.1836146421995,-190.9999999999999,4.615908564293398,2000,False,True,False,False,498.6229176521301
0.005,-8.0,8,3,60,1,20083,-182.18375631628558,-190.9999999999999,4.61583438937922,2000,False,True,False,False,498.6229176521301
0.005,-8.0,8,3,60,2,20083,-182.18286247569358,-190.9999999999999,4.616302368746759,2000,False,True,False,False,498.6229176521301
0.005,-8.0,8,3,60,3,20083,-181.61454865398173,-190.9999999999999,4.913848872260818,2000,False,True,False,False,498.6229176521301
0.005,-8.0,8,3,60,4,20083,-183.0338550232559,-190.9999999999999,4.170756532326692,2000,False,True,False,True,498.6229176521301
0.005,-8.0,8,3,60,5,20083,-182.18035682867702,-190.9999999999999,4.617614225823493,2000,False,True,False,False,498.6229176521301
0.005,-8.0,8,3,60,6,20083,-180.91534171858106,-190.9999999999999,5.279925801789965,2000,False,True,False,False,498.6229176521301
0.005,-8.0,8,3,60,7,20083,-181.5332963510548,-190.9999999999999,4.9563893449974366,2000,False,True,False,False,498.6229176521301
0.005,-5.0,11,2,40,0,20112,-118.14731820153612,-123.56603968487643,4.385283769844343,2000,False,True,False,False,420.6910357475281
0.005,-5.0,11,2,40,1,20112,-118.2645562697055,-123.56603968487643,4.290404894978436,2000,False,True,False,False,420.6910357475281
0.005,-5.0,11,2,40,2,20112,-115.24425235302067,-123.56603968487643,6.734688068888789,2000,False,True,False,False,420.6910357475281
0.005,-5.0,11,2,40,3,20112,-115.48519575873723,-123.56603968487643,6.539696462512937,2000,False,True,False,False,420.6910357475281
0.005,-5.0,11,2,40,4,20112,-114.57935177101854,-123.56603968487643,7.272781370007602,2000,False,True,False,False,420.6910357475281
0.005,-5.0,11,2,40,5,20112,-115.63503977638688,-123.56603968487643,6.4184301194046025,2000,False,True,False,False,420.6910357475281
0.005,-5.0,11,2,40,6,20112,-115.2544830508172,-123.56603968487643,6.726408530414771,1836,True,False,False,False,420.6910357475281
0.005,-5.0,11,2,40,7,20112,-118.32279569847431,-123.56603968487643,4.243272665995991,2000,False,True,False,True,420.6910357475281
0.005,-7.0,9,3,60,0,20093,-158.43754960390265,-167.00000000000009,5.1272158060463635,2000,False,True,False,False,480.0235104560852
0.005,-7.0,9,3,60,1,20093,-159.4253600695767,-167.00000000000009,4.535712533187655,2000,False,True,False,False,480.0235104560852
0.005,-7.0,9,3,60,2,20093,-159.41557914094673,-167.00000000000009,4.541569376678652,2000,False,True,False,False,480.0235104560852
0.005,-7.0,9,3,60,3,20093,-159.4123460313363,-167.00000000000009,4.543505370457346,2000,False,True,False,False,480.0235104560852
0.005,-7.0,9,3,60,4,20093,-160.17229750942067,-167.00000000000009,4.08844460513737,2000,False,True,False,True,480.0235104560852
0.005,-7.0,9,3,60,5,20093,-159.4253582954115,-167.00000000000009,4.535713595562017,2000,False,True,False,False,480.0235104560852
0.005,-7.0,9,3,60,6,20093,-160.0574602888825,-167.00000000000009,4.157209407854834,2000,False,True,False,False,480.0235104560852
0.005,-7.0,9,3,60,7,20093,-160.16940581416623,-167.00000000000009,4.09017615918195,2000,False,True,False,False,480.0235104560852
0.005,-6.0,10,3,60,0,20103,-136.66708241934685,-143.00000000000028,4.4286136927646265,1788,True,False,False,False,472.719279050827
0.005,-6.0,10,3,60,1,20103,-136.31652634627426,-143.00000000000028,4.6737577998084,2000,False,True,False,False,472.719279050827
0.005,-6.0,10,3,60,2,20103,-137.31059730379997,-143.00000000000028,3.9786032840561583,2000,False,True,False,True,472.719279050827
0.005,-6.0,10,3,60,3,20103,-136.86496748555302,-143.00000000000028,4.290232527585489,1794,True,False,False,False,472.719279050827
0.005,-6.0,10,3,60,4,20103,-136.66340644231522,-143.00000000000028,4.431184306073463,2000,False,True,False,False,472.719279050827
0.005,-6.0,10,3,60,5,20103,-136.8646516316953,-143.00000000000028,4.2904534044090745,2000,False,True,False,False,472.719279050827
0.005,-6.0,10,3,60,6,20103,-136.66812249838205,-143.00000000000028,4.427886364767989,2000,False,True,False,False,472.719279050827
0.005,-6.0,10,3,60,7,20103,-137.31058715914574,-143.00000000000028,3.978610378219953,2000,False,True,False,False,472.719279050827
0.005,-5.0,11,3,60,0,20113,-114.00537461083441,-123.56603968487643,7.737291814501825,2000,False,True,False,False,438.97215819358826
0.005,-5.0,11,3,60,1,20113,-114.00664291211746,-123.56603968487643,7.73626539875986,1653,True,False,False,False,438.97215819358826
0.005,-5.0,11,3,60,2,20113,-115.48496446537114,-123.56603968487643,6.539883644498124,2000,False,True,False,False,438.97215819358826
0.005,-5.0,11,3,60,3,20113,-114.95484469304867,-123.56603968487643,6.968901013408221,2000,False,True,False,False,438.97215819358826
0.005,-5.0,11,3,60,4,20113,-114.00664278596513,-123.56603968487643,7.736265500852903,1119,True,False,False,False,438.97215819358826
0.005,-5.0,11,3,60,5,20113,-115.46248412220278,-123.56603968487643,6.558076623107525,2000,False,True,False,False,438.97215819358826
0.005,-5.0,11,3,60,6,20113,-115.48846219788366,-123.56603968487643,6.537052986073326,2000,False,True,False,True,438.97215819358826
0.005,-5.0,11,3,60,7,20113,-113.12789269720858,-123.56603968487643,8.447423753555324,2000,False,True,False,False,438.97215819358826
0.005,-4.0,12,2,40,0,20122,-101.82684431059852,-107.56603968487642,5.335508670851269,2000,False,True,False,False,431.15484642982483
0.005,-4.0,12,2,40,1,20122,-102.24699611782529,-107.56603968487642,4.944909734181626,2000,False,True,False,False,431.15484642982483
0.005,-4.0,12,2,40,2,20122,-102.27042618598207,-107.56603968487642,4.923127703137791,2000,False,True,False,False,431.15484642982483
0.005,-4.0,12,2,40,3,20122,-102.25027203769599,-107.56603968487642,4.941864237777463,2000,False,True,False,False,431.15484642982483
0.005,-4.0,12,2,40,4,20122,-102.27277169498574,-107.56603968487642,4.920947173845709,2000,False,True,False,False,431.15484642982483
0.005,-4.0,12,2,40,5,20122,-101.8309583668446,-107.56603968487642,5.33168399137238,2000,False,True,False,False,431.15484642982483
0.005,-4.0,12,2,40,6,20122,-102.32526773727564,-107.56603968487642,4.872143627258241,2000,False,True,False,True,431.15484642982483
0.005,-4.0,12,2,40,7,20122,-101.84876436664219,-107.56603968487642,5.315130439852075,2000,False,True,False,False,431.15484642982483
0.005,-4.0,12,3,60,0,20123,-99.50638397950337,-107.56603968487642,7.4927511777736475,2000,False,True,False,False,480.39229559898376
0.005,-4.0,12,3,60,1,20123,-99.22233484554707,-107.56603968487642,7.756820706398525,2000,False,True,False,False,480.39229559898376
0.005,-4.0,12,3,60,2,20123,-99.58792532073865,-107.56603968487642,7.416945336567481,2000,False,True,False,True,480.39229559898376
0.005,-4.0,12,3,60,3,20123,-99.42319441268468,-107.56603968487642,7.570089310759114,2000,False,True,False,False,480.39229559898376
0.005,-4.0,12,3,60,4,20123,-99.22874379598382,-107.56603968487642,7.750862552267791,2000,False,True,False,False,480.39229559898376
0.005,-4.0,12,3,60,5,20123,-99.11175592888524,-107.56603968487642,7.8596216619657016,2000,False,True,False,False,480.39229559898376
0.005,-4.0,12,3,60,6,20123,-99.50682358976447,-107.56603968487642,7.492342489062614,2000,False,True,False,False,480.39229559898376
0.005,-4.0,12,3,60,7,20123,-99.46876634113629,-107.56603968487642,7.527722845855214,2000,False,True,False,False,480.39229559898376
0.005,-2.0,14,1,20,0,20141,-72.14259620548525,-75.5660396848763,4.530399493830054,2000,False,True,False,False,348.67614817619324
0.005,-2.0,14,1,20,1,20141,-72.13048505377985,-75.5660396848763,4.546426735373879,2000,False,True,False,False,348.67614817619324
0.005,-2.0,14,1,20,2,20141,-72.06521464337314,-75.5660396848763,4.6328020577791555,2000,False,True,False,False,348.67614817619324
0.005,-2.0,14,1,20,3,20141,-72.22982361370983,-75.5660396848763,4.414967470942085,2000,False,True,False,True,348.67614817619324
0.005,-2.0,14,1,20,4,20141,-72.1003325421785,-75.5660396848763,4.5863289344663345,2000,False,True,False,False,348.67614817619324
0.005,-2.0,14,1,20,5,20141,-72.00652751586347,-75.5660396848763,4.710465420520417,2000,False,True,False,False,348.67614817619324
0.005,-2.0,14,1,20,6,20141,-72.11882366486749,-75.5660396848763,4.561858785221917,2000,False,True,False,False,348.67614817619324
0.005,-2.0,14,1,20,7,20141,-72.05080824305472,-75.5660396848763,4.651866706897328,2000,False,True,False,False,348.67614817619324
0.005,-3.0,13,2,40,0,20132,-86.21745951477429,-91.56603968487632,5.841226931413781,2000,False,True,False,False,402.4232270717621
0.005,-3.0,13,2,40,1,20132,-86.34882187563862,-91.56603968487632,5.697765052625081,2000,False,True,False,False,402.4232270717621
0.005,-3.0,13,2,40,2,20132,-85.91023357456797,-91.56603968487632,6.176750823528845,2000,False,True,False,False,402.4232270717621
0.005,-3.0,13,2,40,3,20132,-86.36622506109195,-91.56603968487632,5.67875889541524,2000,False,True,False,False,402.4232270717621
0.005,-3.0,13,2,40,4,20132,-85.89271770703495,-91.56603968487632,6.195880041733872,2000,False,True,False,False,402.4232270717621
0.005,-3.0,13,2,40,5,20132,-86.12103737358693,-91.56603968487632,5.9465303184764915,2000,False,True,False,False,402.4232270717621
0.005,-3.0,13,2,40,6,20132,-86.36740090714751,-91.56603968487632,5.677474744588573,2000,False,True,False,True,402.4232270717621
0.005,-3.0,13,2,40,7,20132,-86.36516031677132,-91.56603968487632,5.679921711153798,2000,False,True,False,False,402.4232270717621
0.005,-1.0,15,1,20,0,20151,-56.18541002301297,-59.56603968487627,5.675431302379566,2000,False,True,False,False,349.1257073879242
0.005,-1.0,15,1,20,1,20151,-56.20680305759911,-59.56603968487627,5.639516484642285,2000,False,True,False,False,349.1257073879242
0.005,-1.0,15,1,20,2,20151,-56.067600436833665,-59.56603968487627,5.873211088987097,2000,False,True,False,False,349.1257073879242
0.005,-1.0,15,1,20,3,20151,-56.20347454644481,-59.56603968487627,5.64510441892818,2000,False,True,False,False,349.1257073879242
0.005,-1.0,15,1,20,4,20151,-56.16368982979966,-59.56603968487627,5.711895356945253,2000,False,True,False,False,349.1257073879242
0.005,-1.0,15,1,20,5,20151,-56.30114960245517,-59.56603968487627,5.481126661590119,2000,False,True,False,True,349.1257073879242
0.005,-1.0,15,1,20,6,20151,-56.183555290014084,-59.56603968487627,5.678545044721172,2000,False,True,False,False,349.1257073879242
0.005,-1.0,15,1,20,7,20151,-56.165229846638454,-59.56603968487627,5.709309962907069,2000,False,True,False,False,349.1257073879242
0.005,0.0,16,1,20,0,20161,-40.425330439000405,-43.56603968487643,7.209076768495655,2000,False,True,False,True,348.34387850761414
0.005,0.0,16,1,20,1,20161,-40.42301025476028,-43.56603968487643,7.214402440181466,2000,False,True,False,False,348.34387850761414
0.005,0.0,16,1,20,2,20161,-40.17438856679132,-43.56603968487643,7.785080173955976,2000,False,True,False,False,348.34387850761414
0.005,0.0,16,1,20,3,20161,-40.34437412033145,-43.56603968487643,7.3949011382445,2000,False,True,False,False,348.34387850761414
0.005,0.0,16,1,20,4,20161,-37.95285220188505,-43.56603968487643,12.884318895159863,2000,False,True,False,False,348.34387850761414
0.005,0.0,16,1,20,5,20161,-40.08118659025606,-43.56603968487643,7.999012808662767,2000,False,True,False,False,348.34387850761414
0.005,0.0,16,1,20,6,20161,-40.245905468803684,-43.56603968487643,7.620922718906903,2000,False,True,False,False,348.34387850761414
0.005,0.0,16,1,20,7,20161,-40.173601530305355,-43.56603968487643,7.786886710633764,2000,False,True,False,False,348.34387850761414
0.005,-2.0,14,2,40,0,20142,-70.43461932791807,-75.5660396848763,6.790643493237382,2000,False,True,False,True,406.1164538860321
0.005,-2.0,14,2,40,1,20142,-70.1261124486094,-75.5660396848763,7.1989047711807475,2000,False,True,False,False,406.1164538860321
0.005,-2.0,14,2,40,2,20142,-70.40396137804541,-75.5660396848763,6.831214561935055,2000,False,True,False,False,406.1164538860321
0.005,-2.0,14,2,40,3,20142,-70.2251808159024,-75.5660396848763,7.067803065035854,2000,False,True,False,False,406.1164538860321
0.005,-2.0,14,2,40,4,20142,-70.20888995133305,-75.5660396848763,7.089361511974839,2000,False,True,False,False,406.1164538860321
0.005,-2.0,14,2,40,5,20142,-70.21547147832023,-75.5660396848763,7.080651875986738,2000,False,True,False,False,406.1164538860321
0.005,-2.0,14,2,40,6,20142,-70.2133086904675,-75.5660396848763,7.0835139921724535,2000,False,True,False,False,406.1164538860321
0.005,-2.0,14,2,40,7,20142,-70.1484839719185,-75.5660396848763,7.169299510137052,2000,False,True,False,False,406.1164538860321
0.005,1.0,17,1,20,0,20171,-26.727364175834996,-35.56603968487625,24.85144701899359,2000,False,True,False,False,353.04686164855957
0.005,1.0,17,1,20,1,20171,-26.765792266602297,-35.56603968487625,24.743399873155077,2000,False,True,False,False,353.04686164855957
0.005,1.0,17,1,20,2,20171,-26.662078464688648,-35.56603968487625,25.03500895539358,2000,False,True,False,False,353.04686164855957
0.005,1.0,17,1,20,3,20171,-26.697804840728057,-35.56603968487625,24.93455814232596,2000,False,True,False,False,353.04686164855957
0.005,1.0,17,1,20,4,20171,-26.585667429237294,-35.56603968487625,25.24985164276719,2000,False,True,False,False,353.04686164855957
0.005,1.0,17,1,20,5,20171,-26.76588958036122,-35.56603968487625,24.743126258887692,2000,False,True,False,True,353.04686164855957
0.005,1.0,17,1,20,6,20171,-26.678437222097752,-35.56603968487625,24.989013512678994,2000,False,True,False,False,353.04686164855957
0.005,1.0,17,1,20,7,20171,-26.699617067998563,-35.56603968487625,24.92946275558467,2000,False,True,False,False,353.04686164855957
0.005,-1.0,15,2,40,0,20152,-54.47416026502979,-59.56603968487627,8.548292696281612,2000,False,True,False,False,403.28663992881775
0.005,-1.0,15,2,40,1,20152,-54.41864253119268,-59.56603968487627,8.641496364228674,2000,False,True,False,False,403.28663992881775
0.005,-1.0,15,2,40,2,20152,-54.44622091489116,-59.56603968487627,8.595197527098701,2000,False,True,False,False,403.28663992881775
0.005,-1.0,15,2,40,3,20152,-54.54186512128043,-59.56603968487627,8.434629178262245,2000,False,True,False,True,403.28663992881775
0.005,-1.0,15,2,40,4,20152,-54.27586391377076,-59.56603968487627,8.881194383733181,2000,False,True,False,False,403.28663992881775
0.005,-1.0,15,2,40,5,20152,-54.363397726701685,-59.56603968487627,8.734241835949238,2000,False,True,False,False,403.28663992881775
0.005,-1.0,15,2,40,6,20152,-54.39255123322328,-59.56603968487627,8.685298668540716,2000,False,True,False,False,403.28663992881775
0.005,-1.0,15,2,40,7,20152,-54.31075594320416,-59.56603968487627,8.822617332752483,2000,False,True,False,False,403.28663992881775
0.005,-3.0,13,3,60,0,20133,-83.51036356528195,-91.56603968487632,8.797667942523125,2000,False,True,False,False,457.68010807037354
0.005,-3.0,13,3,60,1,20133,-83.6276721646964,-91.56603968487632,8.669554288358139,2000,False,True,False,False,457.68010807037354
0.005,-3.0,13,3,60,2,20133,-83.48633620500594,-91.56603968487632,8.823908413726969,2000,False,True,False,False,457.68010807037354
0.005,-3.0,13,3,60,3,20133,-83.7216825801182,-91.56603968487632,8.566884766180126,2000,False,True,False,False,457.68010807037354
0.005,-3.0,13,3,60,4,20133,-83.79897423543015,-91.56603968487632,8.482473934852319,2000,False,True,False,False,457.68010807037354
0.005,-3.0,13,3,60,5,20133,-83.80143426421135,-91.56603968487632,8.479787317860183,2000,False,True,False,True,457.68010807037354
0.005,-3.0,13,3,60,6,20133,-83.31661637827311,-91.56603968487632,9.009260785978643,2000,False,True,False,False,457.68010807037354
0.005,-3.0,13,3,60,7,20133,-77.63250683010585,-91.56603968487632,15.216922019039577,2000,False,True,False,False,457.68010807037354
0.005,2.0,18,1,20,0,20181,-17.39206057941515,-27.566039684876344,36.907656020835596,2000,False,True,False,False,348.67938780784607
0.005,2.0,18,1,20,1,20181,-17.490188460714183,-27.566039684876344,36.55168221240758,2000,False,True,False,False,348.67938780784607
0.005,2.0,18,1,20,2,20181,-17.481141861300788,-27.566039684876344,36.58450012719263,2000,False,True,False,False,348.67938780784607
0.005,2.0,18,1,20,3,20181,-17.502046021976415,-27.566039684876344,36.508667106147186,2000,False,True,False,False,348.67938780784607
0.005,2.0,18,1,20,4,20181,-17.552391272102184,-27.566039684876344,36.32603205700231,2000,False,True,False,False,348.67938780784607
0.005,2.0,18,1,20,5,20181,-17.622155938443846,-27.566039684876344,36.072950123074975,2000,False,True,False,True,348.67938780784607
0.005,2.0,18,1,20,6,20181,-17.462450463421362,-27.566039684876344,36.65230601477422,2000,False,True,False,False,348.67938780784607
0.005,2.0,18,1,20,7,20181,-17.59370670105474,-27.566039684876344,36.17615405702533,2000,False,True,False,False,348.67938780784607
0.005,0.0,16,2,40,0,20162,-38.82085659800458,-43.56603968487643,10.891931240927315,2000,False,True,False,True,403.3382396697998
0.005,0.0,16,2,40,1,20162,-38.73068416340014,-43.56603968487643,11.098909968524955,2000,False,True,False,False,403.3382396697998
0.005,0.0,16,2,40,2,20162,-37.11710048987127,-43.56603968487643,14.802674839512331,2000,False,True,False,False,403.3382396697998
0.005,0.0,16,2,40,3,20162,-38.633389484265116,-43.56603968487643,11.322236853040465,2000,False,True,False,False,403.3382396697998
0.005,0.0,16,2,40,4,20162,-35.72590673191879,-43.56603968487643,17.99597349143322,2000,False,True,False,False,403.3382396697998
0.005,0.0,16,2,40,5,20162,-38.41691102038433,-43.56603968487643,11.819134127721899,2000,False,True,False,False,403.3382396697998
0.005,0.0,16,2,40,6,20162,-38.307465821229854,-43.56603968487643,12.070350901030013,2000,False,True,False,False,403.3382396697998
0.005,0.0,16,2,40,7,20162,-38.37771082174892,-43.56603968487643,11.909112925241613,2000,False,True,False,False,403.3382396697998
0.005,3.0,19,1,20,0,20191,-9.556731820878866,-19.566039684876287,51.15653461407517,2000,False,True,False,False,347.89696526527405
0.005,3.0,19,1,20,1,20191,-9.380216547794086,-19.566039684876287,52.058685871701506,2000,False,True,False,False,347.89696526527405
0.005,3.0,19,1,20,2,20191,-9.247311890737167,-19.566039684876287,52.73794779285383,2000,False,True,False,False,347.89696526527405
0.005,3.0,19,1,20,3,20191,-9.301676353929885,-19.566039684876287,52.460096658601366,2000,False,True,False,False,347.89696526527405
0.005,3.0,19,1,20,4,20191,-9.345822385391262,-19.566039684876287,52.23447086936462,2000,False,True,False,False,347.89696526527405
0.005,3.0,19,1,20,5,20191,-9.196302765536693,-19.566039684876287,52.99865014254755,2000,False,True,False,False,347.89696526527405
0.005,3.0,19,1,20,6,20191,-9.688107804616909,-19.566039684876287,50.48508558374538,2000,False,True,False,True,347.89696526527405
0.005,3.0,19,1,20,7,20191,-9.483121978201368,-19.566039684876287,51.53274688729464,2000,False,True,False,False,347.89696526527405
0.005,-2.0,14,3,60,0,20143,-67.72382665173848,-75.5660396848763,10.37795955146152,2000,False,True,False,False,455.309086561203
0.005,-2.0,14,3,60,1,20143,-67.5816527053973,-75.5660396848763,10.566104843889264,2000,False,True,False,False,455.309086561203
0.005,-2.0,14,3,60,2,20143,-67.76692170869268,-75.5660396848763,10.320929889547367,2000,False,True,False,True,455.309086561203
0.005,-2.0,14,3,60,3,20143,-67.72360123230875,-75.5660396848763,10.37825785931339,2000,False,True,False,False,455.309086561203
0.005,-2.0,14,3,60,4,20143,-67.70314590914708,-75.5660396848763,10.405327324971472,2000,False,True,False,False,455.309086561203
0.005,-2.0,14,3,60,5,20143,-67.67753467419958,-75.5660396848763,10.439219844751928,2000,False,True,False,False,455.309086561203
0.005,-2.0,14,3,60,6,20143,-67.69366790666938,-75.5660396848763,10.417869999587252,2000,False,True,False,False,455.309086561203
0.005,-2.0,14,3,60,7,20143,-67.74081904205742,-75.5660396848763,10.355472743379732,2000,False,True,False,False,455.309086561203
0.005,1.0,17,2,40,0,20172,-25.317321818546823,-35.56603968487625,28.816022129918196,2000,False,True,False,True,405.6264417171478
0.005,1.0,17,2,40,1,20172,-24.874098985836824,-35.56603968487625,30.06221888569157,2000,False,True,False,False,405.6264417171478
0.005,1.0,17,2,40,2,20172,-25.293720635886793,-35.56603968487625,28.882380889198515,2000,False,True,False,False,405.6264417171478
0.005,1.0,17,2,40,3,20172,-25.100900004502208,-35.56603968487625,29.4245290538326,2000,False,True,False,False,405.6264417171478
0.005,1.0,17,2,40,4,20172,-25.223115663905503,-35.56603968487625,29.080898836675566,2000,False,True,False,False,405.6264417171478
0.005,1.0,17,2,40,5,20172,-25.20446882037306,-35.56603968487625,29.133327624636387,2000,False,True,False,False,405.6264417171478
0.005,1.0,17,2,40,6,20172,-25.209151469296845,-35.56603968487625,29.12016155676581,2000,False,True,False,False,405.6264417171478
0.005,1.0,17,2,40,7,20172,-25.189272153219118,-35.56603968487625,29.17605565195848,2000,False,True,False,False,405.6264417171478
0.005,2.0,18,2,40,0,20182,-16.4795567686932,-27.566039684876344,40.21790232807928,2000,False,True,False,True,400.9969837665558
0.005,2.0,18,2,40,1,20182,-16.193449634875858,-27.566039684876344,41.255799454717724,2000,False,True,False,False,400.9969837665558
0.005,2.0,18,2,40,2,20182,-16.152314140312516,-27.566039684876344,41.405024715341256,2000,False,True,False,False,400.9969837665558
0.005,2.0,18,2,40,3,20182,-16.124523329296554,-27.566039684876344,41.505840107518196,2000,False,True,False,False,400.9969837665558
0.005,2.0,18,2,40,4,20182,-15.766525330893273,-27.566039684876344,42.80453227547474,2000,False,True,False,False,400.9969837665558
0.005,2.0,18,2,40,5,20182,-16.22817065058739,-27.566039684876344,41.129843691363796,2000,False,True,False,False,400.9969837665558
0.005,2.0,18,2,40,6,20182,-15.907893244811754,-27.566039684876344,42.29169867465815,2000,False,True,False,False,400.9969837665558
0.005,2.0,18,2,40,7,20182,-15.998759712817938,-27.566039684876344,41.962066746949525,2000,False,True,False,False,400.9969837665558
0.005,-1.0,15,3,60,0,20153,-51.97663472022814,-59.56603968487627,12.741160911147615,2000,False,True,False,False,453.79157543182373
0.005,-1.0,15,3,60,1,20153,-52.087889100353784,-59.56603968487627,12.554386063072748,2000,False,True,False,False,453.79157543182373
0.005,-1.0,15,3,60,2,20153,-52.11527575832917,-59.56603968487627,12.50840909680091,2000,False,True,False,False,453.79157543182373
0.005,-1.0,15,3,60,3,20153,-52.11028275624635,-59.56603968487627,12.516791393339735,2000,False,True,False,False,453.79157543182373
0.005,-1.0,15,3,60,4,20153,-51.878371095665585,-59.56603968487627,12.906126762633466,2000,False,True,False,False,453.79157543182373
0.005,-1.0,15,3,60,5,20153,-49.33284482093531,-59.56603968487627,17.17957903207582,2000,False,True,False,False,453.79157543182373
0.005,-1.0,15,3,60,6,20153,-51.729288650717805,-59.56603968487627,13.156407704150602,2000,False,True,False,False,453.79157543182373
0.005,-1.0,15,3,60,7,20153,-52.15169127181547,-59.56603968487627,12.447274407170788,2000,False,True,False,True,453.79157543182373
0.005,3.0,19,2,40,0,20192,-7.145740270226691,-19.566039684876287,63.4788624304486,2000,False,True,False,False,404.4229049682617
0.005,3.0,19,2,40,1,20192,-8.138448787609224,-19.566039684876287,58.40523213340971,2000,False,True,False,False,404.4229049682617
0.005,3.0,19,2,40,2,20192,-7.3352601875249235,-19.566039684876287,62.51024578471663,2000,False,True,False,False,404.4229049682617
0.005,3.0,19,2,40,3,20192,-7.817953596660452,-19.566039684876287,60.04324982176441,2000,False,True,False,False,404.4229049682617
0.005,3.0,19,2,40,4,20192,-7.594900417641005,-19.566039684876287,61.18325149104374,2000,False,True,False,False,404.4229049682617
0.005,3.0,19,2,40,5,20192,-8.193429876360078,-19.566039684876287,58.12422948986836,2000,False,True,False,False,404.4229049682617
0.005,3.0,19,2,40,6,20192,-7.547382386472714,-19.566039684876287,61.42611122113527,2000,False,True,False,False,404.4229049682617
0.005,3.0,19,2,40,7,20192,-8.332996462558185,-19.566039684876287,57.41091913965995,2000,False,True,False,True,404.4229049682617
0.005,0.0,16,3,60,0,20163,-35.86319326656898,-43.56603968487643,17.68085066722608,2000,False,True,False,False,458.84629702568054
0.005,0.0,16,3,60,1,20163,-36.353411667091144,-43.56603968487643,16.555620088389826,2000,False,True,False,False,458.84629702568054
0.005,0.0,16,3,60,2,20163,-36.51949523969657,-43.56603968487643,16.17439752648898,2000,False,True,False,True,458.84629702568054
0.005,0.0,16,3,60,3,20163,-36.267707091009925,-43.56603968487643,16.752343446081138,2000,False,True,False,False,458.84629702568054
0.005,0.0,16,3,60,4,20163,-36.2319791879288,-43.56603968487643,16.834352054941508,2000,False,True,False,False,458.84629702568054
0.005,0.0,16,3,60,5,20163,-36.283351784356036,-43.56603968487643,16.71643315113748,2000,False,True,False,False,458.84629702568054
0.005,0.0,16,3,60,6,20163,-35.006810586069015,-43.56603968487643,19.646562232230337,2000,False,True,False,False,458.84629702568054
0.005,0.0,16,3,60,7,20163,-35.74376767618087,-43.56603968487643,17.954976089807378,2000,False,True,False,False,458.84629702568054
0.005,1.0,17,3,60,0,20173,-22.509758070003333,-35.56603968487625,36.70996751551408,2000,False,True,False,False,464.73014211654663
0.005,1.0,17,3,60,1,20173,-22.727538774839218,-35.56603968487625,36.09763983786013,2000,False,True,False,False,464.73014211654663
0.005,1.0,17,3,60,2,20173,-22.839793970720095,-35.56603968487625,35.7820151664728,2000,False,True,False,False,464.73014211654663
0.005,1.0,17,3,60,3,20173,-22.61872086469921,-35.56603968487625,36.40359999283989,2000,False,True,False,False,464.73014211654663
0.005,1.0,17,3,60,4,20173,-23.15038555889647,-35.56603968487625,34.90873382582231,2000,False,True,False,True,464.73014211654663
0.005,1.0,17,3,60,5,20173,-23.15008415593156,-35.56603968487625,34.90958127177801,2000,False,True,False,False,464.73014211654663
0.005,1.0,17,3,60,6,20173,-22.254651927498113,-35.56603968487625,37.42724204134131,2000,False,True,False,False,464.73014211654663
0.005,1.0,17,3,60,7,20173,-22.744161711406036,-35.56603968487625,36.05090161028658,2000,False,True,False,False,464.73014211654663
0.005,2.0,18,3,60,0,20183,-13.87229242786237,-27.566039684876344,49.676150123685794,2000,False,True,False,False,457.606707572937
0.005,2.0,18,3,60,1,20183,-14.324699126394972,-27.566039684876344,48.03497604244551,2000,False,True,False,True,457.606707572937
0.005,2.0,18,3,60,2,20183,-14.047119953223884,-27.566039684876344,49.0419366952787,2000,False,True,False,False,457.606707572937
0.005,2.0,18,3,60,3,20183,-13.55072033144141,-27.566039684876344,50.84270179413625,2000,False,True,False,False,457.606707572937
0.005,2.0,18,3,60,4,20183,-13.735166648715415,-27.566039684876344,50.17359473565951,2000,False,True,False,False,457.606707572937
0.005,2.0,18,3,60,5,20183,-13.657017713689484,-27.566039684876344,50.45709187895356,2000,False,True,False,False,457.606707572937
0.005,2.0,18,3,60,6,20183,-14.316669321436988,-27.566039684876344,48.064105380753716,2000,False,True,False,False,457.606707572937
0.005,2.0,18,3,60,7,20183,-14.264533667850367,-27.566039684876344,48.25323539065944,2000,False,True,False,False,457.606707572937
0.005,3.0,19,3,60,0,20193,-5.189788308933878,-19.566039684876287,73.47553008928341,2000,False,True,False,False,458.52953147888184
0.005,3.0,19,3,60,1,20193,-5.396484733634763,-19.566039684876287,72.41912609527202,2000,False,True,False,False,458.52953147888184
0.005,3.0,19,3,60,2,20193,-6.148521425701718,-19.566039684876287,68.5755445418305,2000,False,True,False,True,458.52953147888184
0.005,3.0,19,3,60,3,20193,-5.415028740526317,-19.566039684876287,72.32434959890271,2000,False,True,False,False,458.52953147888184
0.005,3.0,19,3,60,4,20193,-6.040259800203608,-19.566039684876287,69.1288584839554,2000,False,True,False,False,458.52953147888184
0.005,3.0,19,3,60,5,20193,-5.939436760749825,-19.566039684876287,69.64415458412489,2000,False,True,False,False,458.52953147888184
0.005,3.0,19,3,60,6,20193,-5.213521617489053,-19.566039684876287,73.35423161019712,2000,False,True,False,False,458.52953147888184
0.005,3.0,19,3,60,7,20193,-5.392915361412622,-19.566039684876287,72.4373687865863,2000,False,True,False,False,458.52953147888184
0.005,4.0,20,1,20,0,20201,-1.949268177788516,-11.56603968487638,83.14662381508722,2000,False,True,False,False,348.91001081466675
0.005,4.0,20,1,20,1,20201,-1.8186368282816763,-11.56603968487638,84.2760626988017,2000,False,True,False,False,348.91001081466675
0.005,4.0,20,1,20,2,20201,-1.836908503363762,-11.56603968487638,84.1180857630492,2000,False,True,False,False,348.91001081466675
0.005,4.0,20,1,20,3,20201,-2.323260734021539,-11.56603968487638,79.91308349858589,2000,False,True,False,True,348.91001081466675
0.005,4.0,20,1,20,4,20201,-1.9609503317620125,-11.56603968487638,83.04561989073815,2000,False,True,False,False,348.91001081466675
0.005,4.0,20,1,20,5,20201,-1.8911539811990117,-11.56603968487638,83.64907926373569,2000,False,True,False,False,348.91001081466675
0.005,4.0,20,1,20,6,20201,-2.0454588785390455,-11.56603968487638,82.31495884270859,2000,False,True,False,False,348.91001081466675
0.005,4.0,20,1,20,7,20201,-2.3094935317310004,-11.56603968487638,80.03211475444904,2000,False,True,False,False,348.91001081466675
0.005,5.0,21,1,20,0,20211,3.1251113170012683,-3.566039684876202,187.6353488228149,2000,False,True,False,False,347.3263096809387
0.005,5.0,21,1,20,1,20211,3.1225538149976737,-3.566039684876202,187.56363055185898,2000,False,True,False,False,347.3263096809387
0.005,5.0,21,1,20,2,20211,3.195746271243688,-3.566039684876202,189.61611629834206,2000,False,True,False,False,347.3263096809387
0.005,5.0,21,1,20,3,20211,2.8143354372552816,-3.566039684876202,178.92047441847197,2000,False,True,False,True,347.3263096809387
0.005,5.0,21,1,20,4,20211,3.1874462172482643,-3.566039684876202,189.38336358864495,2000,False,True,False,False,347.3263096809387
0.005,5.0,21,1,20,5,20211,2.817387819133293,-3.566039684876202,179.00607026562298,2000,False,True,False,False,347.3263096809387
0.005,5.0,21,1,20,6,20211,2.8214674697209663,-3.566039684876202,179.12047310317345,2000,False,True,False,False,347.3263096809387
0.005,5.0,21,1,20,7,20211,2.891917664889801,-3.566039684876202,181.0960595069821,2000,False,True,False,False,347.3263096809387
0.005,4.0,20,2,40,0,20202,-0.7750138658958756,-11.56603968487638,93.29922871603775,2000,False,True,False,False,401.95478773117065
0.005,4.0,20,2,40,1,20202,0.23233688306233619,-11.56603968487638,102.00878511048286,2000,False,True,False,False,401.95478773117065
0.005,4.0,20,2,40,2,20202,-0.06226992247668289,-11.56603968487638,99.4616141378271,2000,False,True,False,False,401.95478773117065
0.005,4.0,20,2,40,3,20202,-0.0685108672629535,-11.56603968487638,99.40765491793584,2000,False,True,False,False,401.95478773117065
0.005,4.0,20,2,40,4,20202,4.319016967656616,-11.56603968487638,137.34222850111877,2000,False,True,False,False,401.95478773117065
0.005,4.0,20,2,40,5,20202,-0.7965719482438994,-11.56603968487638,93.11283749712975,2000,False,True,False,True,401.95478773117065
0.005,4.0,20,2,40,6,20202,3.786397600569468,-11.56603968487638,132.73720049154352,2000,False,True,False,False,401.95478773117065
0.005,4.0,20,2,40,7,20202,0.20875190778564362,-11.56603968487638,101.80486937165367,2000,False,True,False,False,401.95478773117065
0.005,6.0,22,1,20,0,20221,3.954312646305624,0.9999999999999949,295.43126463056444,2000,False,True,False,False,352.1180474758148
0.005,6.0,22,1,20,1,20221,3.5562487791810944,0.9999999999999949,255.62487791811122,2000,False,True,False,False,352.1180474758148
0.005,6.0,22,1,20,2,20221,3.3025186736245953,0.9999999999999949,230.2518673624612,2000,False,True,False,False,352.1180474758148
0.005,6.0,22,1,20,3,20221,3.211777974979195,0.9999999999999949,221.17779749792112,2000,False,True,False,True,352.1180474758148
0.005,6.0,22,1,20,4,20221,3.49487821639794,0.9999999999999949,249.48782163979578,2000,False,True,False,False,352.1180474758148
0.005,6.0,22,1,20,5,20221,3.226549598396641,0.9999999999999949,222.6549598396658,2000,False,True,False,False,352.1180474758148
0.005,6.0,22,1,20,6,20221,3.54265401092811,0.9999999999999949,254.2654010928128,2000,False,True,False,False,352.1180474758148
0.005,6.0,22,1,20,7,20221,3.9563966406598703,0.9999999999999949,295.63966406598905,2000,False,True,False,False,352.1180474758148
0.005,7.0,23,1,20,0,20231,3.8806369868526325,0.9999999999999978,288.0636986852641,2000,False,True,False,False,351.30337929725647
0.005,7.0,23,1,20,1,20231,4.120045081370882,0.9999999999999978,312.0045081370891,2000,False,True,False,False,351.30337929725647
0.005,7.0,23,1,20,2,20231,4.361016823550094,0.9999999999999978,336.1016823550104,2000,False,True,False,False,351.30337929725647
0.005,7.0,23,1,20,3,20231,22.785168927979125,0.9999999999999978,2178.516892797918,2000,False,True,False,False,351.30337929725647
0.005,7.0,23,1,20,4,20231,4.14537466535129,0.9999999999999978,314.5374665351299,2000,False,True,False,False,351.30337929725647
0.005,7.0,23,1,20,5,20231,4.063888712469123,0.9999999999999978,306.3888712469132,2000,False,True,False,False,351.30337929725647
0.005,7.0,23,1,20,6,20231,3.719611359768285,0.9999999999999978,271.9611359768293,2000,False,True,False,True,351.30337929725647
0.005,7.0,23,1,20,7,20231,4.549990938103793,0.9999999999999978,354.9990938103803,2000,False,True,False,False,351.30337929725647
0.005,5.0,21,2,40,0,20212,3.488651658267578,-3.566039684876202,197.82986075738776,2000,False,True,False,False,406.3726942539215
0.005,5.0,21,2,40,1,20212,3.7699502817366155,-3.566039684876202,205.7181247232108,2000,False,True,False,False,406.3726942539215
0.005,5.0,21,2,40,2,20212,3.754979931876868,-3.566039684876202,205.29832149097987,2000,False,True,False,False,406.3726942539215
0.005,5.0,21,2,40,3,20212,3.5565915345993075,-3.566039684876202,199.73505201535013,2000,False,True,False,False,406.3726942539215
0.005,5.0,21,2,40,4,20212,5.212817151056738,-3.566039684876202,246.17944867985128,2000,False,True,False,False,406.3726942539215
0.005,5.0,21,2,40,5,20212,5.060881112106862,-3.566039684876202,241.91881076282962,2000,False,True,False,False,406.3726942539215
0.005,5.0,21,2,40,6,20212,3.4271424928937066,-3.566039684876202,196.10500150709015,2000,False,True,False,True,406.3726942539215
0.005,5.0,21,2,40,7,20212,3.696006000479073,-3.566039684876202,203.64455606464693,2000,False,True,False,False,406.3726942539215
0.005,4.0,20,3,60,0,20203,1.905578755823151,-11.56603968487638,116.47563736371114,2000,False,True,False,False,454.527138710022
0.005,4.0,20,3,60,1,20203,1.6788592290953162,-11.56603968487638,114.51541992623953,2000,False,True,False,False,454.527138710022
0.005,4.0,20,3,60,2,20203,1.3415234085296408,-11.56603968487638,111.59881381250835,2000,False,True,False,False,454.527138710022
0.005,4.0,20,3,60,3,20203,2.597314055293973,-11.56603968487638,122.45638201198801,2000,False,True,False,False,454.527138710022
0.005,4.0,20,3,60,4,20203,1.267007128431842,-11.56603968487638,110.9545459202303,2000,False,True,False,False,454.527138710022
0.005,4.0,20,3,60,5,20203,1.8671087028663038,-11.56603968487638,116.14302521638167,2000,False,True,False,False,454.527138710022
0.005,4.0,20,3,60,6,20203,1.122283913174698,-11.56603968487638,109.7032687397933,2000,False,True,False,True,454.527138710022
0.005,4.0,20,3,60,7,20203,1.3009112131137994,-11.56603968487638,111.24768069761039,2000,False,True,False,False,454.527138710022
0.005,8.0,24,1,20,0,20241,4.418884848966091,1.0000000000000138,341.88848489660296,2000,False,True,False,False,352.10450768470764
0.005,8.0,24,1,20,1,20241,4.414116720164498,1.0000000000000138,341.4116720164437,2000,False,True,False,False,352.10450768470764
0.005,8.0,24,1,20,2,20241,3.9954986143314097,1.0000000000000138,299.54986143313545,2000,False,True,False,True,352.10450768470764
0.005,8.0,24,1,20,3,20241,4.11190671104758,1.0000000000000138,311.19067110475237,2000,False,True,False,False,352.10450768470764
0.005,8.0,24,1,20,4,20241,4.007650621330007,1.0000000000000138,300.7650621329952,2000,False,True,False,False,352.10450768470764
0.005,8.0,24,1,20,5,20241,4.000171597489324,1.0000000000000138,300.0171597489269,2000,False,True,False,False,352.10450768470764
0.005,8.0,24,1,20,6,20241,4.42824502993083,1.0000000000000138,342.8245029930769,2000,False,True,False,False,352.10450768470764
0.005,8.0,24,1,20,7,20241,4.925106095359125,1.0000000000000138,392.51060953590564,2000,False,True,False,False,352.10450768470764
0.005,6.0,22,2,40,0,20222,5.055868251328609,0.9999999999999949,405.58682513286345,2000,False,True,False,False,404.084210395813
0.005,6.0,22,2,40,1,20222,5.183760868344602,0.9999999999999949,418.37608683446285,2000,False,True,False,False,404.084210395813
0.005,6.0,22,2,40,2,20222,4.2509212953247175,0.9999999999999949,325.0921295324739,2000,False,True,False,False,404.084210395813
0.005,6.0,22,2,40,3,20222,4.408658105167598,0.9999999999999949,340.86581051676205,2000,False,True,False,False,404.084210395813
0.005,6.0,22,2,40,4,20222,4.066142788650748,0.9999999999999949,306.6142788650769,2000,False,True,False,True,404.084210395813
0.005,6.0,22,2,40,5,20222,5.354859591763152,0.9999999999999949,435.4859591763179,2000,False,True,False,False,404.084210395813
0.005,6.0,22,2,40,6,20222,4.978604190316465,0.9999999999999949,397.86041903164903,2000,False,True,False,False,404.084210395813
0.005,6.0,22,2,40,7,20222,5.401887767217482,0.9999999999999949,440.18877672175097,2000,False,True,False,False,404.084210395813
0.005,7.0,23,2,40,0,20232,5.594587428032213,0.9999999999999978,459.45874280322244,2000,False,True,False,False,401.8935754299164
0.005,7.0,23,2,40,1,20232,5.763383073420857,0.9999999999999978,476.33830734208703,2000,False,True,False,False,401.8935754299164
0.005,7.0,23,2,40,2,20232,5.048666916226771,0.9999999999999978,404.8666916226782,2000,False,True,False,False,401.8935754299164
0.005,7.0,23,2,40,3,20232,4.841344781154387,0.9999999999999978,384.1344781154397,2000,False,True,False,True,401.8935754299164
0.005,7.0,23,2,40,4,20232,6.99124082247355,0.9999999999999978,599.1240822473566,2000,False,True,False,False,401.8935754299164
0.005,7.0,23,2,40,5,20232,5.715600324850206,0.9999999999999978,471.5600324850218,2000,False,True,False,False,401.8935754299164
0.005,7.0,23,2,40,6,20232,5.7934979327844385,0.9999999999999978,479.3497932784451,2000,False,True,False,False,401.8935754299164
0.005,7.0,23,2,40,7,20232,6.867049955452409,0.9999999999999978,586.7049955452426,2000,False,True,False,False,401.8935754299164
0.005,9.0,25,1,20,0,20251,4.630292131829874,1.000000000000004,363.02921318298553,2000,False,True,False,False,351.0252983570099
0.005,9.0,25,1,20,1,20251,4.470364995047125,1.000000000000004,347.0364995047107,2000,False,True,False,True,351.0252983570099
0.005,9.0,25,1,20,2,20251,5.22597043726936,1.000000000000004,422.5970437269338,2000,False,True,False,False,351.0252983570099
0.005,9.0,25,1,20,3,20251,5.21030854017328,1.000000000000004,421.03085401732596,2000,False,True,False,False,351.0252983570099
0.005,9.0,25,1,20,4,20251,5.06701344904274,1.000000000000004,406.70134490427205,2000,False,True,False,False,351.0252983570099
0.005,9.0,25,1,20,5,20251,4.856558824553968,1.000000000000004,385.6558824553948,2000,False,True,False,False,351.0252983570099
0.005,9.0,25,1,20,6,20251,4.8538898596614715,1.000000000000004,385.3889859661452,2000,False,True,False,False,351.0252983570099
0.005,9.0,25,1,20,7,20251,4.830485764755258,1.000000000000004,383.0485764755239,2000,False,True,False,False,351.0252983570099
0.005,5.0,21,3,60,0,20213,5.142504510356587,-3.566039684876202,244.20771962146893,2000,False,True,False,False,459.3316705226898
0.005,5.0,21,3,60,1,20213,5.1428470389385454,-3.566039684876202,244.21732491507825,2000,False,True,False,False,459.3316705226898
0.005,5.0,21,3,60,2,20213,5.1419888782753835,-3.566039684876202,244.19326010540158,2000,False,True,False,True,459.3316705226898
0.005,5.0,21,3,60,3,20213,6.190436790347011,-3.566039684876202,273.5941643218678,2000,False,True,False,False,459.3316705226898
0.005,5.0,21,3,60,4,20213,5.998814807166457,-3.566039684876202,268.22064074631044,2000,False,True,False,False,459.3316705226898
0.005,5.0,21,3,60,5,20213,5.984113288973687,-3.566039684876202,267.80837617575287,2000,False,True,False,False,459.3316705226898
0.005,5.0,21,3,60,6,20213,5.14936493843866,-3.566039684876202,244.4001018911102,2000,False,True,False,False,459.3316705226898
0.005,5.0,21,3,60,7,20213,5.150262749886761,-3.566039684876202,244.4252786004976,2000,False,True,False,False,459.3316705226898
0.005,6.0,22,3,60,0,20223,6.730738940606729,0.9999999999999949,573.0738940606764,2000,False,True,False,False,453.6302285194397
0.005,6.0,22,3,60,1,20223,7.005461592087204,0.9999999999999949,600.546159208724,2000,False,True,False,False,453.6302285194397
0.005,6.0,22,3,60,2,20223,6.069319939586338,0.9999999999999949,506.9319939586369,2000,False,True,False,False,453.6302285194397
0.005,6.0,22,3,60,3,20223,6.070862543986488,0.9999999999999949,507.0862543986519,2000,False,True,False,False,453.6302285194397
0.005,6.0,22,3,60,4,20223,6.093009567714604,0.9999999999999949,509.30095677146346,2000,False,True,False,False,453.6302285194397
0.005,6.0,22,3,60,5,20223,6.079304839326021,0.9999999999999949,507.93048393260517,2000,False,True,False,False,453.6302285194397
0.005,6.0,22,3,60,6,20223,6.075527210443818,0.9999999999999949,507.5527210443849,2000,False,True,False,False,453.6302285194397
0.005,6.0,22,3,60,7,20223,6.069162161955108,0.9999999999999949,506.9162161955139,2000,False,True,False,True,453.6302285194397
0.005,8.0,24,2,40,0,20242,5.7501835621892665,1.0000000000000138,475.01835621891877,2000,False,True,False,False,400.1526436805725
0.005,8.0,24,2,40,1,20242,6.35885671742887,1.0000000000000138,535.8856717428783,2000,False,True,False,False,400.1526436805725
0.005,8.0,24,2,40,2,20242,6.3866351175128955,1.0000000000000138,538.6635117512808,2000,False,True,False,False,400.1526436805725
0.005,8.0,24,2,40,3,20242,6.330577448944333,1.0000000000000138,533.0577448944246,2000,False,True,False,False,400.1526436805725
0.005,8.0,24,2,40,4,20242,5.389502095605723,1.0000000000000138,438.9502095605648,2000,False,True,False,False,400.1526436805725
0.005,8.0,24,2,40,5,20242,6.253863508097651,1.0000000000000138,525.3863508097566,2000,False,True,False,False,400.1526436805725
0.005,8.0,24,2,40,6,20242,5.36496952561572,1.0000000000000138,436.49695256156457,2000,False,True,False,True,400.1526436805725
0.005,8.0,24,2,40,7,20242,6.589030691548904,1.0000000000000138,558.9030691548813,2000,False,True,False,False,400.1526436805725
0.005,10.0,26,1,20,0,20261,4.8895276311063505,1.0000000000000429,388.9527631106141,2000,False,True,False,False,352.1343340873718
0.005,10.0,26,1,20,1,20261,5.281878266931379,1.0000000000000429,428.18782669311526,2000,False,True,False,False,352.1343340873718
0.005,10.0,26,1,20,2,20261,5.016966629558558,1.0000000000000429,401.6966629558343,2000,False,True,False,False,352.1343340873718
0.005,10.0,26,1,20,3,20261,5.353962380961694,1.0000000000000429,435.39623809614653,2000,False,True,False,False,352.1343340873718
0.005,10.0,26,1,20,4,20261,5.379632690823055,1.0000000000000429,437.96326908228247,2000,False,True,False,False,352.1343340873718
0.005,10.0,26,1,20,5,20261,4.813161653854607,1.0000000000000429,381.31616538544006,2000,False,True,False,True,352.1343340873718
0.005,10.0,26,1,20,6,20261,4.85475968574146,1.0000000000000429,385.4759685741252,2000,False,True,False,False,352.1343340873718
0.005,10.0,26,1,20,7,20261,4.866275617637915,1.0000000000000429,386.62756176377064,2000,False,True,False,False,352.1343340873718
0.005,7.0,23,3,60,0,20233,7.001040957642411,0.9999999999999978,600.1040957642426,2000,False,True,False,False,457.0694217681885
0.005,7.0,23,3,60,1,20233,7.789333251700992,0.9999999999999978,678.9333251701008,2000,False,True,False,False,457.0694217681885
0.005,7.0,23,3,60,2,20233,7.005368581887166,0.9999999999999978,600.5368581887182,2000,False,True,False,False,457.0694217681885
0.005,7.0,23,3,60,3,20233,8.039586204445285,0.9999999999999978,703.9586204445303,2000,False,True,False,False,457.0694217681885
0.005,7.0,23,3,60,4,20233,6.980761135490368,0.9999999999999978,598.0761135490384,2000,False,True,False,True,457.0694217681885
0.005,7.0,23,3,60,5,20233,6.9978208039149425,0.9999999999999978,599.7820803914958,2000,False,True,False,False,457.0694217681885
0.005,7.0,23,3,60,6,20233,7.771994546685386,0.9999999999999978,677.1994546685403,2000,False,True,False,False,457.0694217681885
0.005,7.0,23,3,60,7,20233,6.990607925839764,0.9999999999999978,599.060792583978,2000,False,True,False,False,457.0694217681885
0.005,9.0,25,2,40,0,20252,6.169653921696569,1.000000000000004,516.9653921696545,2000,False,True,False,False,404.43347358703613
0.005,9.0,25,2,40,1,20252,6.959471042586728,1.000000000000004,595.94710425867,2000,False,True,False,False,404.43347358703613
0.005,9.0,25,2,40,2,20252,7.502712578677194,1.000000000000004,650.2712578677165,2000,False,True,False,False,404.43347358703613
0.005,9.0,25,2,40,3,20252,7.055418043875238,1.000000000000004,605.541804387521,2000,False,True,False,False,404.43347358703613
0.005,9.0,25,2,40,4,20252,7.477196830015146,1.000000000000004,647.7196830015116,2000,False,True,False,False,404.43347358703613
0.005,9.0,25,2,40,5,20252,8.684596847386834,1.000000000000004,768.4596847386799,2000,False,True,False,False,404.43347358703613
0.005,9.0,25,2,40,6,20252,6.197039765162829,1.000000000000004,519.7039765162805,2000,False,True,False,False,404.43347358703613
0.005,9.0,25,2,40,7,20252,5.9974295497478005,1.000000000000004,499.74295497477766,2000,False,True,False,True,404.43347358703613
0.005,8.0,24,3,60,0,20243,9.09590741097404,1.0000000000000138,809.5907410973913,2000,False,True,False,False,453.28981041908264
0.005,8.0,24,3,60,1,20243,7.929204307168275,1.0000000000000138,692.9204307168166,2000,False,True,False,False,453.28981041908264
0.005,8.0,24,3,60,2,20243,9.075013042219005,1.0000000000000138,807.501304221888,2000,False,True,False,False,453.28981041908264
0.005,8.0,24,3,60,3,20243,9.289989683822888,1.0000000000000138,828.9989683822761,2000,False,True,False,False,453.28981041908264
0.005,8.0,24,3,60,4,20243,9.286955649345341,1.0000000000000138,828.6955649345213,2000,False,True,False,False,453.28981041908264
0.005,8.0,24,3,60,5,20243,9.287399128394775,1.0000000000000138,828.7399128394646,2000,False,True,False,False,453.28981041908264
0.005,8.0,24,3,60,6,20243,7.916906328227838,1.0000000000000138,691.690632822773,2000,False,True,False,True,453.28981041908264
0.005,8.0,24,3,60,7,20243,9.286897176270308,1.0000000000000138,828.689717627018,2000,False,True,False,False,453.28981041908264
0.005,9.0,25,3,60,0,20253,10.120062143593142,1.000000000000004,912.0062143593101,2000,False,True,False,False,464.36211252212524
0.005,9.0,25,3,60,1,20253,10.116902048346061,1.000000000000004,911.690204834602,2000,False,True,False,False,464.36211252212524
0.005,9.0,25,3,60,2,20253,10.122151474212393,1.000000000000004,912.2151474212352,2000,False,True,False,False,464.36211252212524
0.005,9.0,25,3,60,3,20253,8.850231593097298,1.000000000000004,785.0231593097263,2000,False,True,False,False,464.36211252212524
0.005,9.0,25,3,60,4,20253,9.116314320726318,1.000000000000004,811.6314320726282,2000,False,True,False,False,464.36211252212524
0.005,9.0,25,3,60,5,20253,9.118626843966595,1.000000000000004,811.8626843966559,2000,False,True,False,False,464.36211252212524
0.005,9.0,25,3,60,6,20253,10.146264438338072,1.000000000000004,914.6264438338031,2000,False,True,False,False,464.36211252212524
0.005,9.0,25,3,60,7,20253,8.831700933673018,1.000000000000004,783.1700933672983,2000,False,True,False,True,464.36211252212524
0.005,10.0,26,2,40,0,20262,6.608428609439819,1.0000000000000429,560.8428609439535,2000,False,True,False,True,404.0752155780792
0.005,10.0,26,2,40,1,20262,8.355726813241287,1.0000000000000429,735.5726813240929,2000,False,True,False,False,404.0752155780792
0.005,10.0,26,2,40,2,20262,7.868151671991678,1.0000000000000429,686.8151671991342,2000,False,True,False,False,404.0752155780792
0.005,10.0,26,2,40,3,20262,7.07417443100969,1.0000000000000429,607.4174431009387,2000,False,True,False,False,404.0752155780792
0.005,10.0,26,2,40,4,20262,8.547213980803095,1.0000000000000429,754.7213980802729,2000,False,True,False,False,404.0752155780792
0.005,10.0,26,2,40,5,20262,6.674851405854887,1.0000000000000429,567.48514058546,2000,False,True,False,False,404.0752155780792
0.005,10.0,26,2,40,6,20262,6.652566729828234,1.0000000000000429,565.2566729827948,2000,False,True,False,False,404.0752155780792
0.005,10.0,26,2,40,7,20262,7.744113795302423,1.0000000000000429,674.4113795302092,2000,False,True,False,False,404.0752155780792
0.005,11.0,27,1,20,0,20271,5.1867540811602195,0.9999999999999576,418.67540811604397,2000,False,True,False,True,349.61235904693604
0.005,11.0,27,1,20,1,20271,5.874005269975978,0.9999999999999576,487.40052699762276,2000,False,True,False,False,349.61235904693604
0.005,11.0,27,1,20,2,20271,5.285498140206088,0.9999999999999576,428.5498140206313,2000,False,True,False,False,349.61235904693604
0.005,11.0,27,1,20,3,20271,5.790536774133368,0.9999999999999576,479.05367741336147,2000,False,True,False,False,349.61235904693604
0.005,11.0,27,1,20,4,20271,5.826859812148175,0.9999999999999576,482.68598121484223,2000,False,True,False,False,349.61235904693604
0.005,11.0,27,1,20,5,20271,5.612923713711613,0.9999999999999576,461.2923713711851,2000,False,True,False,False,349.61235904693604
0.005,11.0,27,1,20,6,20271,5.2048896536148135,0.9999999999999576,420.48896536150346,2000,False,True,False,False,349.61235904693604
0.005,11.0,27,1,20,7,20271,5.305543776948885,0.9999999999999576,430.55437769491107,2000,False,True,False,False,349.61235904693604
0.005,10.0,26,3,60,0,20263,10.913108238731292,1.0000000000000429,991.3108238730824,2000,False,True,False,False,454.27576875686646
0.005,10.0,26,3,60,1,20263,11.176248769344003,1.0000000000000429,1017.6248769343523,2000,False,True,False,False,454.27576875686646
0.005,10.0,26,3,60,2,20263,11.268952578632453,1.0000000000000429,1026.895257863197,2000,False,True,False,False,454.27576875686646
0.005,10.0,26,3,60,3,20263,11.14280018679965,1.0000000000000429,1014.2800186799172,2000,False,True,False,False,454.27576875686646
0.005,10.0,26,3,60,4,20263,11.075161662551885,1.0000000000000429,1007.5161662551411,2000,False,True,False,False,454.27576875686646
0.005,10.0,26,3,60,5,20263,10.91652182941764,1.0000000000000429,991.6521829417172,2000,False,True,False,False,454.27576875686646
0.005,10.0,26,3,60,6,20263,9.761246132687683,1.0000000000000429,876.1246132687265,2000,False,True,False,False,454.27576875686646
0.005,10.0,26,3,60,7,20263,9.758623813123448,1.0000000000000429,875.862381312303,2000,False,True,False,True,454.27576875686646
0.005,11.0,27,2,40,0,20272,8.95628734268556,0.9999999999999576,795.6287342685939,2000,False,True,False,False,401.0022509098053
0.005,11.0,27,2,40,1,20272,7.514605871799591,0.9999999999999576,651.460587179991,2000,False,True,False,False,401.0022509098053
0.005,11.0,27,2,40,2,20272,9.247800807698999,0.9999999999999576,824.7800807699391,2000,False,True,False,False,401.0022509098053
0.005,11.0,27,2,40,3,20272,7.275070787265191,0.9999999999999576,627.50707872655,2000,False,True,False,False,401.0022509098053
0.005,11.0,27,2,40,4,20272,8.643600493684332,0.9999999999999576,764.3600493684698,2000,False,True,False,False,401.0022509098053
0.005,11.0,27,2,40,5,20272,9.281204438621815,0.9999999999999576,828.1204438622209,2000,False,True,False,False,401.0022509098053
0.005,11.0,27,2,40,6,20272,8.927898360325809,0.9999999999999576,792.7898360326188,2000,False,True,False,False,401.0022509098053
0.005,11.0,27,2,40,7,20272,7.202169241830901,0.9999999999999576,620.2169241831206,2000,False,True,False,True,401.0022509098053
0.005,12.0,28,1,20,0,20281,7.048033608192513,0.9999999999999709,604.8033608192718,2000,False,True,False,False,351.62828159332275
0.005,12.0,28,1,20,1,20281,6.163930171694934,0.9999999999999709,516.3930171695114,2000,False,True,False,False,351.62828159332275
0.005,12.0,28,1,20,2,20281,5.648684149775049,0.9999999999999709,464.8684149775213,2000,False,True,False,False,351.62828159332275
0.005,12.0,28,1,20,3,20281,6.077487227849869,0.9999999999999709,507.7487227850046,2000,False,True,False,False,351.62828159332275
0.005,12.0,28,1,20,4,20281,5.688191959323711,0.9999999999999709,468.8191959323877,2000,False,True,False,False,351.62828159332275
0.005,12.0,28,1,20,5,20281,6.314786745761759,0.9999999999999709,531.4786745761943,2000,False,True,False,False,351.62828159332275
0.005,12.0,28,1,20,6,20281,5.616696786249342,0.9999999999999709,461.66967862495056,2000,False,True,False,True,351.62828159332275
0.005,12.0,28,1,20,7,20281,5.629543515160482,0.9999999999999709,462.95435151606466,2000,False,True,False,False,351.62828159332275
0.005,13.0,29,1,20,0,20291,6.521342995966911,0.9999999999999853,552.1342995967007,2000,False,True,False,False,351.5104033946991
0.005,13.0,29,1,20,1,20291,6.6695793225090805,0.9999999999999853,566.9579322509179,2000,False,True,False,False,351.5104033946991
0.005,13.0,29,1,20,2,20291,6.12872628703444,0.9999999999999853,512.8726287034531,2000,False,True,False,False,351.5104033946991
0.005,13.0,29,1,20,3,20291,6.6586513592282,0.9999999999999853,565.8651359228297,2000,False,True,False,False,351.5104033946991
0.005,13.0,29,1,20,4,20291,6.09715889839869,0.9999999999999853,509.71588983987795,2000,False,True,False,False,351.5104033946991
0.005,13.0,29,1,20,5,20291,5.974453358014296,0.9999999999999853,497.4453358014383,2000,False,True,False,True,351.5104033946991
0.005,13.0,29,1,20,6,20291,6.020184178166945,0.9999999999999853,502.0184178167033,2000,False,True,False,False,351.5104033946991
0.005,13.0,29,1,20,7,20291,6.709365998497286,0.9999999999999853,570.9365998497384,2000,False,True,False,False,351.5104033946991
0.005,14.0,30,1,20,0,20301,6.392532392642435,1.000000000000024,539.2532392642281,2000,False,True,False,False,352.250164270401
0.005,14.0,30,1,20,1,20301,7.047040396251926,1.000000000000024,604.7040396251757,2000,False,True,False,False,352.250164270401
0.005,14.0,30,1,20,2,20301,7.034125214713047,1.000000000000024,603.4125214712878,2000,False,True,False,False,352.250164270401
0.005,14.0,30,1,20,3,20301,6.544508217914484,1.000000000000024,554.4508217914326,2000,False,True,False,False,352.250164270401
0.005,14.0,30,1,20,4,20301,6.373210241884336,1.000000000000024,537.3210241884183,2000,False,True,False,True,352.250164270401
0.005,14.0,30,1,20,5,20301,7.046995428289977,1.000000000000024,604.6995428289808,2000,False,True,False,False,352.250164270401
0.005,14.0,30,1,20,6,20301,7.143803074919592,1.000000000000024,614.3803074919421,2000,False,True,False,False,352.250164270401
0.005,14.0,30,1,20,7,20301,7.026817707201911,1.000000000000024,602.6817707201742,2000,False,True,False,False,352.250164270401
0.005,12.0,28,2,40,0,20282,8.158473160053752,0.9999999999999709,715.847316005399,2000,False,True,False,False,405.85853934288025
0.005,12.0,28,2,40,1,20282,8.677029483951971,0.9999999999999709,767.7029483952223,2000,False,True,False,False,405.85853934288025
0.005,12.0,28,2,40,2,20282,8.043944767440117,0.9999999999999709,704.394476744035,2000,False,True,False,False,405.85853934288025
0.005,12.0,28,2,40,3,20282,9.858721261733688,0.9999999999999709,885.8721261733974,2000,False,True,False,False,405.85853934288025
0.005,12.0,28,2,40,4,20282,10.189754114367746,0.9999999999999709,918.975411436804,2000,False,True,False,False,405.85853934288025
0.005,12.0,28,2,40,5,20282,9.475227428857512,0.9999999999999709,847.5227428857787,2000,False,True,False,False,405.85853934288025
0.005,12.0,28,2,40,6,20282,9.94370810007503,0.9999999999999709,894.3708100075318,2000,False,True,False,False,405.85853934288025
0.005,12.0,28,2,40,7,20282,7.835503811459531,0.9999999999999709,683.550381145976,2000,False,True,False,True,405.85853934288025
0.005,11.0,27,3,60,0,20273,13.398665494663787,0.9999999999999576,1239.8665494664356,2000,False,True,False,False,458.3230001926422
0.005,11.0,27,3,60,1,20273,10.710961816749311,0.9999999999999576,971.0961816749766,2000,False,True,False,True,458.3230001926422
0.005,11.0,27,3,60,2,20273,11.912985109169796,0.9999999999999576,1091.2985109170302,2000,False,True,False,False,458.3230001926422
0.005,11.0,27,3,60,3,20273,10.720146303871896,0.9999999999999576,972.0146303872351,2000,False,True,False,False,458.3230001926422
0.005,11.0,27,3,60,4,20273,12.181657244003734,0.9999999999999576,1118.165724400425,2000,False,True,False,False,458.3230001926422
0.005,11.0,27,3,60,5,20273,12.402005696550523,0.9999999999999576,1140.2005696551048,2000,False,True,False,False,458.3230001926422
0.005,11.0,27,3,60,6,20273,12.191960201459052,0.9999999999999576,1119.196020145957,2000,False,True,False,False,458.3230001926422
0.005,11.0,27,3,60,7,20273,13.48329084076191,0.9999999999999576,1248.3290840762481,2000,False,True,False,False,458.3230001926422
0.005,13.0,29,2,40,0,20292,8.755305600493555,0.9999999999999853,775.5305600493683,2000,False,True,False,False,403.6745653152466
0.005,13.0,29,2,40,1,20292,8.841997092733788,0.9999999999999853,784.1997092733917,2000,False,True,False,False,403.6745653152466
0.005,13.0,29,2,40,2,20292,8.78572361611836,0.9999999999999853,778.5723616118489,2000,False,True,False,False,403.6745653152466
0.005,13.0,29,2,40,3,20292,9.9650877749608,0.9999999999999853,896.5087774960946,2000,False,True,False,False,403.6745653152466
0.005,13.0,29,2,40,4,20292,8.786107176278934,0.9999999999999853,778.6107176279062,2000,False,True,False,False,403.6745653152466
0.005,13.0,29,2,40,5,20292,8.702720361269115,0.9999999999999853,770.2720361269243,2000,False,True,False,False,403.6745653152466
0.005,13.0,29,2,40,6,20292,12.14198667487925,0.9999999999999853,1114.1986674879429,2000,False,True,False,False,403.6745653152466
0.005,13.0,29,2,40,7,20292,8.508638125726858,0.9999999999999853,750.8638125726982,2000,False,True,False,True,403.6745653152466
0.005,15.0,31,1,20,0,20311,7.683320697818582,0.9999999999999767,668.332069781876,2000,False,True,False,False,348.24463081359863
0.005,15.0,31,1,20,1,20311,6.810099436275949,0.9999999999999767,581.0099436276108,2000,False,True,False,False,348.24463081359863
0.005,15.0,31,1,20,2,20311,6.8690841867319605,0.9999999999999767,586.908418673212,2000,False,True,False,False,348.24463081359863
0.005,15.0,31,1,20,3,20311,7.026209441852125,0.9999999999999767,602.6209441852288,2000,False,True,False,False,348.24463081359863
0.005,15.0,31,1,20,4,20311,6.763299142391684,0.9999999999999767,576.3299142391842,2000,False,True,False,True,348.24463081359863
0.005,15.0,31,1,20,5,20311,6.8763599335377075,0.9999999999999767,587.6359933537867,2000,False,True,False,False,348.24463081359863
0.005,15.0,31,1,20,6,20311,7.188015830422529,0.9999999999999767,618.8015830422696,2000,False,True,False,False,348.24463081359863
0.005,15.0,31,1,20,7,20311,7.5426301124128345,0.9999999999999767,654.263011241301,2000,False,True,False,False,348.24463081359863
0.005,12.0,28,3,60,0,20283,11.662894132652035,0.9999999999999709,1066.2894132652375,2000,False,True,False,False,455.30469274520874
0.005,12.0,28,3,60,1,20283,14.54531895101368,0.9999999999999709,1354.5318951014103,2000,False,True,False,False,455.30469274520874
0.005,12.0,28,3,60,2,20283,11.614212872139795,0.9999999999999709,1061.4212872140133,2000,False,True,False,True,455.30469274520874
0.005,12.0,28,3,60,3,20283,13.211381033545646,0.9999999999999709,1221.138103354603,2000,False,True,False,False,455.30469274520874
0.005,12.0,28,3,60,4,20283,11.730691241404584,0.9999999999999709,1073.0691241404925,2000,False,True,False,False,455.30469274520874
0.005,12.0,28,3,60,5,20283,11.651942883103942,0.9999999999999709,1065.194288310428,2000,False,True,False,False,455.30469274520874
0.005,12.0,28,3,60,6,20283,13.219756992024987,0.9999999999999709,1221.975699202537,2000,False,True,False,False,455.30469274520874
0.005,12.0,28,3,60,7,20283,11.824765039098294,0.9999999999999709,1082.4765039098636,2000,False,True,False,False,455.30469274520874
0.005,16.0,32,1,20,0,20321,7.224785206779302,1.0000000000000222,622.4785206779142,2000,False,True,False,False,348.52564907073975
0.005,16.0,32,1,20,1,20321,7.314182576846469,1.0000000000000222,631.4182576846306,2000,False,True,False,False,348.52564907073975
0.005,16.0,32,1,20,2,20321,8.00435802866495,1.0000000000000222,700.4358028664772,2000,False,True,False,False,348.52564907073975
0.005,16.0,32,1,20,3,20321,7.391202673377714,1.0000000000000222,639.120267337755,2000,False,True,False,False,348.52564907073975
0.005,16.0,32,1,20,4,20321,7.827220002429323,1.0000000000000222,682.7220002429149,2000,False,True,False,False,348.52564907073975
0.005,16.0,32,1,20,5,20321,7.186688644716445,1.0000000000000222,618.6688644716285,2000,False,True,False,True,348.52564907073975
0.005,16.0,32,1,20,6,20321,7.975468024339822,1.0000000000000222,697.5468024339646,2000,False,True,False,False,348.52564907073975
0.005,16.0,32,1,20,7,20321,7.242151914588159,1.0000000000000222,624.2151914587998,2000,False,True,False,False,348.52564907073975
0.005,14.0,30,2,40,0,20302,80.5670643431265,1.000000000000024,7956.706434312457,2000,False,True,False,False,403.1586809158325
0.005,14.0,30,2,40,1,20302,9.247655315614152,1.000000000000024,824.7655315613931,2000,False,True,False,True,403.1586809158325
0.005,14.0,30,2,40,2,20302,12.48784148031152,1.000000000000024,1148.784148031122,2000,False,True,False,False,403.1586809158325
0.005,14.0,30,2,40,3,20302,9.252541823731384,1.000000000000024,825.2541823731162,2000,False,True,False,False,403.1586809158325
0.005,14.0,30,2,40,4,20302,12.699345758654985,1.000000000000024,1169.9345758654679,2000,False,True,False,False,403.1586809158325
0.005,14.0,30,2,40,5,20302,9.414402895907052,1.000000000000024,841.4402895906825,2000,False,True,False,False,403.1586809158325
0.005,14.0,30,2,40,6,20302,9.376143923708153,1.000000000000024,837.6143923707926,2000,False,True,False,False,403.1586809158325
0.005,14.0,30,2,40,7,20302,9.531156201044281,1.000000000000024,853.1156201044054,2000,False,True,False,False,403.1586809158325
0.005,13.0,29,3,60,0,20293,12.762052977268295,0.9999999999999853,1176.2052977268481,2000,False,True,False,False,454.0199272632599
0.005,13.0,29,3,60,1,20293,14.248403106220431,0.9999999999999853,1324.840310622064,2000,False,True,False,False,454.0199272632599
0.005,13.0,29,3,60,2,20293,16.174884418628153,0.9999999999999853,1517.488441862839,2000,False,True,False,False,454.0199272632599
0.005,13.0,29,3,60,3,20293,12.545523052719112,0.9999999999999853,1154.5523052719295,2000,False,True,False,False,454.0199272632599
0.005,13.0,29,3,60,4,20293,12.55450028329255,0.9999999999999853,1155.4500283292732,2000,False,True,False,False,454.0199272632599
0.005,13.0,29,3,60,5,20293,12.544663288593492,0.9999999999999853,1154.4663288593674,2000,False,True,False,False,454.0199272632599
0.005,13.0,29,3,60,6,20293,12.526004586220779,0.9999999999999853,1152.600458622096,2000,False,True,False,True,454.0199272632599
0.005,13.0,29,3,60,7,20293,14.302433511146065,0.9999999999999853,1330.2433511146273,2000,False,True,False,False,454.0199272632599
0.005,15.0,31,2,40,0,20312,11.255437340328488,0.9999999999999767,1025.5437340328751,2000,False,True,False,False,403.2690944671631
0.005,15.0,31,2,40,1,20312,13.411984360110653,0.9999999999999767,1241.1984360110966,2000,False,True,False,False,403.2690944671631
0.005,15.0,31,2,40,2,20312,9.700131262504133,0.9999999999999767,870.0131262504359,2000,False,True,False,True,403.2690944671631
0.005,15.0,31,2,40,3,20312,10.025813032721556,0.9999999999999767,902.581303272179,2000,False,True,False,False,403.2690944671631
0.005,15.0,31,2,40,4,20312,9.979461817998867,0.9999999999999767,897.94618179991,2000,False,True,False,False,403.2690944671631
0.005,15.0,31,2,40,5,20312,10.55700340847102,0.9999999999999767,955.7003408471265,2000,False,True,False,False,403.2690944671631
0.005,15.0,31,2,40,6,20312,11.909083947099468,0.9999999999999767,1090.9083947099746,2000,False,True,False,False,403.2690944671631
0.005,15.0,31,2,40,7,20312,12.031030023470413,0.9999999999999767,1103.1030023470694,2000,False,True,False,False,403.2690944671631
0.005,14.0,30,3,60,0,20303,13.631579581379215,1.000000000000024,1263.157958137889,2000,False,True,False,False,451.84800601005554
0.005,14.0,30,3,60,1,20303,13.631443027320323,1.000000000000024,1263.1443027319995,2000,False,True,False,False,451.84800601005554
0.005,14.0,30,3,60,2,20303,13.928685753154163,1.000000000000024,1292.8685753153827,2000,False,True,False,False,451.84800601005554
0.005,14.0,30,3,60,3,20303,13.47355269713291,1.000000000000024,1247.3552697132586,2000,False,True,False,True,451.84800601005554
0.005,14.0,30,3,60,4,20303,13.598474614333327,1.000000000000024,1259.8474614333,2000,False,True,False,False,451.84800601005554
0.005,14.0,30,3,60,5,20303,13.584394229805698,1.000000000000024,1258.4394229805373,2000,False,True,False,False,451.84800601005554
0.005,14.0,30,3,60,6,20303,13.547649582338057,1.000000000000024,1254.764958233773,2000,False,True,False,False,451.84800601005554
0.005,14.0,30,3,60,7,20303,13.484313794723208,1.000000000000024,1248.4313794722884,2000,False,True,False,False,451.84800601005554
0.005,16.0,32,2,40,0,20322,11.963334943551898,1.0000000000000222,1096.333494355163,2000,False,True,False,False,399.5574538707733
0.005,16.0,32,2,40,1,20322,12.130518043098846,1.0000000000000222,1113.0518043098577,2000,False,True,False,False,399.5574538707733
0.005,16.0,32,2,40,2,20322,10.490563531551125,1.0000000000000222,949.0563531550893,2000,False,True,False,True,399.5574538707733
0.005,16.0,32,2,40,3,20322,11.328933866857394,1.0000000000000222,1032.8933866857144,2000,False,True,False,False,399.5574538707733
0.005,16.0,32,2,40,4,20322,10.71759391322618,1.0000000000000222,971.7593913225942,2000,False,True,False,False,399.5574538707733
0.005,16.0,32,2,40,5,20322,11.100315589564445,1.0000000000000222,1010.03155895642,2000,False,True,False,False,399.5574538707733
0.005,16.0,32,2,40,6,20322,10.720237841908025,1.0000000000000222,972.0237841907785,2000,False,True,False,False,399.5574538707733
0.005,16.0,32,2,40,7,20322,14.324424053565721,1.0000000000000222,1332.4424053565403,2000,False,True,False,False,399.5574538707733
0.005,15.0,31,3,60,0,20313,16.734029512979774,0.9999999999999767,1573.4029512980164,2000,False,True,False,False,453.0182032585144
0.005,15.0,31,3,60,1,20313,14.558537635307667,0.9999999999999767,1355.8537635308007,2000,False,True,False,False,453.0182032585144
0.005,15.0,31,3,60,2,20313,16.710854734243505,0.9999999999999767,1571.0854734243894,2000,False,True,False,False,453.0182032585144
0.005,15.0,31,3,60,3,20313,14.42400142127607,0.9999999999999767,1342.4001421276407,2000,False,True,False,True,453.0182032585144
0.005,15.0,31,3,60,4,20313,16.537939166570187,0.9999999999999767,1553.7939166570573,2000,False,True,False,False,453.0182032585144
0.005,15.0,31,3,60,5,20313,16.066373172524735,0.9999999999999767,1506.637317252511,2000,False,True,False,False,453.0182032585144
0.005,15.0,31,3,60,6,20313,16.31784734724662,0.9999999999999767,1531.7847347247,2000,False,True,False,False,453.0182032585144
0.005,15.0,31,3,60,7,20313,14.522399148314769,0.9999999999999767,1352.2399148315105,2000,False,True,False,False,453.0182032585144
0.01,-16.0,0,1,20,0,30001,-370.1187447440219,-382.9999999999999,3.3632520250595244,2000,False,True,False,False,351.5198721885681
0.01,-16.0,0,1,20,1,30001,-369.24816760184575,-382.9999999999999,3.590556761920141,2000,False,True,False,False,351.5198721885681
0.01,-16.0,0,1,20,2,30001,-370.21828654487246,-382.9999999999999,3.3372619987277896,2000,False,True,False,True,351.5198721885681
0.01,-16.0,0,1,20,3,30001,-369.7862270236754,-382.9999999999999,3.4500712731917744,2000,False,True,False,False,351.5198721885681
0.01,-16.0,0,1,20,4,30001,-369.04048156962466,-382.9999999999999,3.644782879993533,2000,False,True,False,False,351.5198721885681
0.01,-16.0,0,1,20,5,30001,-369.5306927051986,-382.9999999999999,3.5167904163972064,2000,False,True,False,False,351.5198721885681
0.01,-16.0,0,1,20,6,30001,-369.54109304331166,-382.9999999999999,3.5140749234172923,2000,False,True,False,False,351.5198721885681
0.01,-16.0,0,1,20,7,30001,-369.42401920310795,-382.9999999999999,3.5446425057159123,2000,False,True,False,False,351.5198721885681
0.005,16.0,32,3,60,0,20323,15.363318693547383,1.0000000000000222,1436.331869354704,2000,False,True,False,False,460.8821704387665
0.005,16.0,32,3,60,1,20323,17.202212803652724,1.0000000000000222,1620.2212803652344,2000,False,True,False,False,460.8821704387665
0.005,16.0,32,3,60,2,20323,15.736758270400292,1.0000000000000222,1473.6758270399941,2000,False,True,False,False,460.8821704387665
0.005,16.0,32,3,60,3,20323,17.902464245833063,1.0000000000000222,1690.2464245832664,2000,False,True,False,False,460.8821704387665
0.005,16.0,32,3,60,4,20323,15.38129247255426,1.0000000000000222,1438.1292472553919,2000,False,True,False,False,460.8821704387665
0.005,16.0,32,3,60,5,20323,15.307439519358413,1.0000000000000222,1430.7439519358072,2000,False,True,False,True,460.8821704387665
0.005,16.0,32,3,60,6,20323,15.5167111461693,1.0000000000000222,1451.6711146168957,2000,False,True,False,False,460.8821704387665
0.005,16.0,32,3,60,7,20323,15.347411996934845,1.0000000000000222,1434.7411996934507,2000,False,True,False,False,460.8821704387665
0.01,-16.0,0,2,40,0,30002,-361.9336937846716,-382.9999999999999,5.5003410483885835,2000,False,True,False,False,398.9627068042755
0.01,-16.0,0,2,40,1,30002,-358.0357768946647,-382.9999999999999,6.518073917842085,2000,False,True,False,False,398.9627068042755
0.01,-16.0,0,2,40,2,30002,-358.0868013626922,-382.9999999999999,6.504751602430208,2000,False,True,False,False,398.9627068042755
0.01,-16.0,0,2,40,3,30002,-363.56575115215486,-382.9999999999999,5.074216409359016,2000,False,True,False,True,398.9627068042755
0.01,-16.0,0,2,40,4,30002,-354.9086705599774,-382.9999999999999,7.334550767629895,2000,False,True,False,False,398.9627068042755
0.01,-16.0,0,2,40,5,30002,-353.54754296060986,-382.9999999999999,7.689936563809409,2000,False,True,False,False,398.9627068042755
0.01,-16.0,0,2,40,6,30002,-358.0375504017651,-382.9999999999999,6.517610861157913,2000,False,True,False,False,398.9627068042755
0.01,-16.0,0,2,40,7,30002,-358.23045013642746,-382.9999999999999,6.467245395188624,2000,False,True,False,False,398.9627068042755
0.01,-15.0,1,1,20,0,30011,-346.0207674012159,-358.99999999999966,3.6153851250094093,2000,False,True,False,False,349.72777223587036
0.01,-15.0,1,1,20,1,30011,-346.4255848334021,-358.99999999999966,3.502622609080096,2000,False,True,False,False,349.72777223587036
0.01,-15.0,1,1,20,2,30011,-346.45083357020917,-358.99999999999966,3.4955895347605854,2000,False,True,False,True,349.72777223587036
0.01,-15.0,1,1,20,3,30011,-346.1879201573128,-358.99999999999966,3.5688244687150013,2000,False,True,False,False,349.72777223587036
0.01,-15.0,1,1,20,4,30011,-346.1608334800548,-358.99999999999966,3.5763695041629155,2000,False,True,False,False,349.72777223587036
0.01,-15.0,1,1,20,5,30011,-346.129221228686,-358.99999999999966,3.585175145212724,2000,False,True,False,False,349.72777223587036
0.01,-15.0,1,1,20,6,30011,-345.86646892018865,-358.99999999999966,3.6583652032899776,2000,False,True,False,False,349.72777223587036
0.01,-15.0,1,1,20,7,30011,-345.9810387246681,-358.99999999999966,3.6264516087274545,2000,False,True,False,False,349.72777223587036
0.01,-15.0,1,2,40,0,30012,-339.12256036626945,-358.99999999999966,5.5368912628775,2000,False,True,False,False,402.67095160484314
0.01,-15.0,1,2,40,1,30012,-334.6427899947271,-358.99999999999966,6.784738163028579,2000,False,True,False,False,402.67095160484314
0.01,-15.0,1,2,40,2,30012,-335.7401003254675,-358.99999999999966,6.479080689284731,2000,False,True,False,False,402.67095160484314
0.01,-15.0,1,2,40,3,30012,-338.12388895872215,-358.99999999999966,5.815072713447781,2000,False,True,False,False,402.67095160484314
0.01,-15.0,1,2,40,4,30012,-332.5780666255327,-358.99999999999966,7.359870020742893,2000,False,True,False,False,402.67095160484314
0.01,-15.0,1,2,40,5,30012,-332.7473238393968,-358.99999999999966,7.312723164513335,2000,False,True,False,False,402.67095160484314
0.01,-15.0,1,2,40,6,30012,-340.89753228623283,-358.99999999999966,5.042470115255389,2000,False,True,False,True,402.67095160484314
0.01,-15.0,1,2,40,7,30012,-339.31740205083224,-358.99999999999966,5.482617813138561,2000,False,True,False,False,402.67095160484314
0.01,-14.0,2,1,20,0,30021,-322.6451569781195,-335.0000000000001,3.6880128423524283,2000,False,True,False,False,351.09618520736694
0.01,-14.0,2,1,20,1,30021,-323.855135197997,-335.0000000000001,3.326825314030775,2000,False,True,False,False,351.09618520736694
0.01,-14.0,2,1,20,2,30021,-321.99149184995025,-335.0000000000001,3.8831367612089127,2000,False,True,False,False,351.09618520736694
0.01,-14.0,2,1,20,3,30021,-323.34600323550893,-335.0000000000001,3.4788050043257255,2000,False,True,False,False,351.09618520736694
0.01,-14.0,2,1,20,4,30021,-324.32807505356493,-335.0000000000001,3.1856492377418446,2000,False,True,False,True,351.09618520736694
0.01,-14.0,2,1,20,5,30021,-322.61629878510126,-335.0000000000001,3.6966272283280137,2000,False,True,False,False,351.09618520736694
0.01,-14.0,2,1,20,6,30021,-324.1051154890096,-335.0000000000001,3.2522043316389517,2000,False,True,False,False,351.09618520736694
0.01,-14.0,2,1,20,7,30021,-322.9273582853221,-335.0000000000001,3.6037736461725403,2000,False,True,False,False,351.09618520736694
0.01,-13.0,3,1,20,0,30031,-300.9428703543464,-311.0,3.2338037445831564,2000,False,True,False,True,350.20525908470154
0.01,-13.0,3,1,20,1,30031,-300.263010638969,-311.0,3.452408154672354,2000,False,True,False,False,350.20525908470154
0.01,-13.0,3,1,20,2,30031,-298.87658171016386,-311.0,3.8982052378894334,2000,False,True,False,False,350.20525908470154
0.01,-13.0,3,1,20,3,30031,-300.26838125084714,-311.0,3.45068126982407,2000,False,True,False,False,350.20525908470154
0.01,-13.0,3,1,20,4,30031,-300.8610176269258,-311.0,3.2601229495415476,2000,False,True,False,False,350.20525908470154
0.01,-13.0,3,1,20,5,30031,-300.5258218224278,-311.0,3.367902950987841,2000,False,True,False,False,350.20525908470154
0.01,-13.0,3,1,20,6,30031,-298.78279872481727,-311.0,3.928360538643965,2000,False,True,False,False,350.20525908470154
0.01,-13.0,3,1,20,7,30031,-300.2455599512006,-311.0,3.4580193082956208,2000,False,True,False,False,350.20525908470154
0.01,-16.0,0,3,60,0,30003,-351.9577103209215,-382.9999999999999,8.105036469733268,2000,False,True,False,False,453.7007899284363
0.01,-16.0,0,3,60,1,30003,-351.7742194752298,-382.9999999999999,8.15294530672848,2000,False,True,False,False,453.7007899284363
0.01,-16.0,0,3,60,2,30003,-351.9739355025098,-382.9999999999999,8.100800129892978,2000,False,True,False,False,453.7007899284363
0.01,-16.0,0,3,60,3,30003,-348.94260415503226,-382.9999999999999,8.892270455605129,2000,False,True,False,False,453.7007899284363
0.01,-16.0,0,3,60,4,30003,-348.1586204125268,-382.9999999999999,9.096965949731887,2000,False,True,False,False,453.7007899284363
0.01,-16.0,0,3,60,5,30003,-351.9759702381263,-382.9999999999999,8.100268867329918,2000,False,True,False,True,453.7007899284363
0.01,-16.0,0,3,60,6,30003,-351.97581576642693,-382.9999999999999,8.100309199366308,2000,False,True,False,False,453.7007899284363
0.01,-16.0,0,3,60,7,30003,-351.9716409563846,-382.9999999999999,8.101399228097991,2000,False,True,False,False,453.7007899284363
0.01,-14.0,2,2,40,0,30022,-318.21564316993795,-335.0000000000001,5.0102557701678085,2000,False,True,False,True,403.20639300346375
0.01,-14.0,2,2,40,1,30022,-311.84807091666084,-335.0000000000001,6.911023606966944,2000,False,True,False,False,403.20639300346375
0.01,-14.0,2,2,40,2,30022,-313.3409542499446,-335.0000000000001,6.4653867910613405,2000,False,True,False,False,403.20639300346375
0.01,-14.0,2,2,40,3,30022,-310.43970329433773,-335.0000000000001,7.331431852436529,2000,False,True,False,False,403.20639300346375
0.01,-14.0,2,2,40,4,30022,-315.58341422652535,-335.0000000000001,5.795995753276047,2000,False,True,False,False,403.20639300346375
0.01,-14.0,2,2,40,5,30022,-313.33233808126323,-335.0000000000001,6.4679587817125,2000,False,True,False,False,403.20639300346375
0.01,-14.0,2,2,40,6,30022,-309.7933926170306,-335.0000000000001,7.524360412826725,2000,False,True,False,False,403.20639300346375
0.01,-14.0,2,2,40,7,30022,-315.5966839982444,-335.0000000000001,5.792034627389771,2000,False,True,False,False,403.20639300346375
0.01,-12.0,4,1,20,0,30041,-277.160666153923,-286.9999999999998,3.4283393191905196,2000,False,True,False,False,349.3996331691742
0.01,-12.0,4,1,20,1,30041,-277.9859319258184,-286.9999999999998,3.1407902697496026,2000,False,True,False,True,349.3996331691742
0.01,-12.0,4,1,20,2,30041,-277.33787779399535,-286.9999999999998,3.3665931031374337,2000,False,True,False,False,349.3996331691742
0.01,-12.0,4,1,20,3,30041,-276.07141065378147,-286.9999999999998,3.807870852340875,2000,False,True,False,False,349.3996331691742
0.01,-12.0,4,1,20,4,30041,-276.1384836401828,-286.9999999999998,3.7845004738038215,2000,False,True,False,False,349.3996331691742
0.01,-12.0,4,1,20,5,30041,-276.4178446118681,-286.9999999999998,3.687162156143451,2000,False,True,False,False,349.3996331691742
0.01,-12.0,4,1,20,6,30041,-276.6063331783259,-286.9999999999998,3.6214866974473514,2000,False,True,False,False,349.3996331691742
0.01,-12.0,4,1,20,7,30041,-277.1190537283331,-286.9999999999998,3.4428384221835175,2000,False,True,False,False,349.3996331691742
0.01,-15.0,1,3,60,0,30013,-323.7567586605949,-358.99999999999966,9.817058868914977,2000,False,True,False,False,455.85951924324036
0.01,-15.0,1,3,60,1,30013,-328.1868429472304,-358.99999999999966,8.58305210383546,2000,False,True,False,False,455.85951924324036
0.01,-15.0,1,3,60,2,30013,-326.3930752318583,-358.99999999999966,9.082708849064456,2000,False,True,False,False,455.85951924324036
0.01,-15.0,1,3,60,3,30013,-327.3206837243789,-358.99999999999966,8.824322082345622,2000,False,True,False,False,455.85951924324036
0.01,-15.0,1,3,60,4,30013,-326.393152106136,-358.99999999999966,9.082687435616634,2000,False,True,False,False,455.85951924324036
0.01,-15.0,1,3,60,5,30013,-330.03506622432127,-358.99999999999966,8.068226678461956,2000,False,True,False,True,455.85951924324036
0.01,-15.0,1,3,60,6,30013,-327.1989449209863,-358.99999999999966,8.858232612538544,2000,False,True,False,False,455.85951924324036
0.01,-15.0,1,3,60,7,30013,-330.03479691388276,-358.99999999999966,8.068301695297194,2000,False,True,False,False,455.85951924324036
0.01,-13.0,3,2,40,0,30032,-293.0526559422513,-311.0,5.7708501793404166,2000,False,True,False,False,399.7244248390198
0.01,-13.0,3,2,40,1,30032,-288.2242341891099,-311.0,7.323397366845693,2000,False,True,False,False,399.7244248390198
0.01,-13.0,3,2,40,2,30032,-291.2864211688025,-311.0,6.338771328359319,2000,False,True,False,False,399.7244248390198
0.01,-13.0,3,2,40,3,30032,-288.42039760228164,-311.0,7.260322314378895,2000,False,True,False,False,399.7244248390198
0.01,-13.0,3,2,40,4,30032,-287.2140135463676,-311.0,7.6482271555088115,2000,False,True,False,False,399.7244248390198
0.01,-13.0,3,2,40,5,30032,-292.3370622918639,-311.0,6.000944600686848,2000,False,True,False,False,399.7244248390198
0.01,-13.0,3,2,40,6,30032,-288.4200543044678,-311.0,7.260432699528044,2000,False,True,False,False,399.7244248390198
0.01,-13.0,3,2,40,7,30032,-295.542758989816,-311.0,4.970173958258528,2000,False,True,False,True,399.7244248390198
0.01,-11.0,5,1,20,0,30051,-254.02359593976746,-262.9999999999997,3.4130813917232947,2000,False,True,False,False,350.4375157356262
0.01,-11.0,5,1,20,1,30051,-254.02889059847982,-262.9999999999997,3.4110682135056676,2000,False,True,False,False,350.4375157356262
0.01,-11.0,5,1,20,2,30051,-253.6432197124258,-262.9999999999997,3.557711135959666,2000,False,True,False,False,350.4375157356262
0.01,-11.0,5,1,20,3,30051,-254.86011712743712,-262.9999999999997,3.095012499073233,2000,False,True,False,True,350.4375157356262
0.01,-11.0,5,1,20,4,30051,-254.03120461018833,-262.9999999999997,3.410188361145019,2000,False,True,False,False,350.4375157356262
0.01,-11.0,5,1,20,5,30051,-254.1562034484714,-262.9999999999997,3.3626602857522196,2000,False,True,False,False,350.4375157356262
0.01,-11.0,5,1,20,6,30051,-254.85900813937633,-262.9999999999997,3.0954341675374133,2000,False,True,False,False,350.4375157356262
0.01,-11.0,5,1,20,7,30051,-254.54696888181573,-262.9999999999997,3.2140802730737628,2000,False,True,False,False,350.4375157356262
0.01,-14.0,2,3,60,0,30023,-308.0945482933058,-335.0000000000001,8.03147812140128,2000,False,True,False,False,455.0605080127716
0.01,-14.0,2,3,60,1,30023,-305.55845265603267,-335.0000000000001,8.788521595214158,2000,False,True,False,False,455.0605080127716
0.01,-14.0,2,3,60,2,30023,-308.094661207097,-335.0000000000001,8.031444415791979,2000,False,True,False,True,455.0605080127716
0.01,-14.0,2,3,60,3,30023,-304.62825648045487,-335.0000000000001,9.066192095386638,2000,False,True,False,False,455.0605080127716
0.01,-14.0,2,3,60,4,30023,-307.18538460113234,-335.0000000000001,8.302870268318735,2000,False,True,False,False,455.0605080127716
0.01,-14.0,2,3,60,5,30023,-303.9481977364518,-335.0000000000001,9.26919470553681,2000,False,True,False,False,455.0605080127716
0.01,-14.0,2,3,60,6,30023,-305.5583469430653,-335.0000000000001,8.788553151323816,2000,False,True,False,False,455.0605080127716
0.01,-14.0,2,3,60,7,30023,-307.18533414638387,-335.0000000000001,8.302885329437682,2000,False,True,False,False,455.0605080127716
0.01,-12.0,4,2,40,0,30042,-268.482020281578,-286.9999999999998,6.452257741610379,2000,False,True,False,False,407.3519995212555
0.01,-12.0,4,2,40,1,30042,-268.6444605191738,-286.9999999999998,6.395658355688505,2000,False,True,False,False,407.3519995212555
0.01,-12.0,4,2,40,2,30042,-268.8068685647925,-286.9999999999998,6.339070186483367,2000,False,True,False,False,407.3519995212555
0.01,-12.0,4,2,40,3,30042,-268.6994313583013,-286.9999999999998,6.376504753205049,2000,False,True,False,False,407.3519995212555
0.01,-12.0,4,2,40,4,30042,-271.51613536958735,-286.9999999999998,5.395074784115832,2000,False,True,False,False,407.3519995212555
0.01,-12.0,4,2,40,5,30042,-268.6407047343515,-286.9999999999998,6.396966991515077,2000,False,True,False,False,407.3519995212555
0.01,-12.0,4,2,40,6,30042,-268.4728607542328,-286.9999999999998,6.455449214552964,2000,False,True,False,False,407.3519995212555
0.01,-12.0,4,2,40,7,30042,-272.86491476712644,-286.9999999999998,4.925116805879215,2000,False,True,False,True,407.3519995212555
0.01,-10.0,6,1,20,0,30061,-230.84398438905814,-239.00000000000006,3.4125588330300918,2000,False,True,False,False,352.32597184181213
0.01,-10.0,6,1,20,1,30061,-230.93572796080213,-239.00000000000006,3.3741724013380456,2000,False,True,False,False,352.32597184181213
0.01,-10.0,6,1,20,2,30061,-230.9326500912958,-239.00000000000006,3.375460212846963,2000,False,True,False,False,352.32597184181213
0.01,-10.0,6,1,20,3,30061,-230.3482324532086,-239.00000000000006,3.6199864212516566,2000,False,True,False,False,352.32597184181213
0.01,-10.0,6,1,20,4,30061,-231.3604678838238,-239.00000000000006,3.1964569523750077,2000,False,True,False,True,352.32597184181213
0.01,-10.0,6,1,20,5,30061,-230.59729717543934,-239.00000000000006,3.515775240401974,2000,False,True,False,False,352.32597184181213
0.01,-10.0,6,1,20,6,30061,-231.13257505491205,-239.00000000000006,3.291809600455231,2000,False,True,False,False,352.32597184181213
0.01,-10.0,6,1,20,7,30061,-229.84400606748787,-239.00000000000006,3.8309598043984048,2000,False,True,False,False,352.32597184181213
0.01,-13.0,3,3,60,0,30033,-283.7936309537111,-311.0,8.748028632247234,1993,True,False,False,False,454.2126371860504
0.01,-13.0,3,3,60,1,30033,-286.1542940408112,-311.0,7.988972977231132,2000,False,True,False,True,454.2126371860504
0.01,-13.0,3,3,60,2,30033,-283.79361470645443,-311.0,8.74803385644552,2000,False,True,False,False,454.2126371860504
0.01,-13.0,3,3,60,3,30033,-280.5639706821071,-311.0,9.78650460382409,2000,False,True,False,False,454.2126371860504
0.01,-13.0,3,3,60,4,30033,-283.7936301506551,-311.0,8.748028890464605,2000,False,True,False,False,454.2126371860504
0.01,-13.0,3,3,60,5,30033,-283.793542018852,-311.0,8.74805722866495,2000,False,True,False,False,454.2126371860504
0.01,-13.0,3,3,60,6,30033,-284.3348712445373,-311.0,8.573996384393157,2000,False,True,False,False,454.2126371860504
0.01,-13.0,3,3,60,7,30033,-283.7936323331001,-311.0,8.748028188713793,2000,False,True,False,False,454.2126371860504
0.01,-11.0,5,2,40,0,30052,-250.18584322396697,-262.9999999999997,4.872302956666449,2000,False,True,False,False,402.2132818698883
0.01,-11.0,5,2,40,1,30052,-250.18641641725395,-262.9999999999997,4.872085012450866,2000,False,True,False,True,402.2132818698883
0.01,-11.0,5,2,40,2,30052,-248.91195453570197,-262.9999999999997,5.356671279200671,2000,False,True,False,False,402.2132818698883
0.01,-11.0,5,2,40,3,30052,-248.91195635381877,-262.9999999999997,5.356670587901507,2000,False,True,False,False,402.2132818698883
0.01,-11.0,5,2,40,4,30052,-246.29733391344013,-262.9999999999997,6.350823607056885,2000,False,True,False,False,402.2132818698883
0.01,-11.0,5,2,40,5,30052,-246.27185128518263,-262.9999999999997,6.360512819322091,2000,False,True,False,False,402.2132818698883
0.01,-11.0,5,2,40,6,30052,-243.10139580420247,-262.9999999999997,7.566009199922916,2000,False,True,False,False,402.2132818698883
0.01,-11.0,5,2,40,7,30052,-247.20320320334346,-262.9999999999997,6.006386614698202,2000,False,True,False,False,402.2132818698883
0.01,-12.0,4,3,60,0,30043,-261.0392900678341,-286.9999999999998,9.045543530371326,2000,False,True,False,False,458.02576971054077
0.01,-12.0,4,3,60,1,30043,-261.10016242757604,-286.9999999999998,9.024333648928136,2000,False,True,False,False,458.02576971054077
0.01,-12.0,4,3,60,2,30043,-263.3329292123127,-286.9999999999998,8.246366128113968,2000,False,True,False,True,458.02576971054077
0.01,-12.0,4,3,60,3,30043,-260.4755800208349,-286.9999999999998,9.241958180893688,2000,False,True,False,False,458.02576971054077
0.01,-12.0,4,3,60,4,30043,-262.0293043093871,-286.9999999999998,8.700590832966094,2000,False,True,False,False,458.02576971054077
0.01,-12.0,4,3,60,5,30043,-260.47452608836596,-286.9999999999998,9.242325404750463,2000,False,True,False,False,458.02576971054077
0.01,-12.0,4,3,60,6,30043,-263.3262749843262,-286.9999999999998,8.248684674450738,2000,False,True,False,False,458.02576971054077
0.01,-12.0,4,3,60,7,30043,-262.0292758964508,-286.9999999999998,8.70060073294389,2000,False,True,False,False,458.02576971054077
0.01,-10.0,6,2,40,0,30062,-221.9207386781244,-239.00000000000006,7.146134444299439,2000,False,True,False,False,399.37701535224915
0.01,-10.0,6,2,40,1,30062,-227.5113239793037,-239.00000000000006,4.806977414517298,2000,False,True,False,False,399.37701535224915
0.01,-10.0,6,2,40,2,30062,-221.7896851630757,-239.00000000000006,7.200968551014378,2000,False,True,False,False,399.37701535224915
0.01,-10.0,6,2,40,3,30062,-223.88847641709862,-239.00000000000006,6.322813214603112,2000,False,True,False,False,399.37701535224915
0.01,-10.0,6,2,40,4,30062,-225.4280761361816,-239.00000000000006,5.678629231723201,2000,False,True,False,False,399.37701535224915
0.01,-10.0,6,2,40,5,30062,-226.3075879737167,-239.00000000000006,5.310632646980486,1938,True,False,False,False,399.37701535224915
0.01,-10.0,6,2,40,6,30062,-227.5117219288118,-239.00000000000006,4.80681090844697,1809,True,False,False,True,399.37701535224915
0.01,-10.0,6,2,40,7,30062,-227.51120264192778,-239.00000000000006,4.807028183293838,2000,False,True,False,False,399.37701535224915
0.01,-11.0,5,3,60,0,30053,-239.27571724337386,-262.9999999999997,9.020639831416684,2000,False,True,False,False,458.47703766822815
0.01,-11.0,5,3,60,1,30053,-237.876792952344,-262.9999999999997,9.552550208234122,2000,False,True,False,False,458.47703766822815
0.01,-11.0,5,3,60,2,30053,-238.23008534659755,-262.9999999999997,9.41821849939247,2000,False,True,False,False,458.47703766822815
0.01,-11.0,5,3,60,3,30053,-240.23635498863172,-262.9999999999997,8.65537833131864,2000,False,True,False,False,458.47703766822815
0.01,-11.0,5,3,60,4,30053,-237.87744609097126,-262.9999999999997,9.552301866550755,2000,False,True,False,False,458.47703766822815
0.01,-11.0,5,3,60,5,30053,-240.23626070057796,-262.9999999999997,8.655414182289652,2000,False,True,False,False,458.47703766822815
0.01,-11.0,5,3,60,6,30053,-239.33663655610664,-262.9999999999997,8.99747659463616,2000,False,True,False,False,458.47703766822815
0.01,-11.0,5,3,60,7,30053,-242.27392906462703,-262.9999999999997,7.880635336643617,2000,False,True,False,True,458.47703766822815
0.01,-9.0,7,1,20,0,30071,-207.39847016130062,-214.99999999999991,3.535595273813626,2000,False,True,False,False,356.11750769615173
0.01,-9.0,7,1,20,1,30071,-208.46092461219763,-214.99999999999991,3.041430412931297,2000,False,True,False,True,356.11750769615173
0.01,-9.0,7,1,20,2,30071,-207.31525334292832,-214.99999999999991,3.574300770730978,2000,False,True,False,False,356.11750769615173
0.01,-9.0,7,1,20,3,30071,-206.79827309840508,-214.99999999999991,3.814756698416206,2000,False,True,False,False,356.11750769615173
0.01,-9.0,7,1,20,4,30071,-207.7721225578321,-214.99999999999991,3.3618034614734076,2000,False,True,False,False,356.11750769615173
0.01,-9.0,7,1,20,5,30071,-207.44624540424172,-214.99999999999991,3.5133742305852076,2000,False,True,False,False,356.11750769615173
0.01,-9.0,7,1,20,6,30071,-208.1462851222479,-214.99999999999991,3.18777436174513,2000,False,True,False,False,356.11750769615173
0.01,-9.0,7,1,20,7,30071,-207.21195084064166,-214.99999999999991,3.6223484462131417,2000,False,True,False,False,356.11750769615173
0.01,-9.0,7,2,40,0,30072,-200.48893626778738,-214.99999999999991,6.749331968470949,2000,False,True,False,False,405.354594707489
0.01,-9.0,7,2,40,1,30072,-204.83428588190313,-214.99999999999991,4.728239124696182,2000,False,True,False,True,405.354594707489
0.01,-9.0,7,2,40,2,30072,-203.70320088797195,-214.99999999999991,5.254325168385104,1844,True,False,False,False,405.354594707489
0.01,-9.0,7,2,40,3,30072,-201.66655813299724,-214.99999999999991,6.20160086837334,2000,False,True,False,False,405.354594707489
0.01,-9.0,7,2,40,4,30072,-201.42240873908926,-214.99999999999991,6.315158726004956,2000,False,True,False,False,405.354594707489
0.01,-9.0,7,2,40,5,30072,-204.83428327079145,-214.99999999999991,4.728240339166732,2000,False,True,False,False,405.354594707489
0.01,-9.0,7,2,40,6,30072,-201.6027889830603,-214.99999999999991,6.231260938111455,2000,False,True,False,False,405.354594707489
0.01,-9.0,7,2,40,7,30072,-201.60279002302056,-214.99999999999991,6.2312604544090044,2000,False,True,False,False,405.354594707489
0.01,-10.0,6,3,60,0,30063,-216.04640848940807,-239.00000000000006,9.60401318434811,2000,False,True,False,False,455.43693923950195
0.01,-10.0,6,3,60,1,30063,-217.00325086391885,-239.00000000000006,9.203660726393808,2000,False,True,False,False,455.43693923950195
0.01,-10.0,6,3,60,2,30063,-218.5025156260965,-239.00000000000006,8.57635329452031,1870,True,False,False,False,455.43693923950195
0.01,-10.0,6,3,60,3,30063,-216.28848987609678,-239.00000000000006,9.502723901214761,2000,False,True,False,False,455.43693923950195
0.01,-10.0,6,3,60,4,30063,-219.4812083182037,-239.00000000000006,8.166858444266257,1548,True,False,False,True,455.43693923950195
0.01,-10.0,6,3,60,5,30063,-215.8349667139793,-239.00000000000006,9.692482546452199,2000,False,True,False,False,455.43693923950195
0.01,-10.0,6,3,60,6,30063,-218.47424706627837,-239.00000000000006,8.588181143816605,2000,False,True,False,False,455.43693923950195
0.01,-10.0,6,3,60,7,30063,-218.47441487339523,-239.00000000000006,8.588110931633816,2000,False,True,False,False,455.43693923950195
0.01,-8.0,8,1,20,0,30081,-184.0434144179587,-190.9999999999999,3.6421914042100467,2000,False,True,False,False,362.56133818626404
0.01,-8.0,8,1,20,1,30081,-184.9879738717207,-190.9999999999999,3.147657658784917,2000,False,True,False,False,362.56133818626404
0.01,-8.0,8,1,20,2,30081,-184.70281926043558,-190.9999999999999,3.2969532667875994,2000,False,True,False,False,362.56133818626404
0.01,-8.0,8,1,20,3,30081,-185.29790807797488,-190.9999999999999,2.98538844085079,2000,False,True,False,True,362.56133818626404
0.01,-8.0,8,1,20,4,30081,-184.40819382615925,-190.9999999999999,3.4512074208589745,2000,False,True,False,False,362.56133818626404
0.01,-8.0,8,1,20,5,30081,-184.1427830750809,-190.9999999999999,3.5901659292769588,2000,False,True,False,False,362.56133818626404
0.01,-8.0,8,1,20,6,30081,-185.2961355575407,-190.9999999999999,2.986316462020514,2000,False,True,False,False,362.56133818626404
0.01,-8.0,8,1,20,7,30081,-184.5081682131887,-190.9999999999999,3.398864809848792,2000,False,True,False,False,362.56133818626404
0.01,-7.0,9,1,20,0,30091,-161.58971692509377,-167.00000000000009,3.239690464015757,2000,False,True,False,False,366.8871924877167
0.01,-7.0,9,1,20,1,30091,-161.58962299424235,-167.00000000000009,3.239746710034572,2000,False,True,False,False,366.8871924877167
0.01,-7.0,9,1,20,2,30091,-160.86292747615406,-167.00000000000009,3.674893726853908,2000,False,True,False,False,366.8871924877167
0.01,-7.0,9,1,20,3,30091,-161.80187672755744,-167.00000000000009,3.112648666133318,2000,False,True,False,False,366.8871924877167
0.01,-7.0,9,1,20,4,30091,-162.06882222876456,-167.00000000000009,2.9528010606200734,2000,False,True,False,True,366.8871924877167
0.01,-7.0,9,1,20,5,30091,-161.55316479802335,-167.00000000000009,3.2615779652555306,2000,False,True,False,False,366.8871924877167
0.01,-7.0,9,1,20,6,30091,-160.86239750094438,-167.00000000000009,3.6752110772788624,2000,False,True,False,False,366.8871924877167
0.01,-7.0,9,1,20,7,30091,-161.5819614145003,-167.00000000000009,3.244334482335191,2000,False,True,False,False,366.8871924877167
0.01,-8.0,8,2,40,0,30082,-179.3217727504551,-190.9999999999999,6.114255104473716,2000,False,True,False,False,418.57910442352295
0.01,-8.0,8,2,40,1,30082,-179.32201302669395,-190.9999999999999,6.114129305395781,2000,False,True,False,False,418.57910442352295
0.01,-8.0,8,2,40,2,30082,-182.15690958368944,-190.9999999999999,4.629890270319608,2000,False,True,False,True,418.57910442352295
0.01,-8.0,8,2,40,3,30082,-177.16297009026843,-190.9999999999999,7.244518277346317,2000,False,True,False,False,418.57910442352295
0.01,-8.0,8,2,40,4,30082,-177.61028487115982,-190.9999999999999,7.010322056984332,2000,False,True,False,False,418.57910442352295
0.01,-8.0,8,2,40,5,30082,-182.15690757391218,-190.9999999999999,4.629891322559012,2000,False,True,False,False,418.57910442352295
0.01,-8.0,8,2,40,6,30082,-177.6485234933902,-190.9999999999999,6.990301835921306,2000,False,True,False,False,418.57910442352295
0.01,-8.0,8,2,40,7,30082,-181.0986587018046,-190.9999999999999,5.1839483236624595,2000,False,True,False,False,418.57910442352295
0.01,-6.0,10,1,20,0,30101,-138.47472797351256,-143.00000000000028,3.1645258926487534,2000,False,True,False,False,362.5087888240814
0.01,-6.0,10,1,20,1,30101,-138.43645895733985,-143.00000000000028,3.1912874424198767,2000,False,True,False,False,362.5087888240814
0.01,-6.0,10,1,20,2,30101,-137.92889288455908,-143.00000000000028,3.546228752056782,2000,False,True,False,False,362.5087888240814
0.01,-6.0,10,1,20,3,30101,-138.61557426552417,-143.00000000000028,3.06603198215112,2000,False,True,False,True,362.5087888240814
0.01,-6.0,10,1,20,4,30101,-138.44975840858925,-143.00000000000028,3.1819871268608586,2000,False,True,False,False,362.5087888240814
0.01,-6.0,10,1,20,5,30101,-137.19216596651103,-143.00000000000028,4.061422401041431,2000,False,True,False,False,362.5087888240814
0.01,-6.0,10,1,20,6,30101,-138.47548950217626,-143.00000000000028,3.1639933551216894,2000,False,True,False,False,362.5087888240814
0.01,-6.0,10,1,20,7,30101,-138.06575484920165,-143.00000000000028,3.45052108447456,2000,False,True,False,False,362.5087888240814
0.01,-9.0,7,3,60,0,30073,-196.71554477675465,-214.99999999999991,8.504397778253612,2000,False,True,False,False,471.0983057022095
0.01,-9.0,7,3,60,1,30073,-194.7002337972749,-214.99999999999991,9.441751722197683,2000,False,True,False,False,471.0983057022095
0.01,-9.0,7,3,60,2,30073,-198.39429824837308,-214.99999999999991,7.723582210058997,2000,False,True,False,False,471.0983057022095
0.01,-9.0,7,3,60,3,30073,-198.39431138625648,-214.99999999999991,7.723576099415556,2000,False,True,False,False,471.0983057022095
0.01,-9.0,7,3,60,4,30073,-198.39429816643548,-214.99999999999991,7.723582248169509,2000,False,True,False,False,471.0983057022095
0.01,-9.0,7,3,60,5,30073,-195.75037506844595,-214.99999999999991,8.953313921653011,2000,False,True,False,False,471.0983057022095
0.01,-9.0,7,3,60,6,30073,-198.39431194199693,-214.99999999999991,7.723575840931623,2000,False,True,False,True,471.0983057022095
0.01,-9.0,7,3,60,7,30073,-196.71245085393775,-214.99999999999991,8.50583681212194,2000,False,True,False,False,471.0983057022095
0.01,-7.0,9,2,40,0,30092,-157.80216951520148,-167.00000000000009,5.5076829250290995,2000,False,True,False,False,419.7457318305969
0.01,-7.0,9,2,40,1,30092,-159.47955383445023,-167.00000000000009,4.503261176975959,2000,False,True,False,True,419.7457318305969
0.01,-7.0,9,2,40,2,30092,-154.66982203737288,-167.00000000000009,7.383340097381555,2000,False,True,False,False,419.7457318305969
0.01,-7.0,9,2,40,3,30092,-159.4793865228035,-167.00000000000009,4.503361363590762,2000,False,True,False,False,419.7457318305969
0.01,-7.0,9,2,40,4,30092,-159.47955309363377,-167.00000000000009,4.50326162057863,2000,False,True,False,False,419.7457318305969
0.01,-7.0,9,2,40,5,30092,-156.90878814208773,-167.00000000000009,6.04264183108524,2000,False,True,False,False,419.7457318305969
0.01,-7.0,9,2,40,6,30092,-156.90878737737825,-167.00000000000009,6.04264228899511,2000,False,True,False,False,419.7457318305969
0.01,-7.0,9,2,40,7,30092,-155.4915117528828,-167.00000000000009,6.8913103276151455,2000,False,True,False,False,419.7457318305969
0.01,-7.0,9,3,60,0,30093,-151.7999440980074,-167.00000000000009,9.10182988143275,2000,False,True,False,False,418.47716903686523
0.01,-7.0,9,3,60,1,30093,-154.5154744836969,-167.00000000000009,7.475763782217477,1736,True,False,False,True,418.47716903686523
0.01,-7.0,9,3,60,2,30093,-152.77864228873867,-167.00000000000009,8.515783060635576,1475,True,False,False,False,418.47716903686523
0.01,-7.0,9,3,60,3,30093,-153.21693848264408,-167.00000000000009,8.25333024991377,1419,True,False,False,False,418.47716903686523
0.01,-7.0,9,3,60,4,30093,-153.19879751504888,-167.00000000000009,8.264193104761196,2000,False,True,False,False,418.47716903686523
0.01,-7.0,9,3,60,5,30093,-153.19849492905897,-167.00000000000009,8.264374293976713,2000,False,True,False,False,418.47716903686523
0.01,-7.0,9,3,60,6,30093,-152.29053330058738,-167.00000000000009,8.808063891863888,2000,False,True,False,False,418.47716903686523
0.01,-7.0,9,3,60,7,30093,-153.21693857060225,-167.00000000000009,8.253330197244207,1454,True,False,False,False,418.47716903686523
0.01,-8.0,8,3,60,0,30083,-174.05115975542242,-190.9999999999999,8.873738347946324,2000,False,True,False,False,457.49788761138916
0.01,-8.0,8,3,60,1,30083,-174.9561940714997,-190.9999999999999,8.399898391884914,2000,False,True,False,False,457.49788761138916
0.01,-8.0,8,3,60,2,30083,-174.95395214460385,-190.9999999999999,8.401072175600026,2000,False,True,False,False,457.49788761138916
0.01,-8.0,8,3,60,3,30083,-173.98875818374847,-190.9999999999999,8.906409327880327,2000,False,True,False,False,457.49788761138916
0.01,-8.0,8,3,60,4,30083,-176.454787718774,-190.9999999999999,7.615294388076377,2000,False,True,False,False,457.49788761138916
0.01,-8.0,8,3,60,5,30083,-175.6291187853018,-190.9999999999999,8.047581787800043,2000,False,True,False,False,457.49788761138916
0.01,-8.0,8,3,60,6,30083,-174.97815133552848,-190.9999999999999,8.388402442131632,1754,True,False,False,False,457.49788761138916
0.01,-8.0,8,3,60,7,30083,-176.45479311435753,-190.9999999999999,7.6152915631635425,1765,True,False,False,True,457.49788761138916
0.01,-5.0,11,1,20,0,30111,-117.63430681007316,-123.56603968487643,4.800455602470258,2000,False,True,False,True,371.3199553489685
0.01,-5.0,11,1,20,1,30111,-115.42848131177203,-123.56603968487643,6.58559454835419,2000,False,True,False,False,371.3199553489685
0.01,-5.0,11,1,20,2,30111,-115.31227810163523,-123.56603968487643,6.679635929330023,2000,False,True,False,False,371.3199553489685
0.01,-5.0,11,1,20,3,30111,-114.96029738605068,-123.56603968487643,6.9644882370370444,2000,False,True,False,False,371.3199553489685
0.01,-5.0,11,1,20,4,30111,-115.73692670405595,-123.56603968487643,6.335974674584241,2000,False,True,False,False,371.3199553489685
0.01,-5.0,11,1,20,5,30111,-114.81870787826672,-123.56603968487643,7.079074338643157,2000,False,True,False,False,371.3199553489685
0.01,-5.0,11,1,20,6,30111,-115.73528651927988,-123.56603968487643,6.337302049630206,2000,False,True,False,False,371.3199553489685
0.01,-5.0,11,1,20,7,30111,-117.355821299377,-123.56603968487643,5.025829428002228,2000,False,True,False,False,371.3199553489685
0.01,-6.0,10,2,40,0,30102,-132.61153731872471,-143.00000000000028,7.264659217675209,2000,False,True,False,False,398.3596456050873
0.01,-6.0,10,2,40,1,30102,-136.80221712653702,-143.00000000000028,4.334113897526752,2000,False,True,False,False,398.3596456050873
0.01,-6.0,10,2,40,2,30102,-136.80208489547576,-143.00000000000028,4.334206366800359,2000,False,True,False,False,398.3596456050873
0.01,-6.0,10,2,40,3,30102,-136.80222428191828,-143.00000000000028,4.334108893763627,1784,True,False,False,True,398.3596456050873
0.01,-6.0,10,2,40,4,30102,-136.80222414958806,-143.00000000000028,4.334108986302248,1525,True,False,False,False,398.3596456050873
0.01,-6.0,10,2,40,5,30102,-133.33339797810206,-143.00000000000028,6.759861553774972,2000,False,True,False,False,398.3596456050873
0.01,-6.0,10,2,40,6,30102,-134.56207096877623,-143.00000000000028,5.900649672184644,1798,True,False,False,False,398.3596456050873
0.01,-6.0,10,2,40,7,30102,-136.80198790752877,-143.00000000000028,4.334274190539513,2000,False,True,False,False,398.3596456050873
0.01,-6.0,10,3,60,0,30103,-130.46770409798737,-143.00000000000028,8.763843288120905,1767,True,False,False,False,383.27537512779236
0.01,-6.0,10,3,60,1,30103,-131.77703275147286,-143.00000000000028,7.8482288451240585,1734,True,False,False,False,383.27537512779236
0.01,-6.0,10,3,60,2,30103,-131.4409356336538,-143.00000000000028,8.08326179464788,2000,False,True,False,False,383.27537512779236
0.01,-6.0,10,3,60,3,30103,-131.45639274000789,-143.00000000000028,8.072452629365298,1465,True,False,False,False,383.27537512779236
0.01,-6.0,10,3,60,4,30103,-131.45639275979025,-143.00000000000028,8.072452615531478,1018,True,False,False,False,383.27537512779236
0.01,-6.0,10,3,60,5,30103,-131.45639263897795,-143.00000000000028,8.072452700015607,1259,True,False,False,False,383.27537512779236
0.01,-6.0,10,3,60,6,30103,-132.57635702301377,-143.00000000000028,7.289260823067478,1573,True,False,False,True,383.27537512779236
0.01,-6.0,10,3,60,7,30103,-131.44098596105619,-143.00000000000028,8.083226600660193,2000,False,True,False,False,383.27537512779236
0.01,-4.0,12,1,20,0,30121,-101.70413900150382,-107.56603968487642,5.449583065943041,2000,False,True,False,False,365.67241406440735
0.01,-4.0,12,1,20,1,30121,-95.40786329367897,-107.56603968487642,11.302987845249136,2000,False,True,False,False,365.67241406440735
0.01,-4.0,12,1,20,2,30121,-101.41439600604446,-107.56603968487642,5.7189459580865,2000,False,True,False,False,365.67241406440735
0.01,-4.0,12,1,20,3,30121,-101.50228451472495,-107.56603968487642,5.637239400014854,2000,False,True,False,False,365.67241406440735
0.01,-4.0,12,1,20,4,30121,-101.78098682768588,-107.56603968487642,5.378140604728338,2000,False,True,False,True,365.67241406440735
0.01,-4.0,12,1,20,5,30121,-101.50186308775464,-107.56603968487642,5.637631184421475,2000,False,True,False,False,365.67241406440735
0.01,-4.0,12,1,20,6,30121,-101.68104192490256,-107.56603968487642,5.471055527575844,2000,False,True,False,False,365.67241406440735
0.01,-4.0,12,1,20,7,30121,-101.49610599029158,-107.56603968487642,5.642983335974072,2000,False,True,False,False,365.67241406440735
0.01,-5.0,11,3,60,0,30113,-109.69652936250388,-123.56603968487643,11.224370674776974,1321,True,False,False,False,406.8716194629669
0.01,-5.0,11,3,60,1,30113,-108.92655444852804,-123.56603968487643,11.84749893553492,1281,True,False,False,False,406.8716194629669
0.01,-5.0,11,3,60,2,30113,-110.6355263231797,-123.56603968487643,10.464455601775933,2000,False,True,False,False,406.8716194629669
0.01,-5.0,11,3,60,3,30113,-109.65892259002548,-123.56603968487643,11.254805228295323,2000,False,True,False,False,406.8716194629669
0.01,-5.0,11,3,60,4,30113,-108.70822641763736,-123.56603968487643,12.024188284362044,1637,True,False,False,False,406.8716194629669
0.01,-5.0,11,3,60,5,30113,-108.70804169553648,-123.56603968487643,12.02433777697454,2000,False,True,False,False,406.8716194629669
0.01,-5.0,11,3,60,6,30113,-108.33210254641472,-123.56603968487643,12.328579257951432,2000,False,True,False,False,406.8716194629669
0.01,-5.0,11,3,60,7,30113,-110.63744230134942,-123.56603968487643,10.462905031591273,1315,True,False,False,True,406.8716194629669
0.01,-5.0,11,2,40,0,30112,-114.12492200232003,-123.56603968487643,7.640544041577726,1647,True,False,False,False,411.60460472106934
0.01,-5.0,11,2,40,1,30112,-111.1421721387621,-123.56603968487643,10.054435326889346,2000,False,True,False,False,411.60460472106934
0.01,-5.0,11,2,40,2,30112,-111.72976644752681,-123.56603968487643,9.57890474400167,2000,False,True,False,False,411.60460472106934
0.01,-5.0,11,2,40,3,30112,-111.121315025185,-123.56603968487643,10.071314652009985,2000,False,True,False,False,411.60460472106934
0.01,-5.0,11,2,40,4,30112,-112.28969181374414,-123.56603968487643,9.1257661893913,1828,True,False,False,False,411.60460472106934
0.01,-5.0,11,2,40,5,30112,-110.94651490069097,-123.56603968487643,10.212777569280627,2000,False,True,False,False,411.60460472106934
0.01,-5.0,11,2,40,6,30112,-114.59341199234852,-123.56603968487643,7.261402659994849,2000,False,True,False,True,411.60460472106934
0.01,-5.0,11,2,40,7,30112,-114.12491442468294,-123.56603968487643,7.640550174037027,2000,False,True,False,False,411.60460472106934
0.01,-3.0,13,1,20,0,30131,-85.77814916206731,-91.56603968487632,6.32100126065076,2000,False,True,False,False,364.3243682384491
0.01,-3.0,13,1,20,1,30131,-85.9208806270231,-91.56603968487632,6.165123092885729,2000,False,True,False,True,364.3243682384491
0.01,-3.0,13,1,20,2,30131,-85.67811185262175,-91.56603968487632,6.430252801713181,2000,False,True,False,False,364.3243682384491
0.01,-3.0,13,1,20,3,30131,-85.68085165837103,-91.56603968487632,6.42726063806965,2000,False,True,False,False,364.3243682384491
0.01,-3.0,13,1,20,4,30131,-85.58039138523509,-91.56603968487632,6.536974101141406,2000,False,True,False,False,364.3243682384491
0.01,-3.0,13,1,20,5,30131,-85.79737478722113,-91.56603968487632,6.300004802553428,2000,False,True,False,False,364.3243682384491
0.01,-3.0,13,1,20,6,30131,-85.80179991850301,-91.56603968487632,6.295172081495373,2000,False,True,False,False,364.3243682384491
0.01,-3.0,13,1,20,7,30131,-85.8802493242134,-91.56603968487632,6.209496861751929,2000,False,True,False,False,364.3243682384491
0.01,-4.0,12,3,60,0,30123,-93.56428619596163,-107.56603968487642,13.016890395829464,2000,False,True,False,False,410.6649742126465
0.01,-4.0,12,3,60,1,30123,-86.10161048991287,-107.56603968487642,19.954652284164553,944,True,False,False,False,410.6649742126465
0.01,-4.0,12,3,60,2,30123,-87.93736138321684,-107.56603968487642,18.2480254540963,970,True,False,False,False,410.6649742126465
0.01,-4.0,12,3,60,3,30123,-93.56278674874316,-107.56603968487642,13.018284374098865,2000,False,True,False,False,410.6649742126465
0.01,-4.0,12,3,60,4,30123,-93.487482073303,-107.56603968487642,13.088292227563375,2000,False,True,False,False,410.6649742126465
0.01,-4.0,12,3,60,5,30123,-93.22548534503598,-107.56603968487642,13.331860484826136,2000,False,True,False,False,410.6649742126465
0.01,-4.0,12,3,60,6,30123,-93.74663144668156,-107.56603968487642,12.847371046363657,1751,True,False,False,True,410.6649742126465
0.01,-4.0,12,3,60,7,30123,-93.55000896736587,-107.56603968487642,13.030163384811475,2000,False,True,False,False,410.6649742126465
0.01,-4.0,12,2,40,0,30122,-98.59074968343182,-107.56603968487642,8.343981081518335,2000,False,True,False,True,424.0283362865448
0.01,-4.0,12,2,40,1,30122,-97.67896519826944,-107.56603968487642,9.191631964486167,2000,False,True,False,False,424.0283362865448
0.01,-4.0,12,2,40,2,30122,-97.67502328847287,-107.56603968487642,9.195296606047867,2000,False,True,False,False,424.0283362865448
0.01,-4.0,12,2,40,3,30122,-98.42730355368901,-107.56603968487642,8.495930646847352,2000,False,True,False,False,424.0283362865448
0.01,-4.0,12,2,40,4,30122,-98.57972613324586,-107.56603968487642,8.354229251124895,2000,False,True,False,False,424.0283362865448
0.01,-4.0,12,2,40,5,30122,-96.73906194277554,-107.56603968487642,10.065423784141728,2000,False,True,False,False,424.0283362865448
0.01,-4.0,12,2,40,6,30122,-98.11758282300448,-107.56603968487642,8.783866069209171,2000,False,True,False,False,424.0283362865448
0.01,-4.0,12,2,40,7,30122,-98.58489773291674,-107.56603968487642,8.349421414296433,2000,False,True,False,False,424.0283362865448
0.01,-3.0,13,2,40,0,30132,-82.62275996556224,-91.56603968487632,9.767026891293204,2000,False,True,False,True,423.4981060028076
0.01,-3.0,13,2,40,1,30132,-82.53703180600637,-91.56603968487632,9.860651295986148,2000,False,True,False,False,423.4981060028076
0.01,-3.0,13,2,40,2,30132,-82.60428270746851,-91.56603968487632,9.787206051773786,2000,False,True,False,False,423.4981060028076
0.01,-3.0,13,2,40,3,30132,-82.18670210452095,-91.56603968487632,10.243249148520862,2000,False,True,False,False,423.4981060028076
0.01,-3.0,13,2,40,4,30132,-82.61609078223395,-91.56603968487632,9.774310359434054,2000,False,True,False,False,423.4981060028076
0.01,-3.0,13,2,40,5,30132,-82.57602977976326,-91.56603968487632,9.81806129876545,2000,False,True,False,False,423.4981060028076
0.01,-3.0,13,2,40,6,30132,-81.87082545128837,-91.56603968487632,10.588220553115477,2000,False,True,False,False,423.4981060028076
0.01,-3.0,13,2,40,7,30132,-76.88170781278257,-91.56603968487632,16.03687559561355,2000,False,True,False,False,423.4981060028076
0.01,-2.0,14,1,20,0,30141,-69.6956900717118,-75.5660396848763,7.768502408813402,2000,False,True,False,False,374.8151957988739
0.01,-2.0,14,1,20,1,30141,-69.8958343364142,-75.5660396848763,7.503642340008633,2000,False,True,False,False,374.8151957988739
0.01,-2.0,14,1,20,2,30141,-69.6885657711323,-75.5660396848763,7.77793032194634,2000,False,True,False,False,374.8151957988739
0.01,-2.0,14,1,20,3,30141,-69.90716619672793,-75.5660396848763,7.4886463704421615,2000,False,True,False,True,374.8151957988739
0.01,-2.0,14,1,20,4,30141,-63.59090036307569,-75.5660396848763,15.847250129474896,2000,False,True,False,False,374.8151957988739
0.01,-2.0,14,1,20,5,30141,-69.72655835520798,-75.5660396848763,7.727652996001885,2000,False,True,False,False,374.8151957988739
0.01,-2.0,14,1,20,6,30141,-69.61219056319543,-75.5660396848763,7.879001131340845,2000,False,True,False,False,374.8151957988739
0.01,-2.0,14,1,20,7,30141,-69.81057664366394,-75.5660396848763,7.616467748228782,2000,False,True,False,False,374.8151957988739
0.01,-2.0,14,2,40,0,30142,-66.35257106376659,-75.5660396848763,12.192604852036046,2000,False,True,False,False,427.60348105430603
0.01,-2.0,14,2,40,1,30142,-60.71646988014684,-75.5660396848763,19.6511155892975,2000,False,True,False,False,427.60348105430603
0.01,-2.0,14,2,40,2,30142,-66.3268489806713,-75.5660396848763,12.226644062245493,2000,False,True,False,False,427.60348105430603
0.01,-2.0,14,2,40,3,30142,-66.30376068659638,-75.5660396848763,12.257197858859959,2000,False,True,False,False,427.60348105430603
0.01,-2.0,14,2,40,4,30142,-66.72002033950955,-75.5660396848763,11.706342402296341,2000,False,True,False,False,427.60348105430603
0.01,-2.0,14,2,40,5,30142,-66.72350873865544,-75.5660396848763,11.701726043995125,2000,False,True,False,True,427.60348105430603
0.01,-2.0,14,2,40,6,30142,-66.65869804253988,-75.5660396848763,11.787493005431545,2000,False,True,False,False,427.60348105430603
0.01,-2.0,14,2,40,7,30142,-66.69749844813784,-75.5660396848763,11.736146652281693,2000,False,True,False,False,427.60348105430603
0.01,-1.0,15,1,20,0,30151,-54.184532411452736,-59.56603968487627,9.034522526415154,2000,False,True,False,True,369.2373766899109
0.01,-1.0,15,1,20,1,30151,-54.18235757450479,-59.56603968487627,9.038173662128472,2000,False,True,False,False,369.2373766899109
0.01,-1.0,15,1,20,2,30151,-54.11388034828033,-59.56603968487627,9.153133841765605,2000,False,True,False,False,369.2373766899109
0.01,-1.0,15,1,20,3,30151,-53.88877842674057,-59.56603968487627,9.53103696027176,2000,False,True,False,False,369.2373766899109
0.01,-1.0,15,1,20,4,30151,-54.12264406624188,-59.56603968487627,9.138421233695784,2000,False,True,False,False,369.2373766899109
0.01,-1.0,15,1,20,5,30151,-53.645777910238785,-59.56603968487627,9.93898840003062,2000,False,True,False,False,369.2373766899109
0.01,-1.0,15,1,20,6,30151,-48.463528414859795,-59.56603968487627,18.6389951871106,2000,False,True,False,False,369.2373766899109
0.01,-1.0,15,1,20,7,30151,-54.14578194927424,-59.56603968487627,9.099577148786393,2000,False,True,False,False,369.2373766899109
0.01,-3.0,13,3,60,0,30133,-77.99516204075763,-91.56603968487632,14.82086337994166,2000,False,True,False,False,481.35448479652405
0.01,-3.0,13,3,60,1,30133,-77.49466517255328,-91.56603968487632,15.367459989259707,2000,False,True,False,False,481.35448479652405
0.01,-3.0,13,3,60,2,30133,-77.44059278819026,-91.56603968487632,15.426512870163055,2000,False,True,False,False,481.35448479652405
0.01,-3.0,13,3,60,3,30133,-77.73658817501713,-91.56603968487632,15.103253954690093,2000,False,True,False,False,481.35448479652405
0.01,-3.0,13,3,60,4,30133,-72.80218591476768,-91.56603968487632,20.49215389754135,2000,False,True,False,False,481.35448479652405
0.01,-3.0,13,3,60,5,30133,-77.22837002312178,-91.56603968487632,15.658283039320573,2000,False,True,False,False,481.35448479652405
0.01,-3.0,13,3,60,6,30133,-78.00675728307318,-91.56603968487632,14.808200123612725,2000,False,True,False,True,481.35448479652405
0.01,-3.0,13,3,60,7,30133,-77.73151361404405,-91.56603968487632,15.108795923077665,2000,False,True,False,False,481.35448479652405
0.01,0.0,16,1,20,0,30161,-37.99623211361947,-43.56603968487643,12.784746126902302,2000,False,True,False,False,369.0299849510193
0.01,0.0,16,1,20,1,30161,-38.40654237420296,-43.56603968487643,11.84293396414581,2000,False,True,False,True,369.0299849510193
0.01,0.0,16,1,20,2,30161,-38.25545709686692,-43.56603968487643,12.189729951178078,2000,False,True,False,False,369.0299849510193
0.01,0.0,16,1,20,3,30161,-37.19981586067279,-43.56603968487643,14.612812801558404,2000,False,True,False,False,369.0299849510193
0.01,0.0,16,1,20,4,30161,-38.378739827307264,-43.56603968487643,11.906750981016739,2000,False,True,False,False,369.0299849510193
0.01,0.0,16,1,20,5,30161,-37.365961141558486,-43.56603968487643,14.231448596577959,2000,False,True,False,False,369.0299849510193
0.01,0.0,16,1,20,6,30161,-38.01275563179222,-43.56603968487643,12.74681860745765,2000,False,True,False,False,369.0299849510193
0.01,0.0,16,1,20,7,30161,-38.0875895382686,-43.56603968487643,12.575047413615664,2000,False,True,False,False,369.0299849510193
0.01,1.0,17,1,20,0,30171,-24.60118338241563,-35.56603968487625,30.82956775511671,2000,False,True,False,False,371.9601674079895
0.01,1.0,17,1,20,1,30171,-24.642283386505433,-35.56603968487625,30.714008068252614,2000,False,True,False,False,371.9601674079895
0.01,1.0,17,1,20,2,30171,-24.636719069319106,-35.56603968487625,30.72965309714992,2000,False,True,False,False,371.9601674079895
0.01,1.0,17,1,20,3,30171,-24.624126282514037,-35.56603968487625,30.765059869780902,2000,False,True,False,False,371.9601674079895
0.01,1.0,17,1,20,4,30171,-24.14637392540227,-35.56603968487625,32.10834228566068,2000,False,True,False,False,371.9601674079895
0.01,1.0,17,1,20,5,30171,-24.659503624960877,-35.56603968487625,30.665590424320317,2000,False,True,False,False,371.9601674079895
0.01,1.0,17,1,20,6,30171,-24.861508257423445,-35.56603968487625,30.097619870802472,2000,False,True,False,True,371.9601674079895
0.01,1.0,17,1,20,7,30171,-24.67131857915251,-35.56603968487625,30.632370661039626,2000,False,True,False,False,371.9601674079895
0.01,-1.0,15,2,40,0,30152,-44.75710404097563,-59.56603968487627,24.86137356494527,2000,False,True,False,False,424.32253217697144
0.01,-1.0,15,2,40,1,30152,-50.399017756375684,-59.56603968487627,15.389678375458763,2000,False,True,False,False,424.32253217697144
0.01,-1.0,15,2,40,2,30152,-50.70721078422641,-59.56603968487627,14.872281164764264,2000,False,True,False,False,424.32253217697144
0.01,-1.0,15,2,40,3,30152,-50.53988322057213,-59.56603968487627,15.153192174694588,2000,False,True,False,False,424.32253217697144
0.01,-1.0,15,2,40,4,30152,-50.44811683909283,-59.56603968487627,15.307250396400732,2000,False,True,False,False,424.32253217697144
0.01,-1.0,15,2,40,5,30152,-50.444927854087425,-59.56603968487627,15.312604092940369,2000,False,True,False,False,424.32253217697144
0.01,-1.0,15,2,40,6,30152,-50.757122765675355,-59.56603968487627,14.78848848404721,2000,False,True,False,True,424.32253217697144
0.01,-1.0,15,2,40,7,30152,-50.736620298212465,-59.56603968487627,14.822908209735461,2000,False,True,False,False,424.32253217697144
0.01,-2.0,14,3,60,0,30143,-56.89234716124918,-75.5660396848763,24.711752265302923,2000,False,True,False,False,484.36709356307983
0.01,-2.0,14,3,60,1,30143,-61.94243509705271,-75.5660396848763,18.028739688670235,2000,False,True,False,False,484.36709356307983
0.01,-2.0,14,3,60,2,30143,-61.96874800699642,-75.5660396848763,17.99391861024209,2000,False,True,False,True,484.36709356307983
0.01,-2.0,14,3,60,3,30143,-61.93798133223181,-75.5660396848763,18.0346335595671,2000,False,True,False,False,484.36709356307983
0.01,-2.0,14,3,60,4,30143,-61.937031729702376,-75.5660396848763,18.035890212070516,2000,False,True,False,False,484.36709356307983
0.01,-2.0,14,3,60,5,30143,-61.706523462235026,-75.5660396848763,18.340932355907363,2000,False,True,False,False,484.36709356307983
0.01,-2.0,14,3,60,6,30143,-61.88438663042119,-75.5660396848763,18.105557882231242,2000,False,True,False,False,484.36709356307983
0.01,-2.0,14,3,60,7,30143,-61.9008970536711,-75.5660396848763,18.083708883238096,2000,False,True,False,False,484.36709356307983
0.01,2.0,18,1,20,0,30181,-15.612983439184328,-27.566039684876344,43.361528831614734,2000,False,True,False,False,364.5910713672638
0.01,2.0,18,1,20,1,30181,-15.828245056640144,-27.566039684876344,42.5806345866793,2000,False,True,False,False,364.5910713672638
0.01,2.0,18,1,20,2,30181,-15.308896109414748,-27.566039684876344,44.46465185271527,2000,False,True,False,False,364.5910713672638
0.01,2.0,18,1,20,3,30181,-15.83946442800916,-27.566039684876344,42.539934611284686,2000,False,True,False,False,364.5910713672638
0.01,2.0,18,1,20,4,30181,-15.969343870184526,-27.566039684876344,42.06877718838283,2000,False,True,False,True,364.5910713672638
0.01,2.0,18,1,20,5,30181,-15.42309801854769,-27.566039684876344,44.05036706448145,2000,False,True,False,False,364.5910713672638
0.01,2.0,18,1,20,6,30181,-15.434730922147025,-27.566039684876344,44.008166938049364,2000,False,True,False,False,364.5910713672638
0.01,2.0,18,1,20,7,30181,-15.727791009228836,-27.566039684876344,42.94504691634167,2000,False,True,False,False,364.5910713672638
0.01,0.0,16,2,40,0,30162,-34.99264614212518,-43.56603968487643,19.679074813236756,2000,False,True,False,False,427.6283583641052
0.01,0.0,16,2,40,1,30162,-34.11096369037923,-43.56603968487643,21.702858609338886,2000,False,True,False,False,427.6283583641052
0.01,0.0,16,2,40,2,30162,-34.95514391246904,-43.56603968487643,19.765156150735884,2000,False,True,False,False,427.6283583641052
0.01,0.0,16,2,40,3,30162,-35.36393977959555,-43.56603968487643,18.826820075014002,2000,False,True,False,False,427.6283583641052
0.01,0.0,16,2,40,4,30162,-35.38466213158651,-43.56603968487643,18.779254695785475,2000,False,True,False,True,427.6283583641052
0.01,0.0,16,2,40,5,30162,-33.26498163028425,-43.56603968487643,23.644696945378087,2000,False,True,False,False,427.6283583641052
0.01,0.0,16,2,40,6,30162,-34.97333559117954,-43.56603968487643,19.72339959254954,2000,False,True,False,False,427.6283583641052
0.01,0.0,16,2,40,7,30162,-35.352121925151344,-43.56603968487643,18.85394637460351,2000,False,True,False,False,427.6283583641052
0.01,1.0,17,2,40,0,30172,-21.586783379800956,-35.56603968487625,39.30506862426883,2000,False,True,False,False,427.49983310699463
0.01,1.0,17,2,40,1,30172,-22.05142516713618,-35.56603968487625,37.99864881635076,2000,False,True,False,False,427.49983310699463
0.01,1.0,17,2,40,2,30172,-22.51260825932694,-35.56603968487625,36.70195372103806,2000,False,True,False,True,427.49983310699463
0.01,1.0,17,2,40,3,30172,-22.111696353771457,-35.56603968487625,37.82918607276364,2000,False,True,False,False,427.49983310699463
0.01,1.0,17,2,40,4,30172,-22.18635406463612,-35.56603968487625,37.61927315716733,2000,False,True,False,False,427.49983310699463
0.01,1.0,17,2,40,5,30172,-22.158034032962156,-35.56603968487625,37.69889976705948,2000,False,True,False,False,427.49983310699463
0.01,1.0,17,2,40,6,30172,-22.161021691013406,-35.56603968487625,37.69049945575768,2000,False,True,False,False,427.49983310699463
0.01,1.0,17,2,40,7,30172,-21.278707823758356,-35.56603968487625,40.171275710501156,2000,False,True,False,False,427.49983310699463
0.01,-1.0,15,3,60,0,30153,-46.496043820487856,-59.56603968487627,21.942025915325154,2000,False,True,False,False,481.27677154541016
0.01,-1.0,15,3,60,1,30153,-46.31977209252896,-59.56603968487627,22.237952468259397,2000,False,True,False,False,481.27677154541016
0.01,-1.0,15,3,60,2,30153,-46.54827638419452,-59.56603968487627,21.854337420365617,2000,False,True,False,False,481.27677154541016
0.01,-1.0,15,3,60,3,30153,-46.491651618221255,-59.56603968487627,21.949399583760787,2000,False,True,False,False,481.27677154541016
0.01,-1.0,15,3,60,4,30153,-46.16133418450721,-59.56603968487627,22.503939444831843,2000,False,True,False,False,481.27677154541016
0.01,-1.0,15,3,60,5,30153,-46.16155504796181,-59.56603968487627,22.50356865728953,1903,True,False,False,False,481.27677154541016
0.01,-1.0,15,3,60,6,30153,-46.55029149601296,-59.56603968487627,21.850954432627812,2000,False,True,False,False,481.27677154541016
0.01,-1.0,15,3,60,7,30153,-46.63657046496852,-59.56603968487627,21.7061085281292,2000,False,True,False,True,481.27677154541016
0.01,0.0,16,3,60,0,30163,-30.243647279663325,-43.56603968487643,30.579764655169832,2000,False,True,False,False,479.1716945171356
0.01,0.0,16,3,60,1,30163,-30.24060537703633,-43.56603968487643,30.586746934598935,2000,False,True,False,False,479.1716945171356
0.01,0.0,16,3,60,2,30163,-30.393336668502993,-43.56603968487643,30.23617274293175,2000,False,True,False,False,479.1716945171356
0.01,0.0,16,3,60,3,30163,-30.1050425172495,-43.56603968487643,30.89791329437685,2000,False,True,False,False,479.1716945171356
0.01,0.0,16,3,60,4,30163,-29.1567138162476,-43.56603968487643,33.074674615491624,2000,False,True,False,False,479.1716945171356
0.01,0.0,16,3,60,5,30163,-29.87358469890698,-43.56603968487643,31.42919366784368,2000,False,True,False,False,479.1716945171356
0.01,0.0,16,3,60,6,30163,-30.399925498938277,-43.56603968487643,30.221048966515664,2000,False,True,False,True,479.1716945171356
0.01,0.0,16,3,60,7,30163,-29.67424760304228,-43.56603968487643,31.88674523164557,2000,False,True,False,False,479.1716945171356
0.01,3.0,19,1,20,0,30191,-7.337397941599352,-19.566039684876287,62.499319945308876,2000,False,True,False,False,366.10938477516174
0.01,3.0,19,1,20,1,30191,-7.809035026194237,-19.566039684876287,60.088831710638466,2000,False,True,False,False,366.10938477516174
0.01,3.0,19,1,20,2,30191,-7.164254788257877,-19.566039684876287,63.38423664858688,2000,False,True,False,False,366.10938477516174
0.01,3.0,19,1,20,3,30191,-7.8629152359734515,-19.566039684876287,59.81345554536952,2000,False,True,False,True,366.10938477516174
0.01,3.0,19,1,20,4,30191,-7.504331758820936,-19.566039684876287,61.64613851508508,2000,False,True,False,False,366.10938477516174
0.01,3.0,19,1,20,5,30191,-7.261597099407157,-19.566039684876287,62.88673018986023,2000,False,True,False,False,366.10938477516174
0.01,3.0,19,1,20,6,30191,-7.208186472279727,-19.566039684876287,63.15970636688758,2000,False,True,False,False,366.10938477516174
0.01,3.0,19,1,20,7,30191,-7.173385836665876,-19.566039684876287,63.3375688069845,2000,False,True,False,False,366.10938477516174
0.01,1.0,17,3,60,0,30173,-18.122654844404295,-35.56603968487625,49.045058136988494,2000,False,True,False,False,486.30135774612427
0.01,1.0,17,3,60,1,30173,-18.01851203187044,-35.56603968487625,49.33787345591797,2000,False,True,False,False,486.30135774612427
0.01,1.0,17,3,60,2,30173,-18.661608292208193,-35.56603968487625,47.52969839331403,2000,False,True,False,True,486.30135774612427
0.01,1.0,17,3,60,3,30173,-17.17809300017803,-35.56603968487625,51.700855219248176,2000,False,True,False,False,486.30135774612427
0.01,1.0,17,3,60,4,30173,-18.016884610146107,-35.56603968487625,49.34244923027675,2000,False,True,False,False,486.30135774612427
0.01,1.0,17,3,60,5,30173,-18.252897343900116,-35.56603968487625,48.67885908685584,2000,False,True,False,False,486.30135774612427
0.01,1.0,17,3,60,6,30173,-18.168232465590506,-35.56603968487625,48.91690886428329,2000,False,True,False,False,486.30135774612427
0.01,1.0,17,3,60,7,30173,-17.95551924227325,-35.56603968487625,49.514988451445504,2000,False,True,False,False,486.30135774612427
0.01,2.0,18,2,40,0,30182,-13.614119189095128,-27.566039684876344,50.612712799059445,2000,False,True,False,True,424.23179745674133
0.01,2.0,18,2,40,1,30182,-13.580295729633145,-27.566039684876344,50.73541254065687,2000,False,True,False,False,424.23179745674133
0.01,2.0,18,2,40,2,30182,-13.372374549473017,-27.566039684876344,51.489678233288075,2000,False,True,False,False,424.23179745674133
0.01,2.0,18,2,40,3,30182,-13.054969822414268,-27.566039684876344,52.641112137785015,2000,False,True,False,False,424.23179745674133
0.01,2.0,18,2,40,4,30182,-12.298870843473061,-27.566039684876344,55.383976138506995,2000,False,True,False,False,424.23179745674133
0.01,2.0,18,2,40,5,30182,-12.838221983161635,-27.566039684876344,53.42739787824831,2000,False,True,False,False,424.23179745674133
0.01,2.0,18,2,40,6,30182,-12.498975693052358,-27.566039684876344,54.65806537342498,2000,False,True,False,False,424.23179745674133
0.01,2.0,18,2,40,7,30182,-12.914887080175903,-27.566039684876344,53.149283582939034,2000,False,True,False,False,424.23179745674133
0.01,3.0,19,2,40,0,30192,-3.365225126301521,-19.566039684876287,82.80068332426671,2000,False,True,False,False,425.8187885284424
0.01,3.0,19,2,40,1,30192,-4.095596131081994,-19.566039684876287,79.06783285200166,2000,False,True,False,False,425.8187885284424
0.01,3.0,19,2,40,2,30192,-5.143975537122875,-19.566039684876287,73.70967441562051,2000,False,True,False,False,425.8187885284424
0.01,3.0,19,2,40,3,30192,-5.327321457582018,-19.566039684876287,72.77261242754295,2000,False,True,False,False,425.8187885284424
0.01,3.0,19,2,40,4,30192,-5.036255752520541,-19.566039684876287,74.26021906511131,2000,False,True,False,False,425.8187885284424
0.01,3.0,19,2,40,5,30192,-3.271910223775094,-19.566039684876287,83.27760611512946,2000,False,True,False,False,425.8187885284424
0.01,3.0,19,2,40,6,30192,-5.025822937206196,-19.566039684876287,74.31354010239004,2000,False,True,False,False,425.8187885284424
0.01,3.0,19,2,40,7,30192,-5.356402989712478,-19.566039684876287,72.62397973232801,2000,False,True,False,True,425.8187885284424
0.01,2.0,18,3,60,0,30183,-9.040222008825138,-27.566039684876344,67.20522021962803,2000,False,True,False,False,481.8435688018799
0.01,2.0,18,3,60,1,30183,-8.477870089380456,-27.566039684876344,69.24523730540916,2000,False,True,False,False,481.8435688018799
0.01,2.0,18,3,60,2,30183,-9.900723200832502,-27.566039684876344,64.08362131806561,2000,False,True,False,True,481.8435688018799
0.01,2.0,18,3,60,3,30183,-9.748554441870489,-27.566039684876344,64.63563662639986,2000,False,True,False,False,481.8435688018799
0.01,2.0,18,3,60,4,30183,-8.180034397945027,-27.566039684876344,70.32568155797559,2000,False,True,False,False,481.8435688018799
0.01,2.0,18,3,60,5,30183,-9.32892468757157,-27.566039684876344,66.15790735914186,2000,False,True,False,False,481.8435688018799
0.01,2.0,18,3,60,6,30183,-9.355076320528847,-27.566039684876344,66.06303833458763,2000,False,True,False,False,481.8435688018799
0.01,2.0,18,3,60,7,30183,-8.72785197471037,-27.566039684876344,68.33839001001381,2000,False,True,False,False,481.8435688018799
0.01,4.0,20,1,20,0,30201,0.17969168398815272,-11.56603968487638,101.55361462422714,2000,False,True,False,False,366.41849875450134
0.01,4.0,20,1,20,1,30201,0.1999882551858244,-11.56603968487638,101.7290988154513,2000,False,True,False,False,366.41849875450134
0.01,4.0,20,1,20,2,30201,-0.020935592668645975,-11.56603968487638,99.81899082798392,2000,False,True,False,False,366.41849875450134
0.01,4.0,20,1,20,3,30201,0.41079313308100085,-11.56603968487638,103.551718170379,2000,False,True,False,False,366.41849875450134
0.01,4.0,20,1,20,4,30201,-0.5372634799293776,-11.56603968487638,95.35481898240505,2000,False,True,False,True,366.41849875450134
0.01,4.0,20,1,20,5,30201,-0.0062580815671923196,-11.56603968487638,99.94589261546997,2000,False,True,False,False,366.41849875450134
0.01,4.0,20,1,20,6,30201,0.2726529340394073,-11.56603968487638,102.35735776002848,2000,False,True,False,False,366.41849875450134
0.01,4.0,20,1,20,7,30201,-0.14384392143859231,-11.56603968487638,98.75632519550595,2000,False,True,False,False,366.41849875450134
0.01,3.0,19,3,60,0,30193,0.28570198804343294,-19.566039684876287,101.46019323606026,2000,False,True,False,False,481.62881994247437
0.01,3.0,19,3,60,1,30193,-1.5383148153827821,-19.566039684876287,92.13783248854476,2000,False,True,False,False,481.62881994247437
0.01,3.0,19,3,60,2,30193,-1.0633570570253563,-19.566039684876287,94.56529234249031,2000,False,True,False,False,481.62881994247437
0.01,3.0,19,3,60,3,30193,-1.5188135337753297,-19.566039684876287,92.2375015167259,2000,False,True,False,False,481.62881994247437
0.01,3.0,19,3,60,4,30193,-0.16790015001841507,-19.566039684876287,99.14187974305196,2000,False,True,False,False,481.62881994247437
0.01,3.0,19,3,60,5,30193,-1.5403304630233463,-19.566039684876287,92.1275307224591,2000,False,True,False,True,481.62881994247437
0.01,3.0,19,3,60,6,30193,0.23330574372548285,-19.566039684876287,101.19240146438943,2000,False,True,False,False,481.62881994247437
0.01,3.0,19,3,60,7,30193,0.33883033868302737,-19.566039684876287,101.73172672722795,2000,False,True,False,False,481.62881994247437
0.01,4.0,20,2,40,0,30202,4.0302198354109295,-11.56603968487638,134.84528797424755,2000,False,True,False,False,432.9878578186035
0.01,4.0,20,2,40,1,30202,4.08985330523767,-11.56603968487638,135.3608790620485,2000,False,True,False,False,432.9878578186035
0.01,4.0,20,2,40,2,30202,2.825986677118586,-11.56603968487638,124.43348591319304,2000,False,True,False,False,432.9878578186035
0.01,4.0,20,2,40,3,30202,3.928917954760477,-11.56603968487638,133.96943173122503,2000,False,True,False,False,432.9878578186035
0.01,4.0,20,2,40,4,30202,2.8296233450661266,-11.56603968487638,124.46492855083413,2000,False,True,False,False,432.9878578186035
0.01,4.0,20,2,40,5,30202,3.082532238244323,-11.56603968487638,126.65157929792517,2000,False,True,False,False,432.9878578186035
0.01,4.0,20,2,40,6,30202,2.2601582339515995,-11.56603968487638,119.54133217186656,2000,False,True,False,True,432.9878578186035
0.01,4.0,20,2,40,7,30202,3.0871297099415536,-11.56603968487638,126.69132904652099,2000,False,True,False,False,432.9878578186035
0.01,5.0,21,1,20,0,30211,4.1894434809010965,-3.566039684876202,217.48168419630295,2000,False,True,False,False,370.69767236709595
0.01,5.0,21,1,20,1,30211,4.001404793934875,-3.566039684876202,212.208644533741,2000,False,True,False,False,370.69767236709595
0.01,5.0,21,1,20,2,30211,4.571801075884936,-3.566039684876202,228.20387544407404,2000,False,True,False,False,370.69767236709595
0.01,5.0,21,1,20,3,30211,4.096314364568462,-3.566039684876202,214.8701283931637,2000,False,True,False,False,370.69767236709595
0.01,5.0,21,1,20,4,30211,5.247021058796437,-3.566039684876202,247.13860535678793,2000,False,True,False,False,370.69767236709595
0.01,5.0,21,1,20,5,30211,4.130367424149546,-3.566039684876202,215.8250549388638,2000,False,True,False,False,370.69767236709595
0.01,5.0,21,1,20,6,30211,3.993289289437034,-3.566039684876202,211.98106701876665,2000,False,True,False,True,370.69767236709595
0.01,5.0,21,1,20,7,30211,4.122999729125652,-3.566039684876202,215.61844773100964,2000,False,True,False,False,370.69767236709595
0.01,6.0,22,1,20,0,30221,5.30348395517115,0.9999999999999949,430.34839551711775,2000,False,True,False,False,370.85982728004456
0.01,6.0,22,1,20,1,30221,5.4224726640069765,0.9999999999999949,442.2472664007004,2000,False,True,False,False,370.85982728004456
0.01,6.0,22,1,20,2,30221,5.520798202525486,0.9999999999999949,452.0798202525515,2000,False,True,False,False,370.85982728004456
0.01,6.0,22,1,20,3,30221,5.786053904352165,0.9999999999999949,478.6053904352195,2000,False,True,False,False,370.85982728004456
0.01,6.0,22,1,20,4,30221,5.720631380803499,0.9999999999999949,472.0631380803528,2000,False,True,False,False,370.85982728004456
0.01,6.0,22,1,20,5,30221,16.59513770816806,0.9999999999999949,1559.5137708168145,2000,False,True,False,False,370.85982728004456
0.01,6.0,22,1,20,6,30221,4.655557337281234,0.9999999999999949,365.5557337281258,2000,False,True,False,False,370.85982728004456
0.01,6.0,22,1,20,7,30221,4.644375195505043,0.9999999999999949,364.43751955050675,2000,False,True,False,True,370.85982728004456
0.01,5.0,21,2,40,0,30212,5.306450606468388,-3.566039684876202,248.80514731715908,2000,False,True,False,True,414.197306394577
0.01,5.0,21,2,40,1,30212,7.072003632072159,-3.566039684876202,298.3153373773424,2000,False,True,False,False,414.197306394577
0.01,5.0,21,2,40,2,30212,7.525989253198618,-3.566039684876202,311.0461441334153,1575,True,False,False,False,414.197306394577
0.01,5.0,21,2,40,3,30212,6.885472648681321,-3.566039684876202,293.084577209924,2000,False,True,False,False,414.197306394577
0.01,5.0,21,2,40,4,30212,8.252070460519398,-3.566039684876202,331.407140406119,2000,False,True,False,False,414.197306394577
0.01,5.0,21,2,40,5,30212,8.260454310112031,-3.566039684876202,331.6422429381573,2000,False,True,False,False,414.197306394577
0.01,5.0,21,2,40,6,30212,6.907418866839497,-3.566039684876202,293.69999992244317,2000,False,True,False,False,414.197306394577
0.01,5.0,21,2,40,7,30212,5.36373250424013,-3.566039684876202,250.4114642074247,2000,False,True,False,False,414.197306394577
0.01,4.0,20,3,60,0,30203,5.6558159866256155,-11.56603968487638,148.9001952329551,2000,False,True,False,True,482.24804854393005
0.01,4.0,20,3,60,1,30203,6.898877453597726,-11.56603968487638,159.64770692096639,2000,False,True,False,False,482.24804854393005
0.01,4.0,20,3,60,2,30203,7.281767946953122,-11.56603968487638,162.95817881789455,2000,False,True,False,False,482.24804854393005
0.01,4.0,20,3,60,3,30203,7.301796005417467,-11.56603968487638,163.13134144754153,2000,False,True,False,False,482.24804854393005
0.01,4.0,20,3,60,4,30203,6.320686482569586,-11.56603968487638,154.6486667414296,2000,False,True,False,False,482.24804854393005
0.01,4.0,20,3,60,5,30203,6.9651736021349615,-11.56603968487638,160.22090354092887,2000,False,True,False,False,482.24804854393005
0.01,4.0,20,3,60,6,30203,8.24736422905585,-11.56603968487638,171.30672601651202,2000,False,True,False,False,482.24804854393005
0.01,4.0,20,3,60,7,30203,6.313059365749476,-11.56603968487638,154.58272267563078,2000,False,True,False,False,482.24804854393005
0.01,7.0,23,1,20,0,30231,6.0878041748436065,0.9999999999999978,508.780417484362,2000,False,True,False,False,366.76638746261597
0.01,7.0,23,1,20,1,30231,5.4792500309284105,0.9999999999999978,447.9250030928422,2000,False,True,False,False,366.76638746261597
0.01,7.0,23,1,20,2,30231,5.3199268126539,0.9999999999999978,431.9926812653912,2000,False,True,False,True,366.76638746261597
0.01,7.0,23,1,20,3,30231,5.4437022586629755,0.9999999999999978,444.3702258662987,2000,False,True,False,False,366.76638746261597
0.01,7.0,23,1,20,4,30231,5.326922408419247,0.9999999999999978,432.6922408419258,2000,False,True,False,False,366.76638746261597
0.01,7.0,23,1,20,5,30231,5.3237295883301705,0.9999999999999978,432.37295883301823,2000,False,True,False,False,366.76638746261597
0.01,7.0,23,1,20,6,30231,6.868328362651367,0.9999999999999978,586.8328362651382,2000,False,True,False,False,366.76638746261597
0.01,7.0,23,1,20,7,30231,5.857678391297383,0.9999999999999978,485.7678391297396,2000,False,True,False,False,366.76638746261597
0.01,6.0,22,2,40,0,30222,8.269074735599187,0.9999999999999949,726.9074735599229,2000,False,True,False,False,422.7136206626892
0.01,6.0,22,2,40,1,30222,7.172875148382841,0.9999999999999949,617.2875148382877,2000,False,True,False,False,422.7136206626892
0.01,6.0,22,2,40,2,30222,8.229129370464483,0.9999999999999949,722.9129370464525,2000,False,True,False,False,422.7136206626892
0.01,6.0,22,2,40,3,30222,8.781435912957363,0.9999999999999949,778.1435912957409,2000,False,True,False,False,422.7136206626892
0.01,6.0,22,2,40,4,30222,7.869815237796514,0.9999999999999949,686.9815237796555,2000,False,True,False,False,422.7136206626892
0.01,6.0,22,2,40,5,30222,7.129751267243181,0.9999999999999949,612.9751267243217,2000,False,True,False,True,422.7136206626892
0.01,6.0,22,2,40,6,30222,8.213091112442623,0.9999999999999949,721.3091112442664,2000,False,True,False,False,422.7136206626892
0.01,6.0,22,2,40,7,30222,8.033472661691937,0.9999999999999949,703.3472661691977,2000,False,True,False,False,422.7136206626892
0.01,8.0,24,1,20,0,30241,6.0436131796619295,1.0000000000000138,504.3613179661847,2000,False,True,False,False,369.0422406196594
0.01,8.0,24,1,20,1,30241,6.784111922219586,1.0000000000000138,578.4111922219492,2000,False,True,False,False,369.0422406196594
0.01,8.0,24,1,20,2,30241,6.782952520133197,1.0000000000000138,578.2952520133102,2000,False,True,False,False,369.0422406196594
0.01,8.0,24,1,20,3,30241,5.996391689726943,1.0000000000000138,499.63916897268604,2000,False,True,False,True,369.0422406196594
0.01,8.0,24,1,20,4,30241,6.794543989691588,1.0000000000000138,579.4543989691495,2000,False,True,False,False,369.0422406196594
0.01,8.0,24,1,20,5,30241,6.993288478513865,1.0000000000000138,599.3288478513767,2000,False,True,False,False,369.0422406196594
0.01,8.0,24,1,20,6,30241,6.5815195778435225,1.0000000000000138,558.1519577843432,2000,False,True,False,False,369.0422406196594
0.01,8.0,24,1,20,7,30241,6.797515546935144,1.0000000000000138,579.7515546935051,2000,False,True,False,False,369.0422406196594
0.01,5.0,21,3,60,0,30213,8.577543724464054,-3.566039684876202,340.5341634542642,2000,False,True,False,True,480.432044506073
0.01,5.0,21,3,60,1,30213,8.615325876654511,-3.566039684876202,341.59366238106236,2000,False,True,False,False,480.432044506073
0.01,5.0,21,3,60,2,30213,9.636233287590501,-3.566039684876202,370.22226725233514,1958,True,False,False,False,480.432044506073
0.01,5.0,21,3,60,3,30213,10.061970523417973,-3.566039684876202,382.1609239541394,2000,False,True,False,False,480.432044506073
0.01,5.0,21,3,60,4,30213,8.578449158783277,-3.566039684876202,340.5595539265875,2000,False,True,False,False,480.432044506073
0.01,5.0,21,3,60,5,30213,8.593663583446924,-3.566039684876202,340.98620158079535,2000,False,True,False,False,480.432044506073
0.01,5.0,21,3,60,6,30213,9.636236175641265,-3.566039684876202,370.22234823995785,2000,False,True,False,False,480.432044506073
0.01,5.0,21,3,60,7,30213,16.395404725282443,-3.566039684876202,559.7650664073198,2000,False,True,False,False,480.432044506073
0.01,7.0,23,2,40,0,30232,11.806870390335478,0.9999999999999978,1080.6870390335505,2000,False,True,False,False,419.5959138870239
0.01,7.0,23,2,40,1,30232,9.88186513516902,0.9999999999999978,888.1865135169041,2000,False,True,False,False,419.5959138870239
0.01,7.0,23,2,40,2,30232,7.7577480912524495,0.9999999999999978,675.7748091252467,2000,False,True,False,True,419.5959138870239
0.01,7.0,23,2,40,3,30232,8.426424475835898,0.9999999999999978,742.6424475835917,2000,False,True,False,False,419.5959138870239
0.01,7.0,23,2,40,4,30232,11.187932091210309,0.9999999999999978,1018.7932091210333,2000,False,True,False,False,419.5959138870239
0.01,7.0,23,2,40,5,30232,10.320110891877185,0.9999999999999978,932.0110891877208,1692,True,False,False,False,419.5959138870239
0.01,7.0,23,2,40,6,30232,10.082703982485391,0.9999999999999978,908.2703982485413,2000,False,True,False,False,419.5959138870239
0.01,7.0,23,2,40,7,30232,9.221155322449953,0.9999999999999978,822.1155322449972,2000,False,True,False,False,419.5959138870239
0.01,9.0,25,1,20,0,30251,6.951340463415336,1.000000000000004,595.1340463415308,2000,False,True,False,False,368.97913932800293
0.01,9.0,25,1,20,1,30251,6.641802111825743,1.000000000000004,564.1802111825716,2000,False,True,False,True,368.97913932800293
0.01,9.0,25,1,20,2,30251,7.349209681454808,1.000000000000004,634.9209681454778,2000,False,True,False,False,368.97913932800293
0.01,9.0,25,1,20,3,30251,6.761356161989978,1.000000000000004,576.1356161989952,2000,False,True,False,False,368.97913932800293
0.01,9.0,25,1,20,4,30251,6.6437568076858975,1.000000000000004,564.3756807685871,2000,False,True,False,False,368.97913932800293
0.01,9.0,25,1,20,5,30251,7.467793836316503,1.000000000000004,646.7793836316473,2000,False,True,False,False,368.97913932800293
0.01,9.0,25,1,20,6,30251,7.554990248167071,1.000000000000004,655.4990248167041,2000,False,True,False,False,368.97913932800293
0.01,9.0,25,1,20,7,30251,7.570585242598958,1.000000000000004,657.0585242598927,2000,False,True,False,False,368.97913932800293
0.01,6.0,22,3,60,0,30223,10.284263626515614,0.9999999999999949,928.4263626515667,2000,False,True,False,False,479.2997553348541
0.01,6.0,22,3,60,1,30223,10.276487151367627,0.9999999999999949,927.648715136768,2000,False,True,False,False,479.2997553348541
0.01,6.0,22,3,60,2,30223,10.255100182121959,0.9999999999999949,925.5100182122012,2000,False,True,False,False,479.2997553348541
0.01,6.0,22,3,60,3,30223,10.244026840921801,0.9999999999999949,924.4026840921855,2000,False,True,False,True,479.2997553348541
0.01,6.0,22,3,60,4,30223,11.976131986645374,0.9999999999999949,1097.6131986645437,2000,False,True,False,False,479.2997553348541
0.01,6.0,22,3,60,5,30223,11.516902853640572,0.9999999999999949,1051.6902853640631,2000,False,True,False,False,479.2997553348541
0.01,6.0,22,3,60,6,30223,10.279704864307734,0.9999999999999949,927.9704864307787,2000,False,True,False,False,479.2997553348541
0.01,6.0,22,3,60,7,30223,10.25265399065733,0.9999999999999949,925.2653990657384,2000,False,True,False,False,479.2997553348541
0.01,8.0,24,2,40,0,30242,8.69012378713075,1.0000000000000138,769.012378713063,2000,False,True,False,False,421.65280961990356
0.01,8.0,24,2,40,1,30242,11.189710711553369,1.0000000000000138,1018.9710711553214,2000,False,True,False,False,421.65280961990356
0.01,8.0,24,2,40,2,30242,8.639209247843265,1.0000000000000138,763.9209247843146,2000,False,True,False,True,421.65280961990356
0.01,8.0,24,2,40,3,30242,11.426884772801523,1.0000000000000138,1042.6884772801366,2000,False,True,False,False,421.65280961990356
0.01,8.0,24,2,40,4,30242,9.398067709287213,1.0000000000000138,839.8067709287084,2000,False,True,False,False,421.65280961990356
0.01,8.0,24,2,40,5,30242,8.849256816420946,1.0000000000000138,784.9256816420823,2000,False,True,False,False,421.65280961990356
0.01,8.0,24,2,40,6,30242,8.865481856753698,1.0000000000000138,786.5481856753576,2000,False,True,False,False,421.65280961990356
0.01,8.0,24,2,40,7,30242,10.503814883705843,1.0000000000000138,950.3814883705697,2000,False,True,False,False,421.65280961990356
0.01,7.0,23,3,60,0,30233,11.929573426404902,0.9999999999999978,1092.957342640493,2000,False,True,False,False,480.92349433898926
0.01,7.0,23,3,60,1,30233,11.948972884744316,0.9999999999999978,1094.8972884744344,2000,False,True,False,False,480.92349433898926
0.01,7.0,23,3,60,2,30233,14.194189434345828,0.9999999999999978,1319.4189434345858,2000,False,True,False,False,480.92349433898926
0.01,7.0,23,3,60,3,30233,11.9408843420058,0.9999999999999978,1094.0884342005827,2000,False,True,False,False,480.92349433898926
0.01,7.0,23,3,60,4,30233,11.92759197332913,0.9999999999999978,1092.7591973329158,2000,False,True,False,True,480.92349433898926
0.01,7.0,23,3,60,5,30233,11.959999037239685,0.9999999999999978,1095.999903723971,2000,False,True,False,False,480.92349433898926
0.01,7.0,23,3,60,6,30233,11.930239819138409,0.9999999999999978,1093.0239819138435,2000,False,True,False,False,480.92349433898926
0.01,7.0,23,3,60,7,30233,14.190067526528038,0.9999999999999978,1319.0067526528069,2000,False,True,False,False,480.92349433898926
0.01,9.0,25,2,40,0,30252,9.75971541545982,1.000000000000004,875.971541545978,2000,False,True,False,True,425.7058300971985
0.01,9.0,25,2,40,1,30252,10.007783968540702,1.000000000000004,900.7783968540663,2000,False,True,False,False,425.7058300971985
0.01,9.0,25,2,40,2,30252,11.793346509998813,1.000000000000004,1079.3346509998767,2000,False,True,False,False,425.7058300971985
0.01,9.0,25,2,40,3,30252,11.617650338507936,1.000000000000004,1061.765033850789,2000,False,True,False,False,425.7058300971985
0.01,9.0,25,2,40,4,30252,10.687728469300602,1.000000000000004,968.772846930056,2000,False,True,False,False,425.7058300971985
0.01,9.0,25,2,40,5,30252,11.849148582169228,1.000000000000004,1084.9148582169182,2000,False,True,False,False,425.7058300971985
0.01,9.0,25,2,40,6,30252,11.929432446998957,1.000000000000004,1092.943244699891,2000,False,True,False,False,425.7058300971985
0.01,9.0,25,2,40,7,30252,9.908405772327118,1.000000000000004,890.8405772327079,2000,False,True,False,False,425.7058300971985
0.01,10.0,26,1,20,0,30261,7.401240400178875,1.0000000000000429,640.1240400178558,2000,False,True,False,False,368.6356294155121
0.01,10.0,26,1,20,1,30261,7.39347056714285,1.0000000000000429,639.3470567142533,2000,False,True,False,False,368.6356294155121
0.01,10.0,26,1,20,2,30261,7.310001235327222,1.0000000000000429,631.000123532691,2000,False,True,False,False,368.6356294155121
0.01,10.0,26,1,20,3,30261,8.121692251567755,1.0000000000000429,712.1692251567406,2000,False,True,False,False,368.6356294155121
0.01,10.0,26,1,20,4,30261,7.437755926437109,1.0000000000000429,643.775592643679,2000,False,True,False,False,368.6356294155121
0.01,10.0,26,1,20,5,30261,9.318427142360422,1.0000000000000429,831.8427142360022,2000,False,True,False,False,368.6356294155121
0.01,10.0,26,1,20,6,30261,8.429994406120517,1.0000000000000429,742.9994406120156,2000,False,True,False,False,368.6356294155121
0.01,10.0,26,1,20,7,30261,7.304625970353229,1.0000000000000429,630.4625970352915,2000,False,True,False,True,368.6356294155121
0.01,8.0,24,3,60,0,30243,15.730401489522974,1.0000000000000138,1473.0401489522758,2000,False,True,False,False,476.68676352500916
0.01,8.0,24,3,60,1,30243,13.606414931858142,1.0000000000000138,1260.6414931857953,2000,False,True,False,False,476.68676352500916
0.01,8.0,24,3,60,2,30243,13.602303271860041,1.0000000000000138,1260.2303271859853,2000,False,True,False,True,476.68676352500916
0.01,8.0,24,3,60,3,30243,15.731856435744705,1.0000000000000138,1473.1856435744487,2000,False,True,False,False,476.68676352500916
0.01,8.0,24,3,60,4,30243,15.729566421769128,1.0000000000000138,1472.9566421768911,2000,False,True,False,False,476.68676352500916
0.01,8.0,24,3,60,5,30243,13.603766495496624,1.0000000000000138,1260.3766495496436,2000,False,True,False,False,476.68676352500916
0.01,8.0,24,3,60,6,30243,13.603464550002395,1.0000000000000138,1260.3464550002207,2000,False,True,False,False,476.68676352500916
0.01,8.0,24,3,60,7,30243,13.61029603956312,1.0000000000000138,1261.0296039562932,2000,False,True,False,False,476.68676352500916
0.01,10.0,26,2,40,0,30262,10.924395991324902,1.0000000000000429,992.4395991324435,2000,False,True,False,False,430.9541983604431
0.01,10.0,26,2,40,1,30262,11.949704523592263,1.0000000000000429,1094.9704523591752,2000,False,True,False,False,430.9541983604431
0.01,10.0,26,2,40,2,30262,11.285876207505913,1.0000000000000429,1028.587620750543,2000,False,True,False,False,430.9541983604431
0.01,10.0,26,2,40,3,30262,11.783134774061017,1.0000000000000429,1078.313477406051,2000,False,True,False,False,430.9541983604431
0.01,10.0,26,2,40,4,30262,15.647818076043254,1.0000000000000429,1464.7818076042586,2000,False,True,False,False,430.9541983604431
0.01,10.0,26,2,40,5,30262,12.947572368111027,1.0000000000000429,1194.7572368110473,2000,False,True,False,False,430.9541983604431
0.01,10.0,26,2,40,6,30262,10.87146725381589,1.0000000000000429,987.1467253815424,2000,False,True,False,True,430.9541983604431
0.01,10.0,26,2,40,7,30262,13.236530722828274,1.0000000000000429,1223.6530722827706,2000,False,True,False,False,430.9541983604431
0.01,9.0,25,3,60,0,30253,17.959157697981915,1.000000000000004,1695.9157697981843,2000,False,True,False,False,499.91001176834106
0.01,9.0,25,3,60,1,30253,15.29330107532576,1.000000000000004,1429.3301075325699,2000,False,True,False,False,499.91001176834106
0.01,9.0,25,3,60,2,30253,15.284399878018831,1.000000000000004,1428.4399878018771,2000,False,True,False,False,499.91001176834106
0.01,9.0,25,3,60,3,30253,15.283420111709546,1.000000000000004,1428.3420111709486,2000,False,True,False,False,499.91001176834106
0.01,9.0,25,3,60,4,30253,15.31572714037264,1.000000000000004,1431.572714037258,2000,False,True,False,False,499.91001176834106
0.01,9.0,25,3,60,5,30253,15.278537031618324,1.000000000000004,1427.8537031618264,2000,False,True,False,False,499.91001176834106
0.01,9.0,25,3,60,6,30253,15.267014170473054,1.000000000000004,1426.7014170472994,2000,False,True,False,True,499.91001176834106
0.01,9.0,25,3,60,7,30253,15.267311542047326,1.000000000000004,1426.7311542047264,2000,False,True,False,False,499.91001176834106
0.01,11.0,27,1,20,0,30271,8.145403048345708,0.9999999999999576,714.5403048346053,2000,False,True,False,False,403.8116943836212
0.01,11.0,27,1,20,1,30271,8.968025559388286,0.9999999999999576,796.8025559388666,2000,False,True,False,False,403.8116943836212
0.01,11.0,27,1,20,2,30271,8.645924602872828,0.9999999999999576,764.5924602873195,2000,False,True,False,False,403.8116943836212
0.01,11.0,27,1,20,3,30271,8.354554281821123,0.9999999999999576,735.4554281821478,2000,False,True,False,False,403.8116943836212
0.01,11.0,27,1,20,4,30271,7.966199906383082,0.9999999999999576,696.6199906383421,2000,False,True,False,True,403.8116943836212
0.01,11.0,27,1,20,5,30271,7.985133930108002,0.9999999999999576,698.5133930108342,2000,False,True,False,False,403.8116943836212
0.01,11.0,27,1,20,6,30271,7.978101624902319,0.9999999999999576,697.8101624902657,2000,False,True,False,False,403.8116943836212
0.01,11.0,27,1,20,7,30271,7.966386487026824,0.9999999999999576,696.6386487027163,2000,False,True,False,False,403.8116943836212
0.01,10.0,26,3,60,0,30263,16.949470197921656,1.0000000000000429,1594.947019792093,2000,False,True,False,False,501.3307111263275
0.01,10.0,26,3,60,1,30263,17.004993644537027,1.0000000000000429,1600.4993644536298,2000,False,True,False,False,501.3307111263275
0.01,10.0,26,3,60,2,30263,16.962268909172654,1.0000000000000429,1596.2268909171928,2000,False,True,False,False,501.3307111263275
0.01,10.0,26,3,60,3,30263,19.484800491483917,1.0000000000000429,1848.4800491483081,2000,False,True,False,False,501.3307111263275
0.01,10.0,26,3,60,4,30263,19.50587693646963,1.0000000000000429,1850.5876936468794,2000,False,True,False,False,501.3307111263275
0.01,10.0,26,3,60,5,30263,16.967539961202906,1.0000000000000429,1596.753996120218,2000,False,True,False,False,501.3307111263275
0.01,10.0,26,3,60,6,30263,16.949346914319506,1.0000000000000429,1594.9346914318778,2000,False,True,False,True,501.3307111263275
0.01,10.0,26,3,60,7,30263,17.023926717681846,1.0000000000000429,1602.3926717681118,2000,False,True,False,False,501.3307111263275
0.01,11.0,27,2,40,0,30272,15.495890920011893,0.9999999999999576,1449.589092001255,2000,False,True,False,False,460.08474683761597
0.01,11.0,27,2,40,1,30272,15.035947536374906,0.9999999999999576,1403.5947536375543,2000,False,True,False,False,460.08474683761597
0.01,11.0,27,2,40,2,30272,14.179828019072104,0.9999999999999576,1317.9828019072706,2000,False,True,False,False,460.08474683761597
0.01,11.0,27,2,40,3,30272,12.2163758929084,0.9999999999999576,1121.637589290892,2000,False,True,False,False,460.08474683761597
0.01,11.0,27,2,40,4,30272,12.312776433972937,0.9999999999999576,1131.2776433973459,2000,False,True,False,False,460.08474683761597
0.01,11.0,27,2,40,5,30272,13.078089326295018,0.9999999999999576,1207.8089326295571,2000,False,True,False,False,460.08474683761597
0.01,11.0,27,2,40,6,30272,14.186598435924832,0.9999999999999576,1318.6598435925434,2000,False,True,False,False,460.08474683761597
0.01,11.0,27,2,40,7,30272,11.997314931503379,0.9999999999999576,1099.7314931503888,2000,False,True,False,True,460.08474683761597
0.01,12.0,28,1,20,0,30281,9.749582075505701,0.9999999999999709,874.9582075505984,2000,False,True,False,False,399.9730167388916
0.01,12.0,28,1,20,1,30281,9.565545510272239,0.9999999999999709,856.5545510272516,2000,False,True,False,False,399.9730167388916
0.01,12.0,28,1,20,2,30281,8.639739906592897,0.9999999999999709,763.9739906593148,2000,False,True,False,True,399.9730167388916
0.01,12.0,28,1,20,3,30281,9.7420053217412,0.9999999999999709,874.2005321741482,2000,False,True,False,False,399.9730167388916
0.01,12.0,28,1,20,4,30281,8.670040011450292,0.9999999999999709,767.0040011450544,2000,False,True,False,False,399.9730167388916
0.01,12.0,28,1,20,5,30281,8.79097751846778,0.9999999999999709,779.0977518468036,2000,False,True,False,False,399.9730167388916
0.01,12.0,28,1,20,6,30281,10.07125099647589,0.9999999999999709,907.1250996476183,2000,False,True,False,False,399.9730167388916
0.01,12.0,28,1,20,7,30281,8.669822186062145,0.9999999999999709,766.9822186062397,2000,False,True,False,False,399.9730167388916
0.01,13.0,29,1,20,0,30291,10.553051313281948,0.9999999999999853,955.3051313282102,2000,False,True,False,False,408.86400628089905
0.01,13.0,29,1,20,1,30291,9.353651408345332,0.9999999999999853,835.3651408345469,2000,False,True,False,True,408.86400628089905
0.01,13.0,29,1,20,2,30291,10.383691614401592,0.9999999999999853,938.3691614401743,2000,False,True,False,False,408.86400628089905
0.01,13.0,29,1,20,3,30291,9.450829550053303,0.9999999999999853,845.0829550053442,2000,False,True,False,False,408.86400628089905
0.01,13.0,29,1,20,4,30291,11.101968930640389,0.9999999999999853,1010.1968930640551,2000,False,True,False,False,408.86400628089905
0.01,13.0,29,1,20,5,30291,10.476441601608677,0.9999999999999853,947.644160160883,2000,False,True,False,False,408.86400628089905
0.01,13.0,29,1,20,6,30291,10.8397082143763,0.9999999999999853,983.9708214376458,2000,False,True,False,False,408.86400628089905
0.01,13.0,29,1,20,7,30291,9.482400260896494,0.9999999999999853,848.2400260896633,2000,False,True,False,False,408.86400628089905
0.01,12.0,28,2,40,0,30282,16.78860666413521,0.9999999999999709,1578.8606664135698,2000,False,True,False,False,480.09355759620667
0.01,12.0,28,2,40,1,30282,18.516866484122875,0.9999999999999709,1751.6866484123411,2000,False,True,False,False,480.09355759620667
0.01,12.0,28,2,40,2,30282,17.332591058149152,0.9999999999999709,1633.2591058149656,2000,False,True,False,False,480.09355759620667
0.01,12.0,28,2,40,3,30282,15.812867306117155,0.9999999999999709,1481.2867306117616,2000,False,True,False,False,480.09355759620667
0.01,12.0,28,2,40,4,30282,15.434874600055357,0.9999999999999709,1443.4874600055805,2000,False,True,False,False,480.09355759620667
0.01,12.0,28,2,40,5,30282,16.660279261526227,0.9999999999999709,1566.0279261526712,2000,False,True,False,False,480.09355759620667
0.01,12.0,28,2,40,6,30282,15.533630253576447,0.9999999999999709,1453.3630253576898,2000,False,True,False,False,480.09355759620667
0.01,12.0,28,2,40,7,30282,13.164067680278283,0.9999999999999709,1216.4067680278665,2000,False,True,False,True,480.09355759620667
0.01,14.0,30,1,20,0,30301,12.574360309749911,1.000000000000024,1157.436030974961,2000,False,True,False,False,428.27379536628723
0.01,14.0,30,1,20,1,30301,11.365628757719087,1.000000000000024,1036.5628757718814,2000,False,True,False,False,428.27379536628723
0.01,14.0,30,1,20,2,30301,11.198920588172713,1.000000000000024,1019.8920588172446,2000,False,True,False,False,428.27379536628723
0.01,14.0,30,1,20,3,30301,10.129726136135393,1.000000000000024,912.9726136135149,2000,False,True,False,False,428.27379536628723
0.01,14.0,30,1,20,4,30301,10.030207112646575,1.000000000000024,903.0207112646334,2000,False,True,False,False,428.27379536628723
0.01,14.0,30,1,20,5,30301,10.082639284228437,1.000000000000024,908.2639284228195,2000,False,True,False,False,428.27379536628723
0.01,14.0,30,1,20,6,30301,11.047109759160644,1.000000000000024,1004.7109759160378,2000,False,True,False,False,428.27379536628723
0.01,14.0,30,1,20,7,30301,9.975225690822574,1.000000000000024,897.5225690822336,2000,False,True,False,True,428.27379536628723
0.01,11.0,27,3,60,0,30273,18.633607958879956,0.9999999999999576,1763.3607958880748,2000,False,True,False,False,532.8604462146759
0.01,11.0,27,3,60,1,30273,20.921167386643244,0.9999999999999576,1992.1167386644133,2000,False,True,False,False,532.8604462146759
0.01,11.0,27,3,60,2,30273,18.69801992547974,0.9999999999999576,1769.8019925480532,2000,False,True,False,False,532.8604462146759
0.01,11.0,27,3,60,3,30273,18.701178506867624,0.9999999999999576,1770.1178506868416,2000,False,True,False,False,532.8604462146759
0.01,11.0,27,3,60,4,30273,18.64290350747778,0.9999999999999576,1764.2903507478572,2000,False,True,False,False,532.8604462146759
0.01,11.0,27,3,60,5,30273,18.677241032450034,0.9999999999999576,1767.7241032450827,2000,False,True,False,False,532.8604462146759
0.01,11.0,27,3,60,6,30273,18.631569930074228,0.9999999999999576,1763.1569930075016,2000,False,True,False,True,532.8604462146759
0.01,11.0,27,3,60,7,30273,23.63665938283704,0.9999999999999576,2263.665938283804,2000,False,True,False,False,532.8604462146759
0.01,13.0,29,2,40,0,30292,16.821222247147503,0.9999999999999853,1582.122224714775,2000,False,True,False,False,472.29279828071594
0.01,13.0,29,2,40,1,30292,16.66019942132213,0.9999999999999853,1566.0199421322372,2000,False,True,False,False,472.29279828071594
0.01,13.0,29,2,40,2,30292,17.76627676999863,0.9999999999999853,1676.627676999889,2000,False,True,False,False,472.29279828071594
0.01,13.0,29,2,40,3,30292,20.081939060055767,0.9999999999999853,1908.193906005606,2000,False,True,False,False,472.29279828071594
0.01,13.0,29,2,40,4,30292,14.299591242980535,0.9999999999999853,1329.9591242980744,2000,False,True,False,True,472.29279828071594
0.01,13.0,29,2,40,5,30292,17.93329218668474,0.9999999999999853,1693.3292186685,2000,False,True,False,False,472.29279828071594
0.01,13.0,29,2,40,6,30292,17.494861423813223,0.9999999999999853,1649.486142381348,2000,False,True,False,False,472.29279828071594
0.01,13.0,29,2,40,7,30292,14.88803281914677,0.9999999999999853,1388.803281914699,2000,False,True,False,False,472.29279828071594
0.01,12.0,28,3,60,0,30283,22.87449126659906,0.9999999999999709,2187.449126659972,2000,False,True,False,False,518.7521712779999
0.01,12.0,28,3,60,1,30283,23.24617322396107,0.9999999999999709,2224.6173223961746,2000,False,True,False,False,518.7521712779999
0.01,12.0,28,3,60,2,30283,26.42209899986154,0.9999999999999709,2542.2098999862305,2000,False,True,False,False,518.7521712779999
0.01,12.0,28,3,60,3,30283,23.262990170812113,0.9999999999999709,2226.2990170812786,2000,False,True,False,False,518.7521712779999
0.01,12.0,28,3,60,4,30283,20.30564215412101,0.9999999999999709,1930.56421541216,2000,False,True,False,True,518.7521712779999
0.01,12.0,28,3,60,5,30283,20.307806358423694,0.9999999999999709,1930.7806358424284,2000,False,True,False,False,518.7521712779999
0.01,12.0,28,3,60,6,30283,22.801135681426743,0.9999999999999709,2180.1135681427404,2000,False,True,False,False,518.7521712779999
0.01,12.0,28,3,60,7,30283,23.278897787767125,0.9999999999999709,2227.88977877678,2000,False,True,False,False,518.7521712779999
0.01,15.0,31,1,20,0,30311,11.965311188446975,0.9999999999999767,1096.5311188447254,2000,False,True,False,False,421.15003991127014
0.01,15.0,31,1,20,1,30311,12.125277256602102,0.9999999999999767,1112.5277256602385,2000,False,True,False,False,421.15003991127014
0.01,15.0,31,1,20,2,30311,10.67407404075254,0.9999999999999767,967.4074040752789,2000,False,True,False,False,421.15003991127014
0.01,15.0,31,1,20,3,30311,11.906653470087392,0.9999999999999767,1090.665347008767,2000,False,True,False,False,421.15003991127014
0.01,15.0,31,1,20,4,30311,10.652635083823103,0.9999999999999767,965.2635083823352,2000,False,True,False,True,421.15003991127014
0.01,15.0,31,1,20,5,30311,11.974134677227502,0.9999999999999767,1097.413467722778,2000,False,True,False,False,421.15003991127014
0.01,15.0,31,1,20,6,30311,11.959812241856262,0.9999999999999767,1095.9812241856541,2000,False,True,False,False,421.15003991127014
0.01,15.0,31,1,20,7,30311,12.004788319421467,0.9999999999999767,1100.4788319421746,2000,False,True,False,False,421.15003991127014
0.01,14.0,30,2,40,0,30302,15.394973746550406,1.000000000000024,1439.4973746550036,2000,False,True,False,True,488.5864224433899
0.01,14.0,30,2,40,1,30302,19.513968117257452,1.000000000000024,1851.3968117256984,2000,False,True,False,False,488.5864224433899
0.01,14.0,30,2,40,2,30302,21.50580221703826,1.000000000000024,2050.5802217037744,2000,False,True,False,False,488.5864224433899
0.01,14.0,30,2,40,3,30302,18.856104051223795,1.000000000000024,1785.610405122334,2000,False,True,False,False,488.5864224433899
0.01,14.0,30,2,40,4,30302,17.63919031462084,1.000000000000024,1663.9190314620419,2000,False,True,False,False,488.5864224433899
0.01,14.0,30,2,40,5,30302,18.03277953300005,1.000000000000024,1703.2779532999616,2000,False,True,False,False,488.5864224433899
0.01,14.0,30,2,40,6,30302,21.49576803131256,1.000000000000024,2049.5768031312045,2000,False,True,False,False,488.5864224433899
0.01,14.0,30,2,40,7,30302,15.654385618594777,1.000000000000024,1465.43856185944,2000,False,True,False,False,488.5864224433899
0.01,16.0,32,1,20,0,30321,11.323105345013309,1.0000000000000222,1032.3105345013057,2000,False,True,False,False,433.3917362689972
0.01,16.0,32,1,20,1,30321,11.484302519554184,1.0000000000000222,1048.430251955393,2000,False,True,False,False,433.3917362689972
0.01,16.0,32,1,20,2,30321,14.20481080844554,1.0000000000000222,1320.4810808445225,2000,False,True,False,False,433.3917362689972
0.01,16.0,32,1,20,3,30321,11.340982564491416,1.0000000000000222,1034.0982564491164,2000,False,True,False,False,433.3917362689972
0.01,16.0,32,1,20,4,30321,11.300831406637766,1.0000000000000222,1030.0831406637515,2000,False,True,False,True,433.3917362689972
0.01,16.0,32,1,20,5,30321,11.301263913276165,1.0000000000000222,1030.1263913275911,2000,False,True,False,False,433.3917362689972
0.01,16.0,32,1,20,6,30321,11.363715777792194,1.0000000000000222,1036.3715777791942,2000,False,True,False,False,433.3917362689972
0.01,16.0,32,1,20,7,30321,11.325439102439537,1.0000000000000222,1032.5439102439284,2000,False,True,False,False,433.3917362689972
0.01,13.0,29,3,60,0,30293,21.974592769294755,0.9999999999999853,2097.4592769295077,2000,False,True,False,False,533.8655667304993
0.01,13.0,29,3,60,1,30293,21.99157172181827,0.9999999999999853,2099.1571721818596,2000,False,True,False,False,533.8655667304993
0.01,13.0,29,3,60,2,30293,22.01149930240881,0.9999999999999853,2101.1499302409134,2000,False,True,False,False,533.8655667304993
0.01,13.0,29,3,60,3,30293,22.006451146522583,0.9999999999999853,2100.6451146522904,2000,False,True,False,False,533.8655667304993
0.01,13.0,29,3,60,4,30293,21.97928996945994,0.9999999999999853,2097.9289969460265,2000,False,True,False,False,533.8655667304993
0.01,13.0,29,3,60,5,30293,21.971838020575053,0.9999999999999853,2097.183802057538,2000,False,True,False,True,533.8655667304993
0.01,13.0,29,3,60,6,30293,22.168024055331973,0.9999999999999853,2116.80240553323,2000,False,True,False,False,533.8655667304993
0.01,13.0,29,3,60,7,30293,24.757623053561158,0.9999999999999853,2375.762305356152,2000,False,True,False,False,533.8655667304993
0.01,15.0,31,2,40,0,30312,21.496869150855222,0.9999999999999767,2049.6869150855728,2000,False,True,False,False,489.69485235214233
0.01,15.0,31,2,40,1,30312,19.277332346935363,0.9999999999999767,1827.7332346935814,2000,False,True,False,False,489.69485235214233
0.01,15.0,31,2,40,2,30312,16.415658604129195,0.9999999999999767,1541.5658604129578,2000,False,True,False,True,489.69485235214233
0.01,15.0,31,2,40,3,30312,16.77934471820065,0.9999999999999767,1577.9344718201041,2000,False,True,False,False,489.69485235214233
0.01,15.0,31,2,40,4,30312,20.490918347344525,0.9999999999999767,1949.0918347345005,2000,False,True,False,False,489.69485235214233
0.01,15.0,31,2,40,5,30312,22.940433710259253,0.9999999999999767,2194.043371025979,2000,False,True,False,False,489.69485235214233
0.01,15.0,31,2,40,6,30312,20.502087614964033,0.9999999999999767,1950.2087614964512,2000,False,True,False,False,489.69485235214233
0.01,15.0,31,2,40,7,30312,16.42362378313986,0.9999999999999767,1542.3623783140242,2000,False,True,False,False,489.69485235214233
0.01,14.0,30,3,60,0,30303,23.731391907175695,1.000000000000024,2273.1391907175125,2000,False,True,False,False,533.6139287948608
0.01,14.0,30,3,60,1,30303,27.353802877495266,1.000000000000024,2635.380287749461,2000,False,True,False,False,533.6139287948608
0.01,14.0,30,3,60,2,30303,26.996041902604713,1.000000000000024,2599.6041902604065,2000,False,True,False,False,533.6139287948608
0.01,14.0,30,3,60,3,30303,30.612585372888397,1.000000000000024,2961.258537288766,2000,False,True,False,False,533.6139287948608
0.01,14.0,30,3,60,4,30303,23.68218891119575,1.000000000000024,2268.2188911195185,2000,False,True,False,False,533.6139287948608
0.01,14.0,30,3,60,5,30303,26.588997503480364,1.000000000000024,2558.8997503479723,2000,False,True,False,False,533.6139287948608
0.01,14.0,30,3,60,6,30303,23.716541816816797,1.000000000000024,2271.654181681623,2000,False,True,False,False,533.6139287948608
0.01,14.0,30,3,60,7,30303,23.653762866117997,1.000000000000024,2265.3762866117427,2000,False,True,False,True,533.6139287948608
0.01,16.0,32,2,40,0,30322,21.475846101613968,1.0000000000000222,2047.5846101613492,2000,False,True,False,False,476.46410179138184
0.01,16.0,32,2,40,1,30322,20.803832006956736,1.0000000000000222,1980.3832006956275,2000,False,True,False,False,476.46410179138184
0.01,16.0,32,2,40,2,30322,21.60530407675809,1.0000000000000222,2060.530407675761,2000,False,True,False,False,476.46410179138184
0.01,16.0,32,2,40,3,30322,20.779991525313296,1.0000000000000222,1977.9991525312835,2000,False,True,False,False,476.46410179138184
0.01,16.0,32,2,40,4,30322,18.960597443470245,1.0000000000000222,1796.0597443469826,2000,False,True,False,False,476.46410179138184
0.01,16.0,32,2,40,5,30322,17.523353593009762,1.0000000000000222,1652.3353593009374,2000,False,True,False,True,476.46410179138184
0.01,16.0,32,2,40,6,30322,19.087310957454562,1.0000000000000222,1808.731095745414,2000,False,True,False,False,476.46410179138184
0.01,16.0,32,2,40,7,30322,17.671688758962777,1.0000000000000222,1667.1688758962387,2000,False,True,False,False,476.46410179138184
0.01,15.0,31,3,60,0,30313,25.342060327282027,0.9999999999999767,2434.206032728262,2000,False,True,False,False,546.5528457164764
0.01,15.0,31,3,60,1,30313,25.34753658763576,0.9999999999999767,2434.753658763635,2000,False,True,False,False,546.5528457164764
0.01,15.0,31,3,60,2,30313,25.334460543139215,0.9999999999999767,2433.4460543139808,2000,False,True,False,True,546.5528457164764
0.01,15.0,31,3,60,3,30313,28.675368889663783,0.9999999999999767,2767.5368889664455,2000,False,True,False,False,546.5528457164764
0.01,15.0,31,3,60,4,30313,25.407574126709328,0.9999999999999767,2440.757412670992,2000,False,True,False,False,546.5528457164764
0.01,15.0,31,3,60,5,30313,25.419163903139886,0.9999999999999767,2441.916390314048,2000,False,True,False,False,546.5528457164764
0.01,15.0,31,3,60,6,30313,28.91238417291737,0.9999999999999767,2791.2384172918046,2000,False,True,False,False,546.5528457164764
0.01,15.0,31,3,60,7,30313,25.36602862937326,0.9999999999999767,2436.6028629373855,2000,False,True,False,False,546.5528457164764
0.02,-16.0,0,1,20,0,40001,-358.87827952113173,-382.9999999999999,6.298099341741034,2000,False,True,False,False,427.48487401008606
0.02,-16.0,0,1,20,1,40001,-357.39217671025585,-382.9999999999999,6.686115741447531,2000,False,True,False,False,427.48487401008606
0.02,-16.0,0,1,20,2,40001,-358.85436918349336,-382.9999999999999,6.304342249740609,2000,False,True,False,False,427.48487401008606
0.02,-16.0,0,1,20,3,40001,-356.45540953651675,-382.9999999999999,6.930702470883326,2000,False,True,False,False,427.48487401008606
0.02,-16.0,0,1,20,4,40001,-357.74955742677326,-382.9999999999999,6.592804849406431,2000,False,True,False,False,427.48487401008606
0.02,-16.0,0,1,20,5,40001,-354.9569068154885,-382.9999999999999,7.3219564450421455,2000,False,True,False,False,427.48487401008606
0.02,-16.0,0,1,20,6,40001,-360.3841564380733,-382.9999999999999,5.904919990059158,2000,False,True,False,True,427.48487401008606
0.02,-16.0,0,1,20,7,40001,-358.87445097422227,-382.9999999999999,6.2990989623440266,2000,False,True,False,False,427.48487401008606
0.01,16.0,32,3,60,0,30323,26.998654787050477,1.0000000000000222,2599.865478704988,2000,False,True,False,True,530.7132720947266
0.01,16.0,32,3,60,1,30323,30.348577472017226,1.0000000000000222,2934.8577472016555,2000,False,True,False,False,530.7132720947266
0.01,16.0,32,3,60,2,30323,27.061279919164612,1.0000000000000222,2606.1279919164012,2000,False,True,False,False,530.7132720947266
0.01,16.0,32,3,60,3,30323,27.058406422219743,1.0000000000000222,2605.840642221914,2000,False,True,False,False,530.7132720947266
0.01,16.0,32,3,60,4,30323,27.04974119241563,1.0000000000000222,2604.974119241503,2000,False,True,False,False,530.7132720947266
0.01,16.0,32,3,60,5,30323,30.893854281427558,1.0000000000000222,2989.385428142687,2000,False,True,False,False,530.7132720947266
0.01,16.0,32,3,60,6,30323,34.151821026274945,1.0000000000000222,3315.1821026274183,2000,False,True,False,False,530.7132720947266
0.01,16.0,32,3,60,7,30323,27.02622434891147,1.0000000000000222,2602.622434891087,2000,False,True,False,False,530.7132720947266
0.02,-16.0,0,2,40,0,40002,-347.31133541920934,-382.9999999999999,9.318189185585,2000,False,True,False,False,475.87153720855713
0.02,-16.0,0,2,40,1,40002,-338.905263118769,-382.9999999999999,11.51298613086968,2000,False,True,False,False,475.87153720855713
0.02,-16.0,0,2,40,2,40002,-342.5589697237654,-382.9999999999999,10.559015737920232,1639,True,False,False,False,475.87153720855713
0.02,-16.0,0,2,40,3,40002,-347.3115324871128,-382.9999999999999,9.318137731824308,2000,False,True,False,True,475.87153720855713
0.02,-16.0,0,2,40,4,40002,-338.30763169958703,-382.9999999999999,11.669025665904142,2000,False,True,False,False,475.87153720855713
0.02,-16.0,0,2,40,5,40002,-335.7817329517327,-382.9999999999999,12.328529255422248,2000,False,True,False,False,475.87153720855713
0.02,-16.0,0,2,40,6,40002,-344.4104125300854,-382.9999999999999,10.075610305460701,2000,False,True,False,False,475.87153720855713
0.02,-16.0,0,2,40,7,40002,-344.41036651973184,-382.9999999999999,10.075622318607849,2000,False,True,False,False,475.87153720855713
0.02,-15.0,1,1,20,0,40011,-338.4602406312538,-358.99999999999966,5.721381439762088,2000,False,True,False,False,418.88015961647034
0.02,-15.0,1,1,20,1,40011,-335.7387791659443,-358.99999999999966,6.479448700293972,2000,False,True,False,False,418.88015961647034
0.02,-15.0,1,1,20,2,40011,-332.6751504177341,-358.99999999999966,7.332827181689586,2000,False,True,False,False,418.88015961647034
0.02,-15.0,1,1,20,3,40011,-336.25367053631095,-358.99999999999966,6.336024920247557,2000,False,True,False,False,418.88015961647034
0.02,-15.0,1,1,20,4,40011,-338.4774703843629,-358.99999999999966,5.716582065636985,2000,False,True,False,True,418.88015961647034
0.02,-15.0,1,1,20,5,40011,-336.42218159921487,-358.99999999999966,6.289085905511091,2000,False,True,False,False,418.88015961647034
0.02,-15.0,1,1,20,6,40011,-336.4339923583809,-358.99999999999966,6.285796000450908,2000,False,True,False,False,418.88015961647034
0.02,-15.0,1,1,20,7,40011,-335.77750700408814,-358.99999999999966,6.4686610016466695,2000,False,True,False,False,418.88015961647034
0.02,-15.0,1,2,40,0,40012,-317.1682693175627,-358.99999999999966,11.652292669202506,2000,False,True,False,False,455.17131209373474
0.02,-15.0,1,2,40,1,40012,-325.7140205979476,-358.99999999999966,9.271860557674682,2000,False,True,False,True,455.17131209373474
0.02,-15.0,1,2,40,2,40012,-317.2547441604328,-358.99999999999966,11.628204969238697,2000,False,True,False,False,455.17131209373474
0.02,-15.0,1,2,40,3,40012,-317.25474811279116,-358.99999999999966,11.628203868303213,1817,True,False,False,False,455.17131209373474
0.02,-15.0,1,2,40,4,40012,-312.5618247664104,-358.99999999999966,12.935424856153013,2000,False,True,False,False,455.17131209373474
0.02,-15.0,1,2,40,5,40012,-322.94950560440844,-358.99999999999966,10.041920444454387,2000,False,True,False,False,455.17131209373474
0.02,-15.0,1,2,40,6,40012,-325.7131268108393,-358.99999999999966,9.272109523443007,2000,False,True,False,False,455.17131209373474
0.02,-15.0,1,2,40,7,40012,-321.1906254800048,-358.99999999999966,10.531859197770158,2000,False,True,False,False,455.17131209373474
0.02,-16.0,0,3,60,0,40003,-322.99570921405757,-382.9999999999999,15.666916654293036,2000,False,True,False,False,495.82370924949646
0.02,-16.0,0,3,60,1,40003,-323.14849600148256,-382.9999999999999,15.627024542693825,1729,True,False,False,False,495.82370924949646
0.02,-16.0,0,3,60,2,40003,-323.1484958076862,-382.9999999999999,15.6270245932934,1719,True,False,False,False,495.82370924949646
0.02,-16.0,0,3,60,3,40003,-322.99626210531324,-382.9999999999999,15.666772296262838,2000,False,True,False,False,495.82370924949646
0.02,-16.0,0,3,60,4,40003,-325.4975184222047,-382.9999999999999,15.01370276182643,2000,False,True,False,False,495.82370924949646
0.02,-16.0,0,3,60,5,40003,-321.84328256715145,-382.9999999999999,15.96781134016931,1849,True,False,False,False,495.82370924949646
0.02,-16.0,0,3,60,6,40003,-325.4975353232445,-382.9999999999999,15.013698349022297,2000,False,True,False,True,495.82370924949646
0.02,-16.0,0,3,60,7,40003,-318.8599462547405,-382.9999999999999,16.746750325132997,2000,False,True,False,False,495.82370924949646
0.02,-14.0,2,1,20,0,40021,-315.3116488340182,-335.0000000000001,5.877119751039384,2000,False,True,False,False,419.279780626297
0.02,-14.0,2,1,20,1,40021,-314.0712675128988,-335.0000000000001,6.247382831970531,2000,False,True,False,False,419.279780626297
0.02,-14.0,2,1,20,2,40021,-312.291815481778,-335.0000000000001,6.778562542752875,2000,False,True,False,False,419.279780626297
0.02,-14.0,2,1,20,3,40021,-314.6165076249247,-335.0000000000001,6.084624589574754,2000,False,True,False,False,419.279780626297
0.02,-14.0,2,1,20,4,40021,-315.9511343499716,-335.0000000000001,5.686228552247317,2000,False,True,False,True,419.279780626297
0.02,-14.0,2,1,20,5,40021,-314.0398427586184,-335.0000000000001,6.256763355636324,2000,False,True,False,False,419.279780626297
0.02,-14.0,2,1,20,6,40021,-312.9600062980242,-335.0000000000001,6.579102597604744,2000,False,True,False,False,419.279780626297
0.02,-14.0,2,1,20,7,40021,-311.8627024165385,-335.0000000000001,6.906655995063159,2000,False,True,False,False,419.279780626297
0.02,-15.0,1,3,60,0,40013,-302.8711771359353,-358.99999999999966,15.634769600017947,2000,False,True,False,False,489.4605631828308
0.02,-15.0,1,3,60,1,40013,-303.885075226372,-358.99999999999966,15.35234673360103,1596,True,False,False,False,489.4605631828308
0.02,-15.0,1,3,60,2,40013,-298.7071062038547,-358.99999999999966,16.794677937644845,2000,False,True,False,False,489.4605631828308
0.02,-15.0,1,3,60,3,40013,-306.98922026637314,-358.99999999999966,14.487682377054757,2000,False,True,False,True,489.4605631828308
0.02,-15.0,1,3,60,4,40013,-303.03877611445813,-358.99999999999966,15.588084647783171,1838,True,False,False,False,489.4605631828308
0.02,-15.0,1,3,60,5,40013,-305.19882306566916,-358.99999999999966,14.986400260259206,2000,False,True,False,False,489.4605631828308
0.02,-15.0,1,3,60,6,40013,-298.7211698508817,-358.99999999999966,16.790760487219497,2000,False,True,False,False,489.4605631828308
0.02,-15.0,1,3,60,7,40013,-303.0387765532593,-358.99999999999966,15.58808452555443,1738,True,False,False,False,489.4605631828308
0.02,-13.0,3,1,20,0,40031,-290.9373614737256,-311.0,6.4510091724354925,2000,False,True,False,False,407.532851934433
0.02,-13.0,3,1,20,1,40031,-290.22102798200507,-311.0,6.681341484885831,2000,False,True,False,False,407.532851934433
0.02,-13.0,3,1,20,2,40031,-290.49237389024483,-311.0,6.59409199670584,2000,False,True,False,False,407.532851934433
0.02,-13.0,3,1,20,3,40031,-291.669763016919,-311.0,6.215510283948881,2000,False,True,False,False,407.532851934433
0.02,-13.0,3,1,20,4,40031,-292.79547602842956,-311.0,5.853544685392424,2000,False,True,False,True,407.532851934433
0.02,-13.0,3,1,20,5,40031,-291.6696586462086,-311.0,6.215543843662838,2000,False,True,False,False,407.532851934433
0.02,-13.0,3,1,20,6,40031,-291.6685272071119,-311.0,6.215907650446341,2000,False,True,False,False,407.532851934433
0.02,-13.0,3,1,20,7,40031,-291.66748645042134,-311.0,6.216242298899892,2000,False,True,False,False,407.532851934433
0.02,-14.0,2,2,40,0,40022,-304.11664920121905,-335.0000000000001,9.218910686203301,2000,False,True,False,True,466.98425030708313
0.02,-14.0,2,2,40,1,40022,-293.8539697312049,-335.0000000000001,12.282397095162738,2000,False,True,False,False,466.98425030708313
0.02,-14.0,2,2,40,2,40022,-291.75353127487176,-335.0000000000001,12.909393649292042,2000,False,True,False,False,466.98425030708313
0.02,-14.0,2,2,40,3,40022,-296.2027815633075,-335.0000000000001,11.581259234833613,2000,False,True,False,False,466.98425030708313
0.02,-14.0,2,2,40,4,40022,-296.1152208026327,-335.0000000000001,11.607396775333559,2000,False,True,False,False,466.98425030708313
0.02,-14.0,2,2,40,5,40022,-301.488589255654,-335.0000000000001,10.003406192342117,2000,False,True,False,False,466.98425030708313
0.02,-14.0,2,2,40,6,40022,-301.4884990333779,-335.0000000000001,10.003433124364843,2000,False,True,False,False,466.98425030708313
0.02,-14.0,2,2,40,7,40022,-291.7963998515716,-335.0000000000001,12.896597059232388,2000,False,True,False,False,466.98425030708313
0.02,-13.0,3,2,40,0,40032,-280.0276724189266,-311.0,9.958947775264756,1777,True,False,False,False,449.3206446170807
0.02,-13.0,3,2,40,1,40032,-271.00339803813915,-311.0,12.860643717640144,2000,False,True,False,False,449.3206446170807
0.02,-13.0,3,2,40,2,40032,-275.0586597562674,-311.0,11.55670104300084,2000,False,True,False,False,449.3206446170807
0.02,-13.0,3,2,40,3,40032,-280.02767296382973,-311.0,9.95894760005475,1804,True,False,False,False,449.3206446170807
0.02,-13.0,3,2,40,4,40032,-269.22245388721103,-311.0,13.433294570028606,2000,False,True,False,False,449.3206446170807
0.02,-13.0,3,2,40,5,40032,-270.969097989982,-311.0,12.871672672031508,2000,False,True,False,False,449.3206446170807
0.02,-13.0,3,2,40,6,40032,-282.51945081417733,-311.0,9.157732857177708,2000,False,True,False,True,449.3206446170807
0.02,-13.0,3,2,40,7,40032,-275.0561718110417,-311.0,11.557501025388529,2000,False,True,False,False,449.3206446170807
0.02,-14.0,2,3,60,0,40023,-282.9306605655153,-335.0000000000001,15.543086398353664,1581,True,False,False,False,488.2652428150177
0.02,-14.0,2,3,60,1,40023,-282.79427642072756,-335.0000000000001,15.583798083364938,2000,False,True,False,False,488.2652428150177
0.02,-14.0,2,3,60,2,40023,-282.93066036100925,-335.0000000000001,15.543086459400254,1511,True,False,False,False,488.2652428150177
0.02,-14.0,2,3,60,3,40023,-286.6325215220979,-335.0000000000001,14.438053276985737,2000,False,True,False,True,488.2652428150177
0.02,-14.0,2,3,60,4,40023,-282.93066051293977,-335.0000000000001,15.54308641404786,1652,True,False,False,False,488.2652428150177
0.02,-14.0,2,3,60,5,40023,-284.9001184461842,-335.0000000000001,14.955188523527136,2000,False,True,False,False,488.2652428150177
0.02,-14.0,2,3,60,6,40023,-282.9306605028017,-335.0000000000001,15.543086417074154,1952,True,False,False,False,488.2652428150177
0.02,-14.0,2,3,60,7,40023,-282.7933312075045,-335.0000000000001,15.584080236565857,2000,False,True,False,False,488.2652428150177
0.02,-12.0,4,1,20,0,40041,-270.8796717093049,-286.9999999999998,5.616839125677664,2000,False,True,False,True,425.7732992172241
0.02,-12.0,4,1,20,1,40041,-269.25194594508207,-286.9999999999998,6.183990959901643,2000,False,True,False,False,425.7732992172241
0.02,-12.0,4,1,20,2,40041,-270.877500774559,-286.9999999999998,5.617595548934073,2000,False,True,False,False,425.7732992172241
0.02,-12.0,4,1,20,3,40041,-269.17016899966535,-286.9999999999998,6.212484669106075,2000,False,True,False,False,425.7732992172241
0.02,-12.0,4,1,20,4,40041,-269.26425955174255,-286.9999999999998,6.179700504619245,2000,False,True,False,False,425.7732992172241
0.02,-12.0,4,1,20,5,40041,-269.25768342567517,-286.9999999999998,6.1819918377437695,2000,False,True,False,False,425.7732992172241
0.02,-12.0,4,1,20,6,40041,-269.2648839709386,-286.9999999999998,6.179482936955108,2000,False,True,False,False,425.7732992172241
0.02,-12.0,4,1,20,7,40041,-268.8420836100798,-286.9999999999998,6.326800135860629,2000,False,True,False,False,425.7732992172241
0.02,-13.0,3,3,60,0,40033,-266.2768409912236,-311.0,14.380436980313958,1828,True,False,False,True,461.0020205974579
0.02,-13.0,3,3,60,1,40033,-263.2874088212525,-311.0,15.341669189307883,2000,False,True,False,False,461.0020205974579
0.02,-13.0,3,3,60,2,40033,-262.8243233272009,-311.0,15.490571277427367,1315,True,False,False,False,461.0020205974579
0.02,-13.0,3,3,60,3,40033,-258.21724752834245,-311.0,16.97194613236577,2000,False,True,False,False,461.0020205974579
0.02,-13.0,3,3,60,4,40033,-262.69600676509816,-311.0,15.531830622154933,2000,False,True,False,False,461.0020205974579
0.02,-13.0,3,3,60,5,40033,-258.9065789417544,-311.0,16.750296160207593,1935,True,False,False,False,461.0020205974579
0.02,-13.0,3,3,60,6,40033,-264.60142252974214,-311.0,14.91915674284819,2000,False,True,False,False,461.0020205974579
0.02,-13.0,3,3,60,7,40033,-261.34435989812755,-311.0,15.966443762659951,1060,True,False,False,False,461.0020205974579
0.02,-11.0,5,1,20,0,40051,-247.73692125332943,-262.9999999999997,5.803451994931675,2000,False,True,False,False,426.800904750824
0.02,-11.0,5,1,20,1,40051,-245.0787085904805,-262.9999999999997,6.8141792431632116,2000,False,True,False,False,426.800904750824
0.02,-11.0,5,1,20,2,40051,-246.8537795872131,-262.9999999999997,6.139247305242066,2000,False,True,False,False,426.800904750824
0.02,-11.0,5,1,20,3,40051,-246.66963271567764,-262.9999999999997,6.209265127118668,2000,False,True,False,False,426.800904750824
0.02,-11.0,5,1,20,4,40051,-248.3268327343741,-262.9999999999997,5.579151051568678,2000,False,True,False,True,426.800904750824
0.02,-11.0,5,1,20,5,40051,-246.8602904231639,-262.9999999999997,6.136771702218953,2000,False,True,False,False,426.800904750824
0.02,-11.0,5,1,20,6,40051,-247.73693852737006,-262.9999999999997,5.80344542685539,2000,False,True,False,False,426.800904750824
0.02,-11.0,5,1,20,7,40051,-245.76358210949667,-262.9999999999997,6.553771061027783,2000,False,True,False,False,426.800904750824
0.02,-11.0,5,3,60,0,40053,-218.9376621157069,-262.9999999999997,16.753740640415536,1482,True,False,False,False,403.67396330833435
0.02,-11.0,5,3,60,1,40053,-222.61778414916972,-262.9999999999997,15.354454696133093,1562,True,False,False,False,403.67396330833435
0.02,-11.0,5,3,60,2,40053,-224.00401721797087,-262.9999999999997,14.827369879098438,1620,True,False,False,False,403.67396330833435
0.02,-11.0,5,3,60,3,40053,-225.56874930370876,-262.9999999999997,14.232414713418631,1736,True,False,False,True,403.67396330833435
0.02,-11.0,5,3,60,4,40053,-222.61778424859506,-262.9999999999997,15.354454658328784,1454,True,False,False,False,403.67396330833435
0.02,-11.0,5,3,60,5,40053,-219.89211055066608,-262.9999999999997,16.390832490240946,2000,False,True,False,False,403.67396330833435
0.02,-11.0,5,3,60,6,40053,-221.13316366280358,-262.9999999999997,15.918949177641132,1110,True,False,False,False,403.67396330833435
0.02,-11.0,5,3,60,7,40053,-222.61778431884764,-262.9999999999997,15.354454631616775,1363,True,False,False,False,403.67396330833435
0.02,-12.0,4,2,40,0,40042,-250.191487181621,-286.9999999999998,12.825265790375889,2000,False,True,False,False,476.3460340499878
0.02,-12.0,4,2,40,1,40042,-260.9226354007301,-286.9999999999998,9.086189755843103,2000,False,True,False,False,476.3460340499878
0.02,-12.0,4,2,40,2,40042,-254.00322366462976,-286.9999999999998,11.497134611627192,1853,True,False,False,False,476.3460340499878
0.02,-12.0,4,2,40,3,40042,-260.92269690577115,-286.9999999999998,9.086168325515208,2000,False,True,False,True,476.3460340499878
0.02,-12.0,4,2,40,4,40042,-254.10238587391098,-286.9999999999998,11.462583319194712,1935,True,False,False,False,476.3460340499878
0.02,-12.0,4,2,40,5,40042,-248.5335432581586,-286.9999999999998,13.40294659994467,2000,False,True,False,False,476.3460340499878
0.02,-12.0,4,2,40,6,40042,-260.92253165760843,-286.9999999999998,9.086225903272252,2000,False,True,False,False,476.3460340499878
0.02,-12.0,4,2,40,7,40042,-254.1022620218754,-286.9999999999998,11.46262647321408,2000,False,True,False,False,476.3460340499878
0.02,-12.0,4,3,60,0,40043,-242.71995911942207,-286.9999999999998,15.428585672675169,1428,True,False,False,False,493.99714732170105
0.02,-12.0,4,3,60,1,40043,-242.71995968964038,-286.9999999999998,15.428585473992834,1472,True,False,False,False,493.99714732170105
0.02,-12.0,4,3,60,2,40043,-241.23766305052956,-286.9999999999998,15.94506513918824,1896,True,False,False,False,493.99714732170105
0.02,-12.0,4,3,60,3,40043,-242.59790853974184,-286.9999999999998,15.471112007058526,2000,False,True,False,False,493.99714732170105
0.02,-12.0,4,3,60,4,40043,-242.59428114423892,-286.9999999999998,15.472375907930621,2000,False,True,False,False,493.99714732170105
0.02,-12.0,4,3,60,5,40043,-242.59987454007933,-286.9999999999998,15.470426989519332,2000,False,True,False,False,493.99714732170105
0.02,-12.0,4,3,60,6,40043,-242.59975300706347,-286.9999999999998,15.470469335517889,2000,False,True,False,False,493.99714732170105
0.02,-12.0,4,3,60,7,40043,-245.92223085741645,-286.9999999999998,14.31281154793845,1662,True,False,False,True,493.99714732170105
0.02,-11.0,5,2,40,0,40052,-239.32598013059064,-262.9999999999997,9.001528467455934,1851,True,False,False,True,464.5335216522217
0.02,-11.0,5,2,40,1,40052,-229.46242977400775,-262.9999999999997,12.75192784258251,2000,False,True,False,False,464.5335216522217
0.02,-11.0,5,2,40,2,40052,-232.9488903412591,-262.9999999999997,11.426277436783517,2000,False,True,False,False,464.5335216522217
0.02,-11.0,5,2,40,3,40052,-229.6382361473281,-262.9999999999997,12.685081312802915,2000,False,True,False,False,464.5335216522217
0.02,-11.0,5,2,40,4,40052,-233.05403503559015,-262.9999999999997,11.386298465554981,2000,False,True,False,False,464.5335216522217
0.02,-11.0,5,2,40,5,40052,-230.97359296814682,-262.9999999999997,12.177341076750164,2000,False,True,False,False,464.5335216522217
0.02,-11.0,5,2,40,6,40052,-229.47511063235774,-262.9999999999997,12.747106223438026,2000,False,True,False,False,464.5335216522217
0.02,-11.0,5,2,40,7,40052,-235.7209595040673,-262.9999999999997,10.372258743700547,1670,True,False,False,False,464.5335216522217
0.02,-10.0,6,1,20,0,40061,-225.8078791625536,-239.00000000000006,5.519715831567552,2000,False,True,False,True,424.96391439437866
0.02,-10.0,6,1,20,1,40061,-225.80705026307632,-239.00000000000006,5.520062651432524,2000,False,True,False,False,424.96391439437866
0.02,-10.0,6,1,20,2,40061,-222.58355753503253,-239.00000000000006,6.868804378647502,1857,True,False,False,False,424.96391439437866
0.02,-10.0,6,1,20,3,40061,-223.35199356560253,-239.00000000000006,6.547283026944571,2000,False,True,False,False,424.96391439437866
0.02,-10.0,6,1,20,4,40061,-224.45617673542537,-239.00000000000006,6.085281700658863,2000,False,True,False,False,424.96391439437866
0.02,-10.0,6,1,20,5,40061,-223.72760465534833,-239.00000000000006,6.390123575168086,2000,False,True,False,False,424.96391439437866
0.02,-10.0,6,1,20,6,40061,-225.20744852801096,-239.00000000000006,5.770942038489162,2000,False,True,False,False,424.96391439437866
0.02,-10.0,6,1,20,7,40061,-224.45340737184094,-239.00000000000006,6.086440430192098,2000,False,True,False,False,424.96391439437866
0.02,-10.0,6,2,40,0,40062,-211.8957428094165,-239.00000000000006,11.3406933851814,1776,True,False,False,False,435.04085206985474
0.02,-10.0,6,2,40,1,40062,-212.00697384672708,-239.00000000000006,11.294153202206264,2000,False,True,False,False,435.04085206985474
0.02,-10.0,6,2,40,2,40062,-217.72944248837197,-239.00000000000006,8.899814858421792,2000,False,True,False,True,435.04085206985474
0.02,-10.0,6,2,40,3,40062,-211.8957428232071,-239.00000000000006,11.340693379411281,1821,True,False,False,False,435.04085206985474
0.02,-10.0,6,2,40,4,40062,-217.7294298834566,-239.00000000000006,8.899820132444964,2000,False,True,False,False,435.04085206985474
0.02,-10.0,6,2,40,5,40062,-217.72944239126076,-239.00000000000006,8.899814899054096,1753,True,False,False,False,435.04085206985474
0.02,-10.0,6,2,40,6,40062,-208.76393411746193,-239.00000000000006,12.651073591020134,1579,True,False,False,False,435.04085206985474
0.02,-10.0,6,2,40,7,40062,-215.64490721261234,-239.00000000000006,9.772005350371428,1421,True,False,False,False,435.04085206985474
0.02,-10.0,6,3,60,0,40063,-198.9532033882135,-239.00000000000006,16.755981845935796,1843,True,False,False,False,391.9609260559082
0.02,-10.0,6,3,60,1,40063,-198.5908241076084,-239.00000000000006,16.90760497589609,2000,False,True,False,False,391.9609260559082
0.02,-10.0,6,3,60,2,40063,-202.51803087101266,-239.00000000000006,15.264422229701838,1142,True,False,False,False,391.9609260559082
0.02,-10.0,6,3,60,3,40063,-203.70531327004687,-239.00000000000006,14.767651351444844,1610,True,False,False,False,391.9609260559082
0.02,-10.0,6,3,60,4,40063,-203.7053134298828,-239.00000000000006,14.767651284567885,1347,True,False,False,True,391.9609260559082
0.02,-10.0,6,3,60,5,40063,-202.5180308677612,-239.00000000000006,15.264422231062275,1143,True,False,False,False,391.9609260559082
0.02,-10.0,6,3,60,6,40063,-202.51803093788493,-239.00000000000006,15.264422201721805,1373,True,False,False,False,391.9609260559082
0.02,-10.0,6,3,60,7,40063,-203.7053134016969,-239.00000000000006,14.767651296361144,1300,True,False,False,False,391.9609260559082
0.02,-9.0,7,2,40,0,40072,-192.98839683698245,-214.99999999999991,10.237954959543012,1595,True,False,False,False,408.58867835998535
0.02,-9.0,7,2,40,1,40072,-194.18398542726007,-214.99999999999991,9.681867243134816,1421,True,False,False,False,408.58867835998535
0.02,-9.0,7,2,40,2,40072,-196.13310406281371,-214.99999999999991,8.775300435900562,1851,True,False,False,True,408.58867835998535
0.02,-9.0,7,2,40,3,40072,-187.89035262117122,-214.99999999999991,12.609138315734283,2000,False,True,False,False,408.58867835998535
0.02,-9.0,7,2,40,4,40072,-187.92408016392238,-214.99999999999991,12.593451086547693,2000,False,True,False,False,408.58867835998535
0.02,-9.0,7,2,40,5,40072,-191.6131854890107,-214.99999999999991,10.877588144646149,1484,True,False,False,False,408.58867835998535
0.02,-9.0,7,2,40,6,40072,-186.49007327614584,-214.99999999999991,13.26043103435074,2000,False,True,False,False,408.58867835998535
0.02,-9.0,7,2,40,7,40072,-192.98839655863952,-214.99999999999991,10.237955089004839,1132,True,False,False,False,408.58867835998535
0.02,-9.0,7,1,20,0,40071,-202.67788618391145,-214.99999999999991,5.73121572841324,2000,False,True,False,False,434.80300188064575
0.02,-9.0,7,1,20,1,40071,-200.21319630900683,-214.99999999999991,6.877583112089808,2000,False,True,False,False,434.80300188064575
0.02,-9.0,7,1,20,2,40071,-202.0521187951091,-214.99999999999991,6.022270327856197,2000,False,True,False,False,434.80300188064575
0.02,-9.0,7,1,20,3,40071,-202.6778282621179,-214.99999999999991,5.731242668782328,2000,False,True,False,False,434.80300188064575
0.02,-9.0,7,1,20,4,40071,-202.67792958853693,-214.99999999999991,5.731195540215346,2000,False,True,False,True,434.80300188064575
0.02,-9.0,7,1,20,5,40071,-202.0521196143361,-214.99999999999991,6.022269946820378,2000,False,True,False,False,434.80300188064575
0.02,-9.0,7,1,20,6,40071,-201.35137886911502,-214.99999999999991,6.348195874830184,2000,False,True,False,False,434.80300188064575
0.02,-9.0,7,1,20,7,40071,-202.0521205873288,-214.99999999999991,6.022269494265637,1913,True,False,False,False,434.80300188064575
0.02,-9.0,7,3,60,0,40073,-182.09285140594437,-214.99999999999991,15.30565050886305,1801,True,False,False,False,413.3324341773987
0.02,-9.0,7,3,60,1,40073,-182.32397124072054,-214.99999999999991,15.19815291129274,2000,False,True,False,False,413.3324341773987
0.02,-9.0,7,3,60,2,40073,-181.1215736317899,-214.99999999999991,15.75740761312095,985,True,False,False,False,413.3324341773987
0.02,-9.0,7,3,60,3,40073,-179.50451460188128,-214.99999999999991,16.50952809214821,1670,True,False,False,False,413.3324341773987
0.02,-9.0,7,3,60,4,40073,-178.96874514663963,-214.99999999999991,16.75872318760944,1354,True,False,False,False,413.3324341773987
0.02,-9.0,7,3,60,5,40073,-181.12157367285275,-214.99999999999991,15.757407594021943,1079,True,False,False,False,413.3324341773987
0.02,-9.0,7,3,60,6,40073,-183.4066093167122,-214.99999999999991,14.694600317808243,1895,True,False,False,True,413.3324341773987
0.02,-9.0,7,3,60,7,40073,-180.93187479731634,-214.99999999999991,15.845639629155158,1532,True,False,False,False,413.3324341773987
0.02,-8.0,8,1,20,0,40081,-180.73651408841997,-190.9999999999999,5.37355283328792,2000,False,True,False,True,424.92895436286926
0.02,-8.0,8,1,20,1,40081,-178.61695227454885,-190.9999999999999,6.483271060445572,2000,False,True,False,False,424.92895436286926
0.02,-8.0,8,1,20,2,40081,-178.2679428139774,-190.9999999999999,6.665998526713341,2000,False,True,False,False,424.92895436286926
0.02,-8.0,8,1,20,3,40081,-179.4541096015641,-190.9999999999999,6.044968794992555,2000,False,True,False,False,424.92895436286926
0.02,-8.0,8,1,20,4,40081,-179.64824336632378,-190.9999999999999,5.943328080458697,2000,False,True,False,False,424.92895436286926
0.02,-8.0,8,1,20,5,40081,-180.73614510989967,-190.9999999999999,5.373746015759281,2000,False,True,False,False,424.92895436286926
0.02,-8.0,8,1,20,6,40081,-178.23414400103675,-190.9999999999999,6.683694240294838,2000,False,True,False,False,424.92895436286926
0.02,-8.0,8,1,20,7,40081,-179.6423660304639,-190.9999999999999,5.94640521965235,2000,False,True,False,False,424.92895436286926
0.02,-6.0,10,3,60,0,40103,-122.14855983264688,-143.00000000000028,14.581426690456894,743,True,False,False,False,279.0666432380676
0.02,-6.0,10,3,60,1,40103,-122.1485599057645,-143.00000000000028,14.581426639325695,963,True,False,False,False,279.0666432380676
0.02,-6.0,10,3,60,2,40103,-120.65411187453545,-143.00000000000028,15.626495192632722,1534,True,False,False,False,279.0666432380676
0.02,-6.0,10,3,60,3,40103,-123.82020235883422,-143.00000000000028,13.412445902913303,1056,True,False,False,False,279.0666432380676
0.02,-6.0,10,3,60,4,40103,-123.82020227066285,-143.00000000000028,13.412445964571607,1133,True,False,False,False,279.0666432380676
0.02,-6.0,10,3,60,5,40103,-122.14855991646992,-143.00000000000028,14.581426631839387,821,True,False,False,False,279.0666432380676
0.02,-6.0,10,3,60,6,40103,-122.14855986524762,-143.00000000000028,14.581426667659178,900,True,False,False,False,279.0666432380676
0.02,-6.0,10,3,60,7,40103,-123.82020236203851,-143.00000000000028,13.41244590067254,947,True,False,False,True,279.0666432380676
0.02,-8.0,8,2,40,0,40082,-174.5369666144153,-190.9999999999999,8.61938920711236,1357,True,False,False,True,393.33177304267883
0.02,-8.0,8,2,40,1,40082,-172.7230627322462,-190.9999999999999,9.569077103535964,1184,True,False,False,False,393.33177304267883
0.02,-8.0,8,2,40,2,40082,-174.53696595749716,-190.9999999999999,8.619389551048554,1669,True,False,False,False,393.33177304267883
0.02,-8.0,8,2,40,3,40082,-167.17733734448618,-190.9999999999999,12.472598248960065,2000,False,True,False,False,393.33177304267883
0.02,-8.0,8,2,40,4,40082,-169.91743386683524,-190.9999999999999,11.037992739876785,1099,True,False,False,False,393.33177304267883
0.02,-8.0,8,2,40,5,40082,-167.0179000368667,-190.9999999999999,12.556073279127327,1471,True,False,False,False,393.33177304267883
0.02,-8.0,8,2,40,6,40082,-167.17856078186955,-190.9999999999999,12.471957705827409,2000,False,True,False,False,393.33177304267883
0.02,-8.0,8,2,40,7,40082,-167.01790017097736,-190.9999999999999,12.556073208912327,1557,True,False,False,False,393.33177304267883
0.02,-7.0,9,3,60,0,40093,-144.1672209565945,-167.00000000000009,13.672322780482386,1199,True,False,False,False,350.152841091156
0.02,-7.0,9,3,60,1,40093,-144.1672210964168,-167.00000000000009,13.672322696756453,1064,True,False,False,True,350.152841091156
0.02,-7.0,9,3,60,2,40093,-144.16722098126917,-167.00000000000009,13.67232276570713,1154,True,False,False,False,350.152841091156
0.02,-7.0,9,3,60,3,40093,-142.23592871160355,-167.00000000000009,14.82878520263265,1077,True,False,False,False,350.152841091156
0.02,-7.0,9,3,60,4,40093,-144.16722087978172,-167.00000000000009,13.672322826478053,1229,True,False,False,False,350.152841091156
0.02,-7.0,9,3,60,5,40093,-142.23592864714618,-167.00000000000009,14.828785241229875,975,True,False,False,False,350.152841091156
0.02,-7.0,9,3,60,6,40093,-139.02000062655108,-167.00000000000009,16.754490642783825,1548,True,False,False,False,350.152841091156
0.02,-7.0,9,3,60,7,40093,-139.80454152878136,-167.00000000000009,16.28470567138845,1762,True,False,False,False,350.152841091156
0.02,-8.0,8,3,60,0,40083,-162.2373050587339,-190.9999999999999,15.059002587050257,2000,False,True,False,False,427.4651050567627
0.02,-8.0,8,3,60,1,40083,-160.83571407327958,-190.9999999999999,15.79281985692164,1115,True,False,False,False,427.4651050567627
0.02,-8.0,8,3,60,2,40083,-158.98428637713798,-190.9999999999999,16.762153729247085,1730,True,False,False,False,427.4651050567627
0.02,-8.0,8,3,60,3,40083,-160.8357142135811,-190.9999999999999,15.792819783465342,1235,True,False,False,False,427.4651050567627
0.02,-8.0,8,3,60,4,40083,-159.65132701982625,-190.9999999999999,16.412917790666835,1890,True,False,False,False,427.4651050567627
0.02,-8.0,8,3,60,5,40083,-162.32682480367214,-190.9999999999999,15.012133610642808,1347,True,False,False,True,427.4651050567627
0.02,-8.0,8,3,60,6,40083,-162.23730536890653,-190.9999999999999,15.059002424656216,1892,True,False,False,False,427.4651050567627
0.02,-8.0,8,3,60,7,40083,-161.02865806642285,-190.9999999999999,15.691802059464427,1182,True,False,False,False,427.4651050567627
0.02,-7.0,9,2,40,0,40092,-148.9275921237557,-167.00000000000009,10.821801123499634,2000,False,True,False,False,391.4354820251465
0.02,-7.0,9,2,40,1,40092,-151.26214154887325,-167.00000000000009,9.423867336004092,1264,True,False,False,False,391.4354820251465
0.02,-7.0,9,2,40,2,40092,-152.94103463551954,-167.00000000000009,8.418542134419482,1212,True,False,False,False,391.4354820251465
0.02,-7.0,9,2,40,3,40092,-152.94103492962404,-167.00000000000009,8.418541958309007,1419,True,False,False,True,391.4354820251465
0.02,-7.0,9,2,40,4,40092,-144.3628637329919,-167.00000000000009,13.555171417370158,2000,False,True,False,False,391.4354820251465
0.02,-7.0,9,2,40,5,40092,-148.92770831422067,-167.00000000000009,10.821731548370904,1160,True,False,False,False,391.4354820251465
0.02,-7.0,9,2,40,6,40092,-151.26214135593887,-167.00000000000009,9.42386745153366,977,True,False,False,False,391.4354820251465
0.02,-7.0,9,2,40,7,40092,-146.41657684121338,-167.00000000000009,12.325403089093827,2000,False,True,False,False,391.4354820251465
0.02,-7.0,9,1,20,0,40091,-156.51663124130164,-167.00000000000009,6.277466322573917,2000,False,True,False,False,433.0453326702118
0.02,-7.0,9,1,20,1,40091,-157.23907048588399,-167.00000000000009,5.844867972524607,2000,False,True,False,False,433.0453326702118
0.02,-7.0,9,1,20,2,40091,-157.23192024442523,-167.00000000000009,5.8491495542364405,2000,False,True,False,False,433.0453326702118
0.02,-7.0,9,1,20,3,40091,-157.23977305462907,-167.00000000000009,5.844447272677252,2000,False,True,False,False,433.0453326702118
0.02,-7.0,9,1,20,4,40091,-157.2445895459108,-167.00000000000009,5.8415631461612465,1748,True,False,False,False,433.0453326702118
0.02,-7.0,9,1,20,5,40091,-156.18412571240225,-167.00000000000009,6.4765714296993,2000,False,True,False,False,433.0453326702118
0.02,-7.0,9,1,20,6,40091,-155.98724645888353,-167.00000000000009,6.594463198273381,2000,False,True,False,False,433.0453326702118
0.02,-7.0,9,1,20,7,40091,-157.55140539619063,-167.00000000000009,5.657841080125419,2000,False,True,False,True,433.0453326702118
0.02,-5.0,11,3,60,0,40113,-100.77116587036615,-123.56603968487643,18.44752318083737,1087,True,False,False,False,310.4898660182953
0.02,-5.0,11,3,60,1,40113,-102.21179238484669,-123.56603968487643,17.281647412580583,784,True,False,False,True,310.4898660182953
0.02,-5.0,11,3,60,2,40113,-97.14529629001828,-123.56603968487643,21.381880864869906,1465,True,False,False,False,310.4898660182953
0.02,-5.0,11,3,60,3,40113,-102.21179233079522,-123.56603968487643,17.28164745632356,1004,True,False,False,False,310.4898660182953
0.02,-5.0,11,3,60,4,40113,-100.133655106926,-123.56603968487643,18.963450344211672,1087,True,False,False,False,310.4898660182953
0.02,-5.0,11,3,60,5,40113,-102.211792343724,-123.56603968487643,17.28164744586051,794,True,False,False,False,310.4898660182953
0.02,-5.0,11,3,60,6,40113,-99.89236061700285,-123.56603968487643,19.158726077364978,1164,True,False,False,False,310.4898660182953
0.02,-5.0,11,3,60,7,40113,-101.99720284635222,-123.56603968487643,17.45531125989795,1332,True,False,False,False,310.4898660182953
0.02,-5.0,11,2,40,0,40112,-109.74979271419939,-123.56603968487643,11.18126550459321,1035,True,False,False,False,347.0614731311798
0.02,-5.0,11,2,40,1,40112,-109.74979282552557,-123.56603968487643,11.181265414498723,1247,True,False,False,True,347.0614731311798
0.02,-5.0,11,2,40,2,40112,-109.74979278737388,-123.56603968487643,11.181265445374274,1123,True,False,False,False,347.0614731311798
0.02,-5.0,11,2,40,3,40112,-108.16258084151927,-123.56603968487643,12.465770435501323,2000,False,True,False,False,347.0614731311798
0.02,-5.0,11,2,40,4,40112,-108.34029792971411,-123.56603968487643,12.321946866624257,1141,True,False,False,False,347.0614731311798
0.02,-5.0,11,2,40,5,40112,-103.81932900814526,-123.56603968487643,15.9806939892952,2000,False,True,False,False,347.0614731311798
0.02,-5.0,11,2,40,6,40112,-108.34029801797263,-123.56603968487643,12.321946795198066,836,True,False,False,False,347.0614731311798
0.02,-5.0,11,2,40,7,40112,-108.15037205310702,-123.56603968487643,12.475650810759271,2000,False,True,False,False,347.0614731311798
0.02,-6.0,10,2,40,0,40102,-125.66209015006574,-143.00000000000028,12.124412482471687,2000,False,True,False,False,409.7800328731537
0.02,-6.0,10,2,40,1,40102,-127.69569591651364,-143.00000000000028,10.702310547892735,1206,True,False,False,False,409.7800328731537
0.02,-6.0,10,2,40,2,40102,-131.3453095019729,-143.00000000000028,8.150133215403745,1281,True,False,False,False,409.7800328731537
0.02,-6.0,10,2,40,3,40102,-125.66223457061189,-143.00000000000028,12.124311489082771,2000,False,True,False,False,409.7800328731537
0.02,-6.0,10,2,40,4,40102,-129.80121978274087,-143.00000000000028,9.229916235845725,1849,True,False,False,False,409.7800328731537
0.02,-6.0,10,2,40,5,40102,-127.83438869308856,-143.00000000000028,10.605322592245942,1513,True,False,False,False,409.7800328731537
0.02,-6.0,10,2,40,6,40102,-131.3453095278651,-143.00000000000028,8.150133197297308,1094,True,False,False,True,409.7800328731537
0.02,-6.0,10,2,40,7,40102,-126.20706064022494,-143.00000000000028,11.743314237605114,2000,False,True,False,False,409.7800328731537
0.02,-6.0,10,1,20,0,40101,-134.8254728087238,-143.00000000000028,5.716452581312224,2000,False,True,False,False,427.82115840911865
0.02,-6.0,10,1,20,1,40101,-134.1417833705194,-143.00000000000028,6.194557083553059,2000,False,True,False,False,427.82115840911865
0.02,-6.0,10,1,20,2,40101,-135.66526719401872,-143.00000000000028,5.129183780406675,1559,True,False,False,True,427.82115840911865
0.02,-6.0,10,1,20,3,40101,-133.39965116470722,-143.00000000000028,6.713530654051078,2000,False,True,False,False,427.82115840911865
0.02,-6.0,10,1,20,4,40101,-135.08933900223613,-143.00000000000028,5.531930767667229,2000,False,True,False,False,427.82115840911865
0.02,-6.0,10,1,20,5,40101,-134.11340880413388,-143.00000000000028,6.2143994376688,2000,False,True,False,False,427.82115840911865
0.02,-6.0,10,1,20,6,40101,-135.08934057872048,-143.00000000000028,5.531929665230621,1694,True,False,False,False,427.82115840911865
0.02,-6.0,10,1,20,7,40101,-134.14175113966795,-143.00000000000028,6.194579622610014,2000,False,True,False,False,427.82115840911865
0.02,-5.0,11,1,20,0,40111,-111.09608018995,-123.56603968487643,10.091736796556617,2000,False,True,False,False,438.9769275188446
0.02,-5.0,11,1,20,1,40111,-113.33861805360496,-123.56603968487643,8.276887126393214,2000,False,True,False,False,438.9769275188446
0.02,-5.0,11,1,20,2,40111,-113.35693641917737,-123.56603968487643,8.26206236902531,2000,False,True,False,True,438.9769275188446
0.02,-5.0,11,1,20,3,40111,-113.25739835492834,-123.56603968487643,8.342616916620166,2000,False,True,False,False,438.9769275188446
0.02,-5.0,11,1,20,4,40111,-112.67864519703481,-123.56603968487643,8.810992498915667,2000,False,True,False,False,438.9769275188446
0.02,-5.0,11,1,20,5,40111,-112.55976995695576,-123.56603968487643,8.907196310563439,2000,False,True,False,False,438.9769275188446
0.02,-5.0,11,1,20,6,40111,-112.49342109057774,-123.56603968487643,8.96089137641424,2000,False,True,False,False,438.9769275188446
0.02,-5.0,11,1,20,7,40111,-113.25046753979107,-123.56603968487643,8.348225913359837,2000,False,True,False,False,438.9769275188446
0.02,-4.0,12,1,20,0,40121,-97.35416993711169,-107.56603968487642,9.493581596646337,2000,False,True,False,False,421.06146001815796
0.02,-4.0,12,1,20,1,40121,-97.38246000966252,-107.56603968487642,9.467281406889692,2000,False,True,False,False,421.06146001815796
0.02,-4.0,12,1,20,2,40121,-91.37773864864928,-107.56603968487642,15.049639350534886,2000,False,True,False,False,421.06146001815796
0.02,-4.0,12,1,20,3,40121,-97.02589792939393,-107.56603968487642,9.79876342604106,2000,False,True,False,False,421.06146001815796
0.02,-4.0,12,1,20,4,40121,-96.99209639361608,-107.56603968487642,9.830187410671225,2000,False,True,False,False,421.06146001815796
0.02,-4.0,12,1,20,5,40121,-96.90279208297062,-107.56603968487642,9.913210185244951,2000,False,True,False,False,421.06146001815796
0.02,-4.0,12,1,20,6,40121,-97.5227808081887,-107.56603968487642,9.33683057042006,1610,True,False,False,True,421.06146001815796
0.02,-4.0,12,1,20,7,40121,-97.3623717911734,-107.56603968487642,9.485956649138986,2000,False,True,False,False,421.06146001815796
0.02,-3.0,13,1,20,0,40131,-81.27931273005036,-91.56603968487632,11.234216299217076,2000,False,True,False,False,423.91113567352295
0.02,-3.0,13,1,20,1,40131,-81.65046596349369,-91.56603968487632,10.828876901859012,2000,False,True,False,False,423.91113567352295
0.02,-3.0,13,1,20,2,40131,-81.48448070641355,-91.56603968487632,11.010150720898663,2000,False,True,False,False,423.91113567352295
0.02,-3.0,13,1,20,3,40131,-75.78099572543839,-91.56603968487632,17.238972018187106,2000,False,True,False,False,423.91113567352295
0.02,-3.0,13,1,20,4,40131,-81.33176155485481,-91.56603968487632,11.176936520616904,2000,False,True,False,False,423.91113567352295
0.02,-3.0,13,1,20,5,40131,-81.72334776944683,-91.56603968487632,10.749282102079567,2000,False,True,False,True,423.91113567352295
0.02,-3.0,13,1,20,6,40131,-75.79324764861863,-91.56603968487632,17.225591595464433,2000,False,True,False,False,423.91113567352295
0.02,-3.0,13,1,20,7,40131,-81.50239096730533,-91.56603968487632,10.990590782570633,2000,False,True,False,False,423.91113567352295
0.02,-4.0,12,2,40,0,40122,-92.09018562919357,-107.56603968487642,14.387304860363583,2000,False,True,False,False,450.4683110713959
0.02,-4.0,12,2,40,1,40122,-90.51167377163219,-107.56603968487642,15.854786476481236,2000,False,True,False,False,450.4683110713959
0.02,-4.0,12,2,40,2,40122,-92.09627181974201,-107.56603968487642,14.38164676365734,2000,False,True,False,False,450.4683110713959
0.02,-4.0,12,2,40,3,40122,-91.69311754007519,-107.56603968487642,14.756443754276216,1421,True,False,False,False,450.4683110713959
0.02,-4.0,12,2,40,4,40122,-86.5405479587827,-107.56603968487642,19.54658904212671,2000,False,True,False,False,450.4683110713959
0.02,-4.0,12,2,40,5,40122,-92.04125813678331,-107.56603968487642,14.432790863709617,2000,False,True,False,False,450.4683110713959
0.02,-4.0,12,2,40,6,40122,-92.10556929378566,-107.56603968487642,14.37300326049325,2000,False,True,False,True,450.4683110713959
0.02,-4.0,12,2,40,7,40122,-92.0842875400747,-107.56603968487642,14.392788086422803,2000,False,True,False,False,450.4683110713959
0.02,-4.0,12,3,60,0,40123,-84.04522252773631,-107.56603968487642,21.866396890734542,2000,False,True,False,False,488.0714466571808
0.02,-4.0,12,3,60,1,40123,-84.06504568622567,-107.56603968487642,21.84796806454792,2000,False,True,False,False,488.0714466571808
0.02,-4.0,12,3,60,2,40123,-84.12928188655357,-107.56603968487642,21.78825014566192,2000,False,True,False,True,488.0714466571808
0.02,-4.0,12,3,60,3,40123,-84.05179309718409,-107.56603968487642,21.86028848564031,2000,False,True,False,False,488.0714466571808
0.02,-4.0,12,3,60,4,40123,-79.90044220165149,-107.56603968487642,25.71963936226859,1248,True,False,False,False,488.0714466571808
0.02,-4.0,12,3,60,5,40123,-83.2950527892329,-107.56603968487642,22.563800774619363,1882,True,False,False,False,488.0714466571808
0.02,-4.0,12,3,60,6,40123,-84.0548814620274,-107.56603968487642,21.857417351914133,2000,False,True,False,False,488.0714466571808
0.02,-4.0,12,3,60,7,40123,-80.4892853719624,-107.56603968487642,25.172214569056926,1640,True,False,False,False,488.0714466571808
0.02,-3.0,13,2,40,0,40132,-76.09897736977328,-91.56603968487632,16.89170173607244,2000,False,True,False,False,461.2696123123169
0.02,-3.0,13,2,40,1,40132,-75.12810216572159,-91.56603968487632,17.95200226604289,2000,False,True,False,False,461.2696123123169
0.02,-3.0,13,2,40,2,40132,-74.8064972539307,-91.56603968487632,18.303229547355578,2000,False,True,False,False,461.2696123123169
0.02,-3.0,13,2,40,3,40132,-75.95325665254025,-91.56603968487632,17.050844490017607,2000,False,True,False,False,461.2696123123169
0.02,-3.0,13,2,40,4,40132,-75.95635856183011,-91.56603968487632,17.047456870218234,2000,False,True,False,False,461.2696123123169
0.02,-3.0,13,2,40,5,40132,-76.09918410853399,-91.56603968487632,16.891475955028053,2000,False,True,False,True,461.2696123123169
0.02,-3.0,13,2,40,6,40132,-75.95352594969417,-91.56603968487632,17.050550388454575,2000,False,True,False,False,461.2696123123169
0.02,-3.0,13,2,40,7,40132,-75.12823147616767,-91.56603968487632,17.95186104507655,2000,False,True,False,False,461.2696123123169
0.02,-2.0,14,1,20,0,40141,-65.4066824172083,-75.5660396848763,13.444342604209918,2000,False,True,False,False,428.53725004196167
0.02,-2.0,14,1,20,1,40141,-65.5497839274977,-75.5660396848763,13.25496982394228,2000,False,True,False,False,428.53725004196167
0.02,-2.0,14,1,20,2,40141,-65.47651476860136,-75.5660396848763,13.351930256435345,2000,False,True,False,False,428.53725004196167
0.02,-2.0,14,1,20,3,40141,-65.8925892823651,-75.5660396848763,12.801319802984516,2000,False,True,False,True,428.53725004196167
0.02,-2.0,14,1,20,4,40141,-65.83561866955421,-75.5660396848763,12.876711623236659,2000,False,True,False,False,428.53725004196167
0.02,-2.0,14,1,20,5,40141,-65.66437312630387,-75.5660396848763,13.103328690856534,2000,False,True,False,False,428.53725004196167
0.02,-2.0,14,1,20,6,40141,-65.40262979594829,-75.5660396848763,13.44970562346687,2000,False,True,False,False,428.53725004196167
0.02,-2.0,14,1,20,7,40141,-65.68003830468442,-75.5660396848763,13.082598243097365,2000,False,True,False,False,428.53725004196167
0.02,-1.0,15,1,20,0,40151,-50.167071216790205,-59.56603968487627,15.77907229993746,2000,False,True,False,True,389.6637227535248
0.02,-1.0,15,1,20,1,40151,-49.82084424053804,-59.56603968487627,16.36032124326796,2000,False,True,False,False,389.6637227535248
0.02,-1.0,15,1,20,2,40151,-50.05972619782474,-59.56603968487627,15.95928407754322,2000,False,True,False,False,389.6637227535248
0.02,-1.0,15,1,20,3,40151,-49.23281490239089,-59.56603968487627,17.347510153690763,2000,False,True,False,False,389.6637227535248
0.02,-1.0,15,1,20,4,40151,-49.626209246054984,-59.56603968487627,16.687076212228018,2000,False,True,False,False,389.6637227535248
0.02,-1.0,15,1,20,5,40151,-49.762134519872625,-59.56603968487627,16.458883647241777,2000,False,True,False,False,389.6637227535248
0.02,-1.0,15,1,20,6,40151,-50.10906743896857,-59.56603968487627,15.876449560753342,2000,False,True,False,False,389.6637227535248
0.02,-1.0,15,1,20,7,40151,-50.089157513744624,-59.56603968487627,15.90987452123297,2000,False,True,False,False,389.6637227535248
0.02,-2.0,14,2,40,0,40142,-60.234183808611846,-75.5660396848763,20.28934682855023,2000,False,True,False,False,448.28231716156006
0.02,-2.0,14,2,40,1,40142,-60.112914480439954,-75.5660396848763,20.44982808266597,2000,False,True,False,False,448.28231716156006
0.02,-2.0,14,2,40,2,40142,-60.14986659401799,-75.5660396848763,20.400927658967525,2000,False,True,False,False,448.28231716156006
0.02,-2.0,14,2,40,3,40142,-59.75950285080807,-75.5660396848763,20.917513872612982,2000,False,True,False,False,448.28231716156006
0.02,-2.0,14,2,40,4,40142,-59.866211654432945,-75.5660396848763,20.77630122726347,2000,False,True,False,False,448.28231716156006
0.02,-2.0,14,2,40,5,40142,-60.15655628775578,-75.5660396848763,20.392074880966085,2000,False,True,False,False,448.28231716156006
0.02,-2.0,14,2,40,6,40142,-60.23448982414983,-75.5660396848763,20.288941864178316,1657,True,False,False,True,448.28231716156006
0.02,-2.0,14,2,40,7,40142,-55.16422723226075,-75.5660396848763,26.99865248687731,2000,False,True,False,False,448.28231716156006
0.02,-1.0,15,2,40,0,40152,-43.86790751163107,-59.56603968487627,26.35416464867134,2000,False,True,False,False,419.277170419693
0.02,-1.0,15,2,40,1,40152,-43.85923920986106,-59.56603968487627,26.368717071185692,2000,False,True,False,False,419.277170419693
0.02,-1.0,15,2,40,2,40152,-44.40025781993224,-59.56603968487627,25.460450191377422,2000,False,True,False,False,419.277170419693
0.02,-1.0,15,2,40,3,40152,-44.40872303512678,-59.56603968487627,25.446238712421753,982,True,False,False,False,419.277170419693
0.02,-1.0,15,2,40,4,40152,-44.28315258617824,-59.56603968487627,25.657047504835774,2000,False,True,False,False,419.277170419693
0.02,-1.0,15,2,40,5,40152,-44.527265469955445,-59.56603968487627,25.247228612949318,2000,False,True,False,False,419.277170419693
0.02,-1.0,15,2,40,6,40152,-44.297549117759615,-59.56603968487627,25.63287847889828,2000,False,True,False,False,419.277170419693
0.02,-1.0,15,2,40,7,40152,-44.5274985325673,-59.56603968487627,25.246837345352734,2000,False,True,False,True,419.277170419693
0.02,0.0,16,1,20,0,40161,-34.645509359070026,-43.56603968487643,20.475880732631953,2000,False,True,False,True,377.0508830547333
0.02,0.0,16,1,20,1,40161,-34.41985840338161,-43.56603968487643,20.993832231828584,2000,False,True,False,False,377.0508830547333
0.02,0.0,16,1,20,2,40161,-34.53585241572566,-43.56603968487643,20.727583536323873,2000,False,True,False,False,377.0508830547333
0.02,0.0,16,1,20,3,40161,-34.281225898615226,-43.56603968487643,21.312044549884448,2000,False,True,False,False,377.0508830547333
0.02,0.0,16,1,20,4,40161,-34.36512211921353,-43.56603968487643,21.119472029625214,2000,False,True,False,False,377.0508830547333
0.02,0.0,16,1,20,5,40161,-32.07987301707991,-43.56603968487643,26.364954792491364,2000,False,True,False,False,377.0508830547333
0.02,0.0,16,1,20,6,40161,-33.785371645578934,-43.56603968487643,22.450211472154464,2000,False,True,False,False,377.0508830547333
0.02,0.0,16,1,20,7,40161,-34.29148778240738,-43.56603968487643,21.28848977220353,2000,False,True,False,False,377.0508830547333
0.02,-3.0,13,3,60,0,40133,-67.95039713203734,-91.56603968487632,25.79083100471746,2000,False,True,False,False,531.1347608566284
0.02,-3.0,13,3,60,1,40133,-68.3390847923502,-91.56603968487632,25.366342120355384,2000,False,True,False,False,531.1347608566284
0.02,-3.0,13,3,60,2,40133,-68.6766705788273,-91.56603968487632,24.99766199873072,2000,False,True,False,False,531.1347608566284
0.02,-3.0,13,3,60,3,40133,-63.66498382776334,-91.56603968487632,30.47096494850514,2000,False,True,False,False,531.1347608566284
0.02,-3.0,13,3,60,4,40133,-68.67695031821823,-91.56603968487632,24.997356493117618,2000,False,True,False,True,531.1347608566284
0.02,-3.0,13,3,60,5,40133,-68.624731749717,-91.56603968487632,25.054384806978234,2000,False,True,False,False,531.1347608566284
0.02,-3.0,13,3,60,6,40133,-67.9502727674473,-91.56603968487632,25.790966824275092,2000,False,True,False,False,531.1347608566284
0.02,-3.0,13,3,60,7,40133,-67.88156895447837,-91.56603968487632,25.86599880469641,2000,False,True,False,False,531.1347608566284
0.02,-2.0,14,3,60,0,40143,-52.72738870255754,-75.5660396848763,30.22343248046339,2000,False,True,False,False,491.74308371543884
0.02,-2.0,14,3,60,1,40143,-52.25052129733026,-75.5660396848763,30.854492950505097,2000,False,True,False,False,491.74308371543884
0.02,-2.0,14,3,60,2,40143,-52.69371203522108,-75.5660396848763,30.267998356188645,2000,False,True,False,False,491.74308371543884
0.02,-2.0,14,3,60,3,40143,-53.18029866470624,-75.5660396848763,29.624075991705457,1709,True,False,False,False,491.74308371543884
0.02,-2.0,14,3,60,4,40143,-52.6856188199355,-75.5660396848763,30.278708478512556,2000,False,True,False,False,491.74308371543884
0.02,-2.0,14,3,60,5,40143,-49.20429116137317,-75.5660396848763,34.88570875678581,2000,False,True,False,False,491.74308371543884
0.02,-2.0,14,3,60,6,40143,-52.727186375847026,-75.5660396848763,30.223700228662658,2000,False,True,False,False,491.74308371543884
0.02,-2.0,14,3,60,7,40143,-53.18029886465966,-75.5660396848763,29.624075727097942,2000,False,True,False,True,491.74308371543884
0.02,1.0,17,1,20,0,40171,-21.27911231947441,-35.56603968487625,40.17013840165362,2000,False,True,False,False,385.0149493217468
0.02,1.0,17,1,20,1,40171,-21.305936881747492,-35.56603968487625,40.0947165596078,2000,False,True,False,False,385.0149493217468
0.02,1.0,17,1,20,2,40171,-21.07816965852461,-35.56603968487625,40.73512304073685,2000,False,True,False,False,385.0149493217468
0.02,1.0,17,1,20,3,40171,-21.562703263458097,-35.56603968487625,39.37277398746421,2000,False,True,False,False,385.0149493217468
0.02,1.0,17,1,20,4,40171,-21.64620593073803,-35.56603968487625,39.13799196500743,2000,False,True,False,True,385.0149493217468
0.02,1.0,17,1,20,5,40171,-20.921419735570474,-35.56603968487625,41.17585224292799,2000,False,True,False,False,385.0149493217468
0.02,1.0,17,1,20,6,40171,-21.539654200966567,-35.56603968487625,39.437580366514986,2000,False,True,False,False,385.0149493217468
0.02,1.0,17,1,20,7,40171,-21.247086904684462,-35.56603968487625,40.260183329550294,2000,False,True,False,False,385.0149493217468
0.02,0.0,16,2,40,0,40162,-27.996866168514916,-43.56603968487643,35.73694930495648,2000,False,True,False,False,437.69995164871216
0.02,0.0,16,2,40,1,40162,-28.831547237677114,-43.56603968487643,33.82105087765016,2000,False,True,False,False,437.69995164871216
0.02,0.0,16,2,40,2,40162,-27.325254366161964,-43.56603968487643,37.27854410496787,2000,False,True,False,False,437.69995164871216
0.02,0.0,16,2,40,3,40162,-29.31309886915282,-43.56603968487643,32.7157137045702,2000,False,True,False,False,437.69995164871216
0.02,0.0,16,2,40,4,40162,-28.835358561677932,-43.56603968487643,33.812302494670234,2000,False,True,False,False,437.69995164871216
0.02,0.0,16,2,40,5,40162,-29.42594191924558,-43.56603968487643,32.45669762023253,2000,False,True,False,False,437.69995164871216
0.02,0.0,16,2,40,6,40162,-29.430636425468613,-43.56603968487643,32.44592201093458,2000,False,True,False,True,437.69995164871216
0.02,0.0,16,2,40,7,40162,-28.820489799371416,-43.56603968487643,33.84643174399854,2000,False,True,False,False,437.69995164871216
0.02,2.0,18,1,20,0,40181,-12.310118096875948,-27.566039684876344,55.34317501679542,2000,False,True,False,False,387.95465326309204
0.02,2.0,18,1,20,1,40181,-12.317194059509466,-27.566039684876344,55.31750588653802,2000,False,True,False,False,387.95465326309204
0.02,2.0,18,1,20,2,40181,-12.348627985679967,-27.566039684876344,55.20347454025164,2000,False,True,False,False,387.95465326309204
0.02,2.0,18,1,20,3,40181,-11.774817896274156,-27.566039684876344,57.285057879626365,2000,False,True,False,False,387.95465326309204
0.02,2.0,18,1,20,4,40181,-12.157958049030938,-27.566039684876344,55.89515872422833,2000,False,True,False,False,387.95465326309204
0.02,2.0,18,1,20,5,40181,-12.641289588858312,-27.566039684876344,54.141800079487844,2000,False,True,False,True,387.95465326309204
0.02,2.0,18,1,20,6,40181,-12.149334725208687,-27.566039684876344,55.926441142453186,2000,False,True,False,False,387.95465326309204
0.02,2.0,18,1,20,7,40181,-12.340909490263245,-27.566039684876344,55.23147455586853,2000,False,True,False,False,387.95465326309204
0.02,-1.0,15,3,60,0,40153,-37.10337979787836,-59.56603968487627,37.71051425582881,2000,False,True,False,False,479.45987606048584
0.02,-1.0,15,3,60,1,40153,-37.112546669492694,-59.56603968487627,37.69512482980212,2000,False,True,False,False,479.45987606048584
0.02,-1.0,15,3,60,2,40153,-37.62109014823619,-59.56603968487627,36.841377490825316,2000,False,True,False,False,479.45987606048584
0.02,-1.0,15,3,60,3,40153,-37.624265421029634,-59.56603968487627,36.836046814469725,2000,False,True,False,False,479.45987606048584
0.02,-1.0,15,3,60,4,40153,-37.80133529650158,-59.56603968487627,36.538780324354384,1887,True,False,False,True,479.45987606048584
0.02,-1.0,15,3,60,5,40153,-37.11262202057384,-59.56603968487627,37.69499832973338,2000,False,True,False,False,479.45987606048584
0.02,-1.0,15,3,60,6,40153,-36.752279273977244,-59.56603968487627,38.29994495452651,2000,False,True,False,False,479.45987606048584
0.02,-1.0,15,3,60,7,40153,-37.112547997209276,-59.56603968487627,37.695122600819644,2000,False,True,False,False,479.45987606048584
0.02,1.0,17,2,40,0,40172,-16.604728964202504,-35.56603968487625,53.312966213487826,2000,False,True,False,False,427.9933879375458
0.02,1.0,17,2,40,1,40172,-14.475424773415082,-35.56603968487625,59.299868915204335,2000,False,True,False,False,427.9933879375458
0.02,1.0,17,2,40,2,40172,-17.40291174518572,-35.56603968487625,51.068738888614696,2000,False,True,False,False,427.9933879375458
0.02,1.0,17,2,40,3,40172,-15.831421718419678,-35.56603968487625,55.48725171908394,2000,False,True,False,False,427.9933879375458
0.02,1.0,17,2,40,4,40172,-17.403838807890935,-35.56603968487625,51.06613229335295,2000,False,True,False,True,427.9933879375458
0.02,1.0,17,2,40,5,40172,-16.563069410567614,-35.56603968487625,53.43009916954367,2000,False,True,False,False,427.9933879375458
0.02,1.0,17,2,40,6,40172,-15.78660984951528,-35.56603968487625,55.61324794835614,2000,False,True,False,False,427.9933879375458
0.02,1.0,17,2,40,7,40172,-15.477836153695906,-35.56603968487625,56.48141797390631,2000,False,True,False,False,427.9933879375458
0.02,0.0,16,3,60,0,40163,-21.744697764430676,-43.56603968487643,50.08796318941251,2000,False,True,False,False,482.0111277103424
0.02,0.0,16,3,60,1,40163,-22.91885276989461,-43.56603968487643,47.392847879513155,2000,False,True,False,False,482.0111277103424
0.02,0.0,16,3,60,2,40163,-21.579831136703245,-43.56603968487643,50.466392417591045,2000,False,True,False,False,482.0111277103424
0.02,0.0,16,3,60,3,40163,-21.72384423947587,-43.56603968487643,50.13582965858355,2000,False,True,False,False,482.0111277103424
0.02,0.0,16,3,60,4,40163,-22.9359394144116,-43.56603968487643,47.35362777908498,2000,False,True,False,True,482.0111277103424
0.02,0.0,16,3,60,5,40163,-22.527902473039873,-43.56603968487643,48.29022184254164,2000,False,True,False,False,482.0111277103424
0.02,0.0,16,3,60,6,40163,-21.627783791952236,-43.56603968487643,50.35632352999914,2000,False,True,False,False,482.0111277103424
0.02,0.0,16,3,60,7,40163,-21.62681344923568,-43.56603968487643,50.35855082153993,2000,False,True,False,False,482.0111277103424
0.02,1.0,17,3,60,0,40173,-10.70029224131827,-35.56603968487625,69.91429932563351,2000,False,True,False,False,497.88507318496704
0.02,1.0,17,3,60,1,40173,-11.436456483840834,-35.56603968487625,67.8444477226854,2000,False,True,False,False,497.88507318496704
0.02,1.0,17,3,60,2,40173,-10.490786690755291,-35.56603968487625,70.50335999254848,2000,False,True,False,False,497.88507318496704
0.02,1.0,17,3,60,3,40173,-10.707685057830915,-35.56603968487625,69.89351315832855,2000,False,True,False,False,497.88507318496704
0.02,1.0,17,3,60,4,40173,-10.700794704858271,-35.56603968487625,69.91288656350297,2000,False,True,False,False,497.88507318496704
0.02,1.0,17,3,60,5,40173,-10.489784639057572,-35.56603968487625,70.50617743218078,2000,False,True,False,False,497.88507318496704
0.02,1.0,17,3,60,6,40173,-11.431705447968778,-35.56603968487625,67.85780607215067,2000,False,True,False,False,497.88507318496704
0.02,1.0,17,3,60,7,40173,-11.442195169850725,-35.56603968487625,67.82831242603518,2000,False,True,False,True,497.88507318496704
0.02,2.0,18,2,40,0,40182,-8.412197698916712,-27.566039684876344,69.4834738864142,2000,False,True,False,True,452.37829780578613
0.02,2.0,18,2,40,1,40182,-5.812067001782898,-27.566039684876344,78.91584330493583,2000,False,True,False,False,452.37829780578613
0.02,2.0,18,2,40,2,40182,-8.216459587319259,-27.566039684876344,70.19354364556371,2000,False,True,False,False,452.37829780578613
0.02,2.0,18,2,40,3,40182,-7.01707952050561,-27.566039684876344,74.54447718743069,2000,False,True,False,False,452.37829780578613
0.02,2.0,18,2,40,4,40182,-8.185348622405968,-27.566039684876344,70.30640340078766,2000,False,True,False,False,452.37829780578613
0.02,2.0,18,2,40,5,40182,-6.685460415688999,-27.566039684876344,75.74747590834795,2000,False,True,False,False,452.37829780578613
0.02,2.0,18,2,40,6,40182,-8.296378290467551,-27.566039684876344,69.90362639933649,2000,False,True,False,False,452.37829780578613
0.02,2.0,18,2,40,7,40182,-8.12838589888737,-27.566039684876344,70.51304434076225,2000,False,True,False,False,452.37829780578613
0.02,3.0,19,1,20,0,40191,-4.350519607540414,-19.566039684876287,77.76494539718644,2000,False,True,False,False,404.1689417362213
0.02,3.0,19,1,20,1,40191,-3.575981519948552,-19.566039684876287,81.7235292499553,2000,False,True,False,False,404.1689417362213
0.02,3.0,19,1,20,2,40191,-3.759285971106438,-19.566039684876287,80.78667920717648,2000,False,True,False,False,404.1689417362213
0.02,3.0,19,1,20,3,40191,-3.6084248002180273,-19.566039684876287,81.5577150085861,2000,False,True,False,False,404.1689417362213
0.02,3.0,19,1,20,4,40191,-3.236195749291315,-19.566039684876287,83.46013909093337,2000,False,True,False,False,404.1689417362213
0.02,3.0,19,1,20,5,40191,-3.587112507143569,-19.566039684876287,81.66663992858885,2000,False,True,False,False,404.1689417362213
0.02,3.0,19,1,20,6,40191,-3.3302166501539734,-19.566039684876287,82.97960801578009,2000,False,True,False,False,404.1689417362213
0.02,3.0,19,1,20,7,40191,-4.5336264816595255,-19.566039684876287,76.82910515016576,2000,False,True,False,True,404.1689417362213
0.02,2.0,18,3,60,0,40183,-1.6299055971151282,-27.566039684876344,94.0872696413865,2000,False,True,False,False,502.2445650100708
0.02,2.0,18,3,60,1,40183,-2.2134595357880125,-27.566039684876344,91.97033900737512,1701,True,False,False,False,502.2445650100708
0.02,2.0,18,3,60,2,40183,-1.6245877362113361,-27.566039684876344,94.10656099032376,2000,False,True,False,False,502.2445650100708
0.02,2.0,18,3,60,3,40183,-0.8933648823378706,-27.566039684876344,96.75918306528449,2000,False,True,False,False,502.2445650100708
0.02,2.0,18,3,60,4,40183,-2.316161256608531,-27.566039684876344,91.59777290069253,2000,False,True,False,True,502.2445650100708
0.02,2.0,18,3,60,5,40183,-1.631754064646779,-27.566039684876344,94.08056404438099,2000,False,True,False,False,502.2445650100708
0.02,2.0,18,3,60,6,40183,-0.3477202281259456,-27.566039684876344,98.7385920063203,2000,False,True,False,False,502.2445650100708
0.02,2.0,18,3,60,7,40183,-0.9119504267115781,-27.566039684876344,96.69176117738849,2000,False,True,False,False,502.2445650100708
0.02,4.0,20,1,20,0,40201,5.144583577090589,-11.56603968487638,144.4800788969935,2000,False,True,False,False,400.67141366004944
0.02,4.0,20,1,20,1,40201,3.677138414479267,-11.56603968487638,131.79254537132056,2000,False,True,False,False,400.67141366004944
0.02,4.0,20,1,20,2,40201,3.409460969458284,-11.56603968487638,129.47820569832953,2000,False,True,False,False,400.67141366004944
0.02,4.0,20,1,20,3,40201,3.524609401672042,-11.56603968487638,130.47377925117084,2000,False,True,False,False,400.67141366004944
0.02,4.0,20,1,20,4,40201,5.1337463642152,-11.56603968487638,144.38638033490432,2000,False,True,False,False,400.67141366004944
0.02,4.0,20,1,20,5,40201,3.4611912359261274,-11.56603968487638,129.92546567561877,2000,False,True,False,False,400.67141366004944
0.02,4.0,20,1,20,6,40201,2.8395096842657144,-11.56603968487638,124.55040585740531,2000,False,True,False,False,400.67141366004944
0.02,4.0,20,1,20,7,40201,2.771175876980957,-11.56603968487638,123.95959163623236,2000,False,True,False,True,400.67141366004944
0.02,3.0,19,2,40,0,40192,3.1429223811069087,-19.566039684876287,116.0631503959192,2000,False,True,False,False,456.92580461502075
0.02,3.0,19,2,40,1,40192,2.2861163077620392,-19.566039684876287,111.68410339844658,2000,False,True,False,False,456.92580461502075
0.02,3.0,19,2,40,2,40192,0.880240010246309,-19.566039684876287,104.49881541907888,2000,False,True,False,False,456.92580461502075
0.02,3.0,19,2,40,3,40192,0.8512997419613186,-19.566039684876287,104.3509047087303,2000,False,True,False,False,456.92580461502075
0.02,3.0,19,2,40,4,40192,0.009455582688534355,-19.566039684876287,100.0483265026588,2000,False,True,False,True,456.92580461502075
0.02,3.0,19,2,40,5,40192,0.5318258667510272,-19.566039684876287,102.71810685921335,2000,False,True,False,False,456.92580461502075
0.02,3.0,19,2,40,6,40192,1.6664410959029283,-19.566039684876287,108.51700764560452,2000,False,True,False,False,456.92580461502075
0.02,3.0,19,2,40,7,40192,0.8793878702066728,-19.566039684876287,104.49446021969588,2000,False,True,False,False,456.92580461502075
0.02,5.0,21,1,20,0,40211,7.67037483573521,-3.566039684876202,315.0950497905492,2000,False,True,False,False,402.94111490249634
0.02,5.0,21,1,20,1,40211,6.3223081004901225,-3.566039684876202,277.29214083913394,2000,False,True,False,True,402.94111490249634
0.02,5.0,21,1,20,2,40211,6.339838353620034,-3.566039684876202,277.7837296793888,2000,False,True,False,False,402.94111490249634
0.02,5.0,21,1,20,3,40211,6.325972561373635,-3.566039684876202,277.3949007971639,2000,False,True,False,False,402.94111490249634
0.02,5.0,21,1,20,4,40211,7.42693107173333,-3.566039684876202,308.2683236317142,2000,False,True,False,False,402.94111490249634
0.02,5.0,21,1,20,5,40211,6.327356420484548,-3.566039684876202,277.4337074071067,2000,False,True,False,False,402.94111490249634
0.02,5.0,21,1,20,6,40211,7.413549227488292,-3.566039684876202,307.89306577068174,2000,False,True,False,False,402.94111490249634
0.02,5.0,21,1,20,7,40211,6.355335969508525,-3.566039684876202,278.21831867048206,2000,False,True,False,False,402.94111490249634
0.02,4.0,20,2,40,0,40202,10.442951081682716,-11.56603968487638,190.2897739088497,2000,False,True,False,False,477.10341000556946
0.02,4.0,20,2,40,1,40202,7.427647421036953,-11.56603968487638,164.21945301423492,2000,False,True,False,False,477.10341000556946
0.02,4.0,20,2,40,2,40202,9.06678686891323,-11.56603968487638,178.39145564033345,2000,False,True,False,False,477.10341000556946
0.02,4.0,20,2,40,3,40202,7.4221462741177096,-11.56603968487638,164.17189008803783,2000,False,True,False,False,477.10341000556946
0.02,4.0,20,2,40,4,40202,9.067868028500866,-11.56603968487638,178.4008033480804,2000,False,True,False,False,477.10341000556946
0.02,4.0,20,2,40,5,40202,7.417189884489558,-11.56603968487638,164.12903713436322,2000,False,True,False,False,477.10341000556946
0.02,4.0,20,2,40,6,40202,7.167800098959566,-11.56603968487638,161.97281259835293,2000,False,True,False,True,477.10341000556946
0.02,4.0,20,2,40,7,40202,9.464583011747248,-11.56603968487638,181.83080180956864,2000,False,True,False,False,477.10341000556946
0.02,3.0,19,3,60,0,40193,7.688287632433586,-19.566039684876287,139.29404088031316,2000,False,True,False,False,519.3643608093262
0.02,3.0,19,3,60,1,40193,6.349373093253269,-19.566039684876287,132.4509875044415,2000,False,True,False,False,519.3643608093262
0.02,3.0,19,3,60,2,40193,7.42554748894596,-19.566039684876287,137.95120325083258,2000,False,True,False,False,519.3643608093262
0.02,3.0,19,3,60,3,40193,7.6331283986839455,-19.566039684876287,139.0121277561551,2000,False,True,False,False,519.3643608093262
0.02,3.0,19,3,60,4,40193,8.548532567403704,-19.566039684876287,143.69066354297212,2000,False,True,False,False,519.3643608093262
0.02,3.0,19,3,60,5,40193,6.2043630781912205,-19.566039684876287,131.7098563537461,2000,False,True,False,True,519.3643608093262
0.02,3.0,19,3,60,6,40193,8.152076579226703,-19.566039684876287,141.66441809646287,2000,False,True,False,False,519.3643608093262
0.02,3.0,19,3,60,7,40193,8.739882696105207,-19.566039684876287,144.66863420940908,1987,True,False,False,False,519.3643608093262
0.02,6.0,22,1,20,0,40221,8.745077931815993,0.9999999999999949,774.5077931816039,2000,False,True,False,False,409.49475359916687
0.02,6.0,22,1,20,1,40221,9.61030200000464,0.9999999999999949,861.030200000469,1780,True,False,False,False,409.49475359916687
0.02,6.0,22,1,20,2,40221,9.025643578412174,0.9999999999999949,802.564357841222,2000,False,True,False,False,409.49475359916687
0.02,6.0,22,1,20,3,40221,7.511069079662212,0.9999999999999949,651.106907966225,2000,False,True,False,False,409.49475359916687
0.02,6.0,22,1,20,4,40221,8.405996359677607,0.9999999999999949,740.599635967765,2000,False,True,False,False,409.49475359916687
0.02,6.0,22,1,20,5,40221,7.503659747331642,0.9999999999999949,650.365974733168,2000,False,True,False,True,409.49475359916687
0.02,6.0,22,1,20,6,40221,7.531183221481431,0.9999999999999949,653.118322148147,2000,False,True,False,False,409.49475359916687
0.02,6.0,22,1,20,7,40221,9.625357216332734,0.9999999999999949,862.5357216332784,2000,False,True,False,False,409.49475359916687
0.02,4.0,20,3,60,0,40203,12.08447999945172,-11.56603968487638,204.48243589595535,2000,False,True,False,False,509.2569725513458
0.02,4.0,20,3,60,1,40203,12.056515850781928,-11.56603968487638,204.24065781606205,2000,False,True,False,False,509.2569725513458
0.02,4.0,20,3,60,2,40203,12.065285497262929,-11.56603968487638,204.31648019537195,2000,False,True,False,False,509.2569725513458
0.02,4.0,20,3,60,3,40203,12.065349966755111,-11.56603968487638,204.31703759871777,2000,False,True,False,False,509.2569725513458
0.02,4.0,20,3,60,4,40203,12.051975873940806,-11.56603968487638,204.20140516809596,2000,False,True,False,True,509.2569725513458
0.02,4.0,20,3,60,5,40203,14.550690183060922,-11.56603968487638,225.80529359662526,2000,False,True,False,False,509.2569725513458
0.02,4.0,20,3,60,6,40203,12.088378624414332,-11.56603968487638,204.51614341442178,2000,False,True,False,False,509.2569725513458
0.02,4.0,20,3,60,7,40203,12.090041005490145,-11.56603968487638,204.53051636420497,2000,False,True,False,False,509.2569725513458
0.02,5.0,21,2,40,0,40212,9.19653736307517,-3.566039684876202,357.89217663724446,2000,False,True,False,True,470.8019006252289
0.02,5.0,21,2,40,1,40212,11.873476169571846,-3.566039684876202,432.959731769896,2000,False,True,False,False,470.8019006252289
0.02,5.0,21,2,40,2,40212,10.385705499597401,-3.566039684876202,391.2392013931822,2000,False,True,False,False,470.8019006252289
0.02,5.0,21,2,40,3,40212,9.214362728233386,-3.566039684876202,358.3920411012832,2000,False,True,False,False,470.8019006252289
0.02,5.0,21,2,40,4,40212,11.344248724665334,-3.566039684876202,418.1189702620811,2000,False,True,False,False,470.8019006252289
0.02,5.0,21,2,40,5,40212,11.873400914072198,-3.566039684876202,432.9576214316413,2000,False,True,False,False,470.8019006252289
0.02,5.0,21,2,40,6,40212,12.423114537980195,-3.566039684876202,448.37286277736627,2000,False,True,False,False,470.8019006252289
0.02,5.0,21,2,40,7,40212,14.207841542688495,-3.566039684876202,498.42073555560364,2000,False,True,False,False,470.8019006252289
0.02,7.0,23,1,20,0,40231,10.349902595858262,0.9999999999999978,934.9902595858285,2000,False,True,False,False,417.5910995006561
0.02,7.0,23,1,20,1,40231,8.701687546790549,0.9999999999999978,770.1687546790567,2000,False,True,False,False,417.5910995006561
0.02,7.0,23,1,20,2,40231,8.717273582616366,0.9999999999999978,771.7273582616385,2000,False,True,False,False,417.5910995006561
0.02,7.0,23,1,20,3,40231,8.706992014313702,0.9999999999999978,770.6992014313721,2000,False,True,False,False,417.5910995006561
0.02,7.0,23,1,20,4,40231,10.072617514510172,0.9999999999999978,907.2617514510193,2000,False,True,False,False,417.5910995006561
0.02,7.0,23,1,20,5,40231,8.692539768052775,0.9999999999999978,769.2539768052794,2000,False,True,False,True,417.5910995006561
0.02,7.0,23,1,20,6,40231,11.619839859352403,0.9999999999999978,1061.9839859352428,2000,False,True,False,False,417.5910995006561
0.02,7.0,23,1,20,7,40231,8.719995650673784,0.9999999999999978,771.9995650673803,2000,False,True,False,False,417.5910995006561
0.02,6.0,22,2,40,0,40222,11.220880258403621,0.9999999999999949,1022.0880258403678,2000,False,True,False,True,458.6572449207306
0.02,6.0,22,2,40,1,40222,13.62280634393638,0.9999999999999949,1262.280634393645,2000,False,True,False,False,458.6572449207306
0.02,6.0,22,2,40,2,40222,11.895504946813318,0.9999999999999949,1089.5504946813378,2000,False,True,False,False,458.6572449207306
0.02,6.0,22,2,40,3,40222,14.833925424474756,0.9999999999999949,1383.3925424474833,2000,False,True,False,False,458.6572449207306
0.02,6.0,22,2,40,4,40222,11.221800620567812,0.9999999999999949,1022.1800620567869,2000,False,True,False,False,458.6572449207306
0.02,6.0,22,2,40,5,40222,14.284432544438538,0.9999999999999949,1328.443254443861,2000,False,True,False,False,458.6572449207306
0.02,6.0,22,2,40,6,40222,11.471987401095785,0.9999999999999949,1047.1987401095844,2000,False,True,False,False,458.6572449207306
0.02,6.0,22,2,40,7,40222,13.924689625651279,0.9999999999999949,1292.468962565135,2000,False,True,False,False,458.6572449207306
0.02,5.0,21,3,60,0,40213,17.012721241648524,-3.566039684876202,577.0760492038421,2000,False,True,False,False,510.6541347503662
0.02,5.0,21,3,60,1,40213,23.493927709451103,-3.566039684876202,758.8240677491707,2000,False,True,False,False,510.6541347503662
0.02,5.0,21,3,60,2,40213,17.51577204288648,-3.566039684876202,591.1827570840551,2000,False,True,False,False,510.6541347503662
0.02,5.0,21,3,60,3,40213,15.084917285192049,-3.566039684876202,523.015967802269,2000,False,True,False,True,510.6541347503662
0.02,5.0,21,3,60,4,40213,15.097413771288442,-3.566039684876202,523.3663981732318,2000,False,True,False,False,510.6541347503662
0.02,5.0,21,3,60,5,40213,15.121012258270827,-3.566039684876202,524.02815432481,2000,False,True,False,False,510.6541347503662
0.02,5.0,21,3,60,6,40213,15.09367651034963,-3.566039684876202,523.2615967332854,2000,False,True,False,False,510.6541347503662
0.02,5.0,21,3,60,7,40213,15.107106566178057,-3.566039684876202,523.6382065586158,2000,False,True,False,False,510.6541347503662
0.02,8.0,24,1,20,0,40241,9.886647573147295,1.0000000000000138,888.6647573147159,2000,False,True,False,True,405.8308036327362
0.02,8.0,24,1,20,1,40241,11.667932916431223,1.0000000000000138,1066.7932916431062,2000,False,True,False,False,405.8308036327362
0.02,8.0,24,1,20,2,40241,11.674736169285175,1.0000000000000138,1067.4736169285013,2000,False,True,False,False,405.8308036327362
0.02,8.0,24,1,20,3,40241,9.905564172993161,1.0000000000000138,890.5564172993024,2000,False,True,False,False,405.8308036327362
0.02,8.0,24,1,20,4,40241,11.181699230867505,1.0000000000000138,1018.169923086735,2000,False,True,False,False,405.8308036327362
0.02,8.0,24,1,20,5,40241,9.895650445350094,1.0000000000000138,889.5650445349958,2000,False,True,False,False,405.8308036327362
0.02,8.0,24,1,20,6,40241,9.941555779819312,1.0000000000000138,894.1555779819175,2000,False,True,False,False,405.8308036327362
0.02,8.0,24,1,20,7,40241,9.900564465657661,1.0000000000000138,890.0564465657524,2000,False,True,False,False,405.8308036327362
0.02,6.0,22,3,60,0,40223,18.117184521313757,0.9999999999999949,1711.718452131385,2000,False,True,False,False,503.99996876716614
0.02,6.0,22,3,60,1,40223,18.12979216694441,0.9999999999999949,1712.97921669445,2000,False,True,False,False,503.99996876716614
0.02,6.0,22,3,60,2,40223,18.13077391271727,0.9999999999999949,1713.0773912717364,2000,False,True,False,False,503.99996876716614
0.02,6.0,22,3,60,3,40223,18.136100628912722,0.9999999999999949,1713.6100628912814,2000,False,True,False,False,503.99996876716614
0.02,6.0,22,3,60,4,40223,20.399770968470634,0.9999999999999949,1939.9770968470737,1445,True,False,False,False,503.99996876716614
0.02,6.0,22,3,60,5,40223,18.137965123103445,0.9999999999999949,1713.7965123103538,2000,False,True,False,False,503.99996876716614
0.02,6.0,22,3,60,6,40223,18.10190573321515,0.9999999999999949,1710.1905733215244,2000,False,True,False,True,503.99996876716614
0.02,6.0,22,3,60,7,40223,18.117293179063033,0.9999999999999949,1711.7293179063126,2000,False,True,False,False,503.99996876716614
0.02,7.0,23,2,40,0,40232,33.34342050474108,0.9999999999999978,3234.3420504741152,2000,False,True,False,False,472.6869490146637
0.02,7.0,23,2,40,1,40232,16.811274802230038,0.9999999999999978,1581.1274802230075,2000,False,True,False,False,472.6869490146637
0.02,7.0,23,2,40,2,40232,13.246322886209066,0.9999999999999978,1224.6322886209095,2000,False,True,False,False,472.6869490146637
0.02,7.0,23,2,40,3,40232,17.247064369459096,0.9999999999999978,1624.7064369459135,2000,False,True,False,False,472.6869490146637
0.02,7.0,23,2,40,4,40232,33.34342590045332,0.9999999999999978,3234.342590045339,2000,False,True,False,False,472.6869490146637
0.02,7.0,23,2,40,5,40232,13.247122729807396,0.9999999999999978,1224.7122729807425,2000,False,True,False,False,472.6869490146637
0.02,7.0,23,2,40,6,40232,13.246038515644143,0.9999999999999978,1224.603851564417,2000,False,True,False,True,472.6869490146637
0.02,7.0,23,2,40,7,40232,16.39802282755667,0.9999999999999978,1539.8022827556706,2000,False,True,False,False,472.6869490146637
0.02,8.0,24,2,40,0,40242,15.342757136793935,1.0000000000000138,1434.2757136793723,2000,False,True,False,True,463.2130045890808
0.02,8.0,24,2,40,1,40242,19.659522789753215,1.0000000000000138,1865.9522789752946,2000,False,True,False,False,463.2130045890808
0.02,8.0,24,2,40,2,40242,22.192818635182316,1.0000000000000138,2119.281863518201,2000,False,True,False,False,463.2130045890808
0.02,8.0,24,2,40,3,40242,18.200135079425174,1.0000000000000138,1720.0135079424922,2000,False,True,False,False,463.2130045890808
0.02,8.0,24,2,40,4,40242,19.302352211593483,1.0000000000000138,1830.2352211593216,2000,False,True,False,False,463.2130045890808
0.02,8.0,24,2,40,5,40242,15.388595942713746,1.0000000000000138,1438.8595942713532,2000,False,True,False,False,463.2130045890808
0.02,8.0,24,2,40,6,40242,22.3547186299372,1.0000000000000138,2135.4718629936892,2000,False,True,False,False,463.2130045890808
0.02,8.0,24,2,40,7,40242,18.628259746242534,1.0000000000000138,1762.825974624228,2000,False,True,False,False,463.2130045890808
0.02,7.0,23,3,60,0,40233,21.135954703277342,0.9999999999999978,2013.5954703277391,2000,False,True,False,True,511.7620494365692
0.02,7.0,23,3,60,1,40233,24.830335407828308,0.9999999999999978,2383.0335407828366,2000,False,True,False,False,511.7620494365692
0.02,7.0,23,3,60,2,40233,21.1501558443153,0.9999999999999978,2015.015584431535,2000,False,True,False,False,511.7620494365692
0.02,7.0,23,3,60,3,40233,21.202767621575397,0.9999999999999978,2020.2767621575447,2000,False,True,False,False,511.7620494365692
0.02,7.0,23,3,60,4,40233,21.65078044252029,0.9999999999999978,2065.078044252034,2000,False,True,False,False,511.7620494365692
0.02,7.0,23,3,60,5,40233,21.304623916389914,0.9999999999999978,2030.4623916389965,2000,False,True,False,False,511.7620494365692
0.02,7.0,23,3,60,6,40233,24.829922637157544,0.9999999999999978,2382.99226371576,2000,False,True,False,False,511.7620494365692
0.02,7.0,23,3,60,7,40233,24.307555890270002,0.9999999999999978,2330.755589027006,2000,False,True,False,False,511.7620494365692
0.02,9.0,25,1,20,0,40251,12.55222342821869,1.000000000000004,1155.222342821864,2000,False,True,False,False,403.770779132843
0.02,9.0,25,1,20,1,40251,11.09664461880889,1.000000000000004,1009.6644618808846,2000,False,True,False,False,403.770779132843
0.02,9.0,25,1,20,2,40251,11.079326157222733,1.000000000000004,1007.9326157222688,2000,False,True,False,False,403.770779132843
0.02,9.0,25,1,20,3,40251,12.40899601683354,1.000000000000004,1140.899601683349,2000,False,True,False,False,403.770779132843
0.02,9.0,25,1,20,4,40251,11.076441321879862,1.000000000000004,1007.6441321879818,2000,False,True,False,True,403.770779132843
0.02,9.0,25,1,20,5,40251,13.0001391892006,1.000000000000004,1200.013918920055,2000,False,True,False,False,403.770779132843
0.02,9.0,25,1,20,6,40251,11.07817395214137,1.000000000000004,1007.8173952141325,2000,False,True,False,False,403.770779132843
0.02,9.0,25,1,20,7,40251,12.398492088332118,1.000000000000004,1139.8492088332068,2000,False,True,False,False,403.770779132843
0.02,10.0,26,1,20,0,40261,12.263728063590618,1.0000000000000429,1126.3728063590092,2000,False,True,False,True,379.12139916419983
0.02,10.0,26,1,20,1,40261,14.076828793740768,1.0000000000000429,1307.6828793740167,2000,False,True,False,False,379.12139916419983
0.02,10.0,26,1,20,2,40261,13.760027473836056,1.0000000000000429,1276.0027473835466,2000,False,True,False,False,379.12139916419983
0.02,10.0,26,1,20,3,40261,14.068543933703328,1.0000000000000429,1306.8543933702726,1777,True,False,False,False,379.12139916419983
0.02,10.0,26,1,20,4,40261,14.336814092819134,1.0000000000000429,1333.681409281852,2000,False,True,False,False,379.12139916419983
0.02,10.0,26,1,20,5,40261,12.265299571161018,1.0000000000000429,1126.5299571160492,2000,False,True,False,False,379.12139916419983
0.02,10.0,26,1,20,6,40261,12.280886527835795,1.0000000000000429,1128.0886527835269,2000,False,True,False,False,379.12139916419983
0.02,10.0,26,1,20,7,40261,12.581570210886088,1.0000000000000429,1158.157021088555,2000,False,True,False,False,379.12139916419983
0.02,9.0,25,2,40,0,40252,20.54906980322445,1.000000000000004,1954.906980322437,2000,False,True,False,False,455.43697786331177
0.02,9.0,25,2,40,1,40252,20.587464332414083,1.000000000000004,1958.7464332414002,2000,False,True,False,False,455.43697786331177
0.02,9.0,25,2,40,2,40252,24.938407264808628,1.000000000000004,2393.840726480853,2000,False,True,False,False,455.43697786331177
0.02,9.0,25,2,40,3,40252,20.760978053160713,1.000000000000004,1976.0978053160632,2000,False,True,False,False,455.43697786331177
0.02,9.0,25,2,40,4,40252,17.47373843386982,1.000000000000004,1647.3738433869748,2000,False,True,False,True,455.43697786331177
0.02,9.0,25,2,40,5,40252,18.030448755183116,1.000000000000004,1703.0448755183045,2000,False,True,False,False,455.43697786331177
0.02,9.0,25,2,40,6,40252,19.08404745776418,1.000000000000004,1808.4047457764104,2000,False,True,False,False,455.43697786331177
0.02,9.0,25,2,40,7,40252,24.85796842476183,1.000000000000004,2385.796842476173,2000,False,True,False,False,455.43697786331177
0.02,8.0,24,3,60,0,40243,27.71742479485397,1.0000000000000138,2671.7424794853587,2000,False,True,False,False,521.0640602111816
0.02,8.0,24,3,60,1,40243,24.197066726615972,1.0000000000000138,2319.706672661564,2000,False,True,False,False,521.0640602111816
0.02,8.0,24,3,60,2,40243,28.25199779134028,1.0000000000000138,2725.199779133989,2000,False,True,False,False,521.0640602111816
0.02,8.0,24,3,60,3,40243,24.18019406229349,1.0000000000000138,2318.019406229316,2000,False,True,False,True,521.0640602111816
0.02,8.0,24,3,60,4,40243,24.18716777240942,1.0000000000000138,2318.716777240909,2000,False,True,False,False,521.0640602111816
0.02,8.0,24,3,60,5,40243,24.19455055077889,1.0000000000000138,2319.4550550778554,2000,False,True,False,False,521.0640602111816
0.02,8.0,24,3,60,6,40243,24.206214697980517,1.0000000000000138,2320.621469798018,2000,False,True,False,False,521.0640602111816
0.02,8.0,24,3,60,7,40243,24.202768097530466,1.0000000000000138,2320.2768097530134,2000,False,True,False,False,521.0640602111816
0.02,10.0,26,2,40,0,40262,19.447737573308515,1.0000000000000429,1844.7737573307681,2000,False,True,False,False,444.43440341949463
0.02,10.0,26,2,40,1,40262,24.741581073470215,1.0000000000000429,2374.1581073469156,2000,False,True,False,False,444.43440341949463
0.02,10.0,26,2,40,2,40262,19.337368631989182,1.0000000000000429,1833.7368631988354,2000,False,True,False,True,444.43440341949463
0.02,10.0,26,2,40,3,40262,23.342439836829783,1.0000000000000429,2234.243983682878,2000,False,True,False,False,444.43440341949463
0.02,10.0,26,2,40,4,40262,22.951178892396932,1.0000000000000429,2195.1178892395947,2000,False,True,False,False,444.43440341949463
0.02,10.0,26,2,40,5,40262,23.929168996580657,1.0000000000000429,2292.916899657963,2000,False,True,False,False,444.43440341949463
0.02,10.0,26,2,40,6,40262,19.43590406245684,1.0000000000000429,1843.5904062456007,2000,False,True,False,False,444.43440341949463
0.02,10.0,26,2,40,7,40262,19.342093853343574,1.0000000000000429,1834.2093853342747,2000,False,True,False,False,444.43440341949463
0.02,11.0,27,1,20,0,40271,15.680863525697768,0.9999999999999576,1468.0863525698435,2000,False,True,False,False,398.8184537887573
0.02,11.0,27,1,20,1,40271,13.462210363016183,0.9999999999999576,1246.2210363016754,2000,False,True,False,False,398.8184537887573
0.02,11.0,27,1,20,2,40271,15.05459649881567,0.9999999999999576,1405.4596498816309,2000,False,True,False,False,398.8184537887573
0.02,11.0,27,1,20,3,40271,15.677730018681094,0.9999999999999576,1467.773001868176,2000,False,True,False,False,398.8184537887573
0.02,11.0,27,1,20,4,40271,13.45594910632646,0.9999999999999576,1245.594910632703,2000,False,True,False,True,398.8184537887573
0.02,11.0,27,1,20,5,40271,15.666704188141573,0.9999999999999576,1466.6704188142237,2000,False,True,False,False,398.8184537887573
0.02,11.0,27,1,20,6,40271,15.38754813355947,0.9999999999999576,1438.7548133560124,2000,False,True,False,False,398.8184537887573
0.02,11.0,27,1,20,7,40271,13.49849342550987,0.9999999999999576,1249.8493425510442,2000,False,True,False,False,398.8184537887573
0.02,9.0,25,3,60,0,40253,27.368657096279524,1.000000000000004,2636.865709627941,2000,False,True,False,False,503.70068621635437
0.02,9.0,25,3,60,1,40253,27.269724136302578,1.000000000000004,2626.9724136302466,2000,False,True,False,False,503.70068621635437
0.02,9.0,25,3,60,2,40253,27.247770524983356,1.000000000000004,2624.7770524983243,2000,False,True,False,False,503.70068621635437
0.02,9.0,25,3,60,3,40253,30.57448287886675,1.000000000000004,2957.448287886663,2000,False,True,False,False,503.70068621635437
0.02,9.0,25,3,60,4,40253,31.11785512964581,1.000000000000004,3011.7855129645686,2000,False,True,False,False,503.70068621635437
0.02,9.0,25,3,60,5,40253,27.22744594227798,1.000000000000004,2622.7445942277873,2000,False,True,False,True,503.70068621635437
0.02,9.0,25,3,60,6,40253,27.25201431456704,1.000000000000004,2625.201431456693,2000,False,True,False,False,503.70068621635437
0.02,9.0,25,3,60,7,40253,31.16369289915902,1.000000000000004,3016.3692899158896,2000,False,True,False,False,503.70068621635437
0.02,10.0,26,3,60,0,40263,38.0990254060054,1.0000000000000429,3709.902540600377,1533,True,False,False,False,475.33095121383667
0.02,10.0,26,3,60,1,40263,30.250822722213115,1.0000000000000429,2925.082272221182,2000,False,True,False,False,475.33095121383667
0.02,10.0,26,3,60,2,40263,33.94803879517508,1.0000000000000429,3294.8038795173625,2000,False,True,False,False,475.33095121383667
0.02,10.0,26,3,60,3,40263,34.9857847356769,1.0000000000000429,3398.57847356754,2000,False,True,False,False,475.33095121383667
0.02,10.0,26,3,60,4,40263,30.238375880731144,1.0000000000000429,2923.8375880729845,2000,False,True,False,True,475.33095121383667
0.02,10.0,26,3,60,5,40263,30.277523894986633,1.0000000000000429,2927.7523894985334,2000,False,True,False,False,475.33095121383667
0.02,10.0,26,3,60,6,40263,34.45018207466578,1.0000000000000429,3345.0182074664303,2000,False,True,False,False,475.33095121383667
0.02,10.0,26,3,60,7,40263,30.2597818740138,1.0000000000000429,2925.9781874012506,2000,False,True,False,False,475.33095121383667
0.02,12.0,28,1,20,0,40281,16.403454290815493,0.9999999999999709,1540.3454290815969,2000,False,True,False,False,381.0032870769501
0.02,12.0,28,1,20,1,40281,16.39424196454885,0.9999999999999709,1539.4241964549326,2000,False,True,False,False,381.0032870769501
0.02,12.0,28,1,20,2,40281,14.655581252531015,0.9999999999999709,1365.558125253144,2000,False,True,False,False,381.0032870769501
0.02,12.0,28,1,20,3,40281,16.740333460463283,0.9999999999999709,1574.033346046377,2000,False,True,False,False,381.0032870769501
0.02,12.0,28,1,20,4,40281,14.705848471071482,0.9999999999999709,1370.5848471071909,2000,False,True,False,False,381.0032870769501
0.02,12.0,28,1,20,5,40281,14.678055462701154,0.9999999999999709,1367.8055462701582,2000,False,True,False,False,381.0032870769501
0.02,12.0,28,1,20,6,40281,14.65143411816314,0.9999999999999709,1365.1434118163565,2000,False,True,False,True,381.0032870769501
0.02,12.0,28,1,20,7,40281,17.002354231307955,0.9999999999999709,1600.2354231308448,2000,False,True,False,False,381.0032870769501
0.02,11.0,27,2,40,0,40272,22.084133843585096,0.9999999999999576,2108.4133843586033,2000,False,True,False,False,444.72295355796814
0.02,11.0,27,2,40,1,40272,25.123275503664463,0.9999999999999576,2412.3275503665527,2000,False,True,False,False,444.72295355796814
0.02,11.0,27,2,40,2,40272,25.113035350579107,0.9999999999999576,2411.303535058017,2000,False,True,False,False,444.72295355796814
0.02,11.0,27,2,40,3,40272,25.20775840094112,0.9999999999999576,2420.775840094219,2000,False,True,False,False,444.72295355796814
0.02,11.0,27,2,40,4,40272,25.201980400297753,0.9999999999999576,2420.198040029882,2000,False,True,False,False,444.72295355796814
0.02,11.0,27,2,40,5,40272,27.395583277407685,0.9999999999999576,2639.5583277408846,2000,False,True,False,False,444.72295355796814
0.02,11.0,27,2,40,6,40272,25.01844483747164,0.9999999999999576,2401.8444837472703,2000,False,True,False,False,444.72295355796814
0.02,11.0,27,2,40,7,40272,21.356049457303516,0.9999999999999576,2035.6049457304423,2000,False,True,False,True,444.72295355796814
0.02,13.0,29,1,20,0,40291,18.082886469916726,0.9999999999999853,1708.288646991699,2000,False,True,False,False,380.99664640426636
0.02,13.0,29,1,20,1,40291,18.04980597427352,0.9999999999999853,1704.9805974273784,2000,False,True,False,False,380.99664640426636
0.02,13.0,29,1,20,2,40291,15.952047742258062,0.9999999999999853,1495.2047742258294,2000,False,True,False,False,380.99664640426636
0.02,13.0,29,1,20,3,40291,15.832883368413288,0.9999999999999853,1483.2883368413518,2000,False,True,False,False,380.99664640426636
0.02,13.0,29,1,20,4,40291,15.821718753782841,0.9999999999999853,1482.1718753783073,2000,False,True,False,False,380.99664640426636
0.02,13.0,29,1,20,5,40291,15.832108114749564,0.9999999999999853,1483.2108114749794,2000,False,True,False,False,380.99664640426636
0.02,13.0,29,1,20,6,40291,18.332671158090786,0.9999999999999853,1733.2671158091052,2000,False,True,False,False,380.99664640426636
0.02,13.0,29,1,20,7,40291,15.820175374537335,0.9999999999999853,1482.0175374537566,2000,False,True,False,True,380.99664640426636
0.02,11.0,27,3,60,0,40273,33.41304543568811,0.9999999999999576,3241.304543568953,2000,False,True,False,False,499.84447026252747
0.02,11.0,27,3,60,1,40273,38.41535064524406,0.9999999999999576,3741.535064524569,2000,False,True,False,False,499.84447026252747
0.02,11.0,27,3,60,2,40273,37.875109544645085,0.9999999999999576,3687.510954464669,2000,False,True,False,False,499.84447026252747
0.02,11.0,27,3,60,3,40273,33.32673458410286,0.9999999999999576,3232.6734584104274,2000,False,True,False,False,499.84447026252747
0.02,11.0,27,3,60,4,40273,33.3512090103804,0.9999999999999576,3235.1209010381817,2000,False,True,False,False,499.84447026252747
0.02,11.0,27,3,60,5,40273,37.335059627014004,0.9999999999999576,3633.505962701559,2000,False,True,False,False,499.84447026252747
0.02,11.0,27,3,60,6,40273,33.26266950582805,0.9999999999999576,3226.2669505829463,2000,False,True,False,True,499.84447026252747
0.02,11.0,27,3,60,7,40273,33.26706318777078,0.9999999999999576,3226.7063187772196,2000,False,True,False,False,499.84447026252747
0.02,12.0,28,2,40,0,40282,24.170450130463493,0.9999999999999709,2317.0450130464196,2000,False,True,False,False,445.0136511325836
0.02,12.0,28,2,40,1,40282,28.755314513493676,0.9999999999999709,2775.5314513494513,2000,False,True,False,False,445.0136511325836
0.02,12.0,28,2,40,2,40282,24.15396221251261,0.9999999999999709,2315.3962212513316,2000,False,True,False,False,445.0136511325836
0.02,12.0,28,2,40,3,40282,27.744107197387724,0.9999999999999709,2674.410719738853,2000,False,True,False,False,445.0136511325836
0.02,12.0,28,2,40,4,40282,25.467184707053665,0.9999999999999709,2446.7184707054403,2000,False,True,False,False,445.0136511325836
0.02,12.0,28,2,40,5,40282,28.750758657080947,0.9999999999999709,2775.0758657081783,2000,False,True,False,False,445.0136511325836
0.02,12.0,28,2,40,6,40282,34.60631395721972,0.9999999999999709,3360.6313957220727,2000,False,True,False,False,445.0136511325836
0.02,12.0,28,2,40,7,40282,23.483449100254447,0.9999999999999709,2248.344910025513,2000,False,True,False,True,445.0136511325836
0.02,14.0,30,1,20,0,40301,19.07941615330695,1.000000000000024,1807.9416153306493,2000,False,True,False,False,390.6036276817322
0.02,14.0,30,1,20,1,40301,17.202629106354223,1.000000000000024,1620.262910635381,2000,False,True,False,False,390.6036276817322
0.02,14.0,30,1,20,2,40301,19.703755161292566,1.000000000000024,1870.3755161292092,2000,False,True,False,False,390.6036276817322
0.02,14.0,30,1,20,3,40301,17.014046822504486,1.000000000000024,1601.4046822504079,2000,False,True,False,True,390.6036276817322
0.02,14.0,30,1,20,4,40301,17.040437381427836,1.000000000000024,1604.0437381427428,2000,False,True,False,False,390.6036276817322
0.02,14.0,30,1,20,5,40301,19.71951236923006,1.000000000000024,1871.9512369229587,2000,False,True,False,False,390.6036276817322
0.02,14.0,30,1,20,6,40301,17.01882330711721,1.000000000000024,1601.88233071168,2000,False,True,False,False,390.6036276817322
0.02,14.0,30,1,20,7,40301,17.074111938132607,1.000000000000024,1607.4111938132194,2000,False,True,False,False,390.6036276817322
0.02,13.0,29,2,40,0,40292,30.27824781840483,0.9999999999999853,2927.824781840527,2000,False,True,False,False,437.3109426498413
0.02,13.0,29,2,40,1,40292,29.814657075913445,0.9999999999999853,2881.4657075913883,2000,False,True,False,False,437.3109426498413
0.02,13.0,29,2,40,2,40292,31.93632281527736,0.9999999999999853,3093.632281527783,2000,False,True,False,False,437.3109426498413
0.02,13.0,29,2,40,3,40292,25.710104556096912,0.9999999999999853,2471.010455609729,2000,False,True,False,True,437.3109426498413
0.02,13.0,29,2,40,4,40292,31.876498386735758,0.9999999999999853,3087.6498386736225,2000,False,True,False,False,437.3109426498413
0.02,13.0,29,2,40,5,40292,30.016697602606826,0.9999999999999853,2901.6697602607264,2000,False,True,False,False,437.3109426498413
0.02,13.0,29,2,40,6,40292,26.1373081816536,0.9999999999999853,2513.7308181653984,2000,False,True,False,False,437.3109426498413
0.02,13.0,29,2,40,7,40292,30.06118979259099,0.9999999999999853,2906.118979259143,2000,False,True,False,False,437.3109426498413
0.02,15.0,31,1,20,0,40311,18.242209021282882,0.9999999999999767,1724.2209021283309,2000,False,True,False,False,383.49075865745544
0.02,15.0,31,1,20,1,40311,18.21997699344091,0.9999999999999767,1721.9976993441335,2000,False,True,False,False,383.49075865745544
0.02,15.0,31,1,20,2,40311,18.295450580896222,0.9999999999999767,1729.5450580896652,2000,False,True,False,False,383.49075865745544
0.02,15.0,31,1,20,3,40311,18.216863608435915,0.9999999999999767,1721.6863608436342,2000,False,True,False,False,383.49075865745544
0.02,15.0,31,1,20,4,40311,18.258062244737165,0.9999999999999767,1725.8062244737591,2000,False,True,False,False,383.49075865745544
0.02,15.0,31,1,20,5,40311,20.749862059286745,0.9999999999999767,1974.9862059287232,2000,False,True,False,False,383.49075865745544
0.02,15.0,31,1,20,6,40311,18.3163793783338,0.9999999999999767,1731.637937833423,2000,False,True,False,False,383.49075865745544
0.02,15.0,31,1,20,7,40311,18.21361659427027,0.9999999999999767,1721.3616594270698,2000,False,True,False,True,383.49075865745544
0.02,12.0,28,3,60,0,40283,36.45810066395822,0.9999999999999709,3545.810066395928,2000,False,True,False,False,498.52335357666016
0.02,12.0,28,3,60,1,40283,36.46984290456276,0.9999999999999709,3546.984290456382,2000,False,True,False,False,498.52335357666016
0.02,12.0,28,3,60,2,40283,36.37410472200583,0.9999999999999709,3537.410472200689,2000,False,True,False,False,498.52335357666016
0.02,12.0,28,3,60,3,40283,41.13084223794504,0.9999999999999709,4013.084223794623,2000,False,True,False,False,498.52335357666016
0.02,12.0,28,3,60,4,40283,36.355423576381355,0.9999999999999709,3535.5423576382414,2000,False,True,False,False,498.52335357666016
0.02,12.0,28,3,60,5,40283,41.35430972117844,0.9999999999999709,4035.430972117964,2000,False,True,False,False,498.52335357666016
0.02,12.0,28,3,60,6,40283,36.32454877597073,0.9999999999999709,3532.4548775971793,2000,False,True,False,True,498.52335357666016
0.02,12.0,28,3,60,7,40283,36.36986868027394,0.9999999999999709,3536.9868680275,2000,False,True,False,False,498.52335357666016
0.02,14.0,30,2,40,0,40302,27.705543169937805,1.000000000000024,2670.554316993714,2000,False,True,False,False,447.4387917518616
0.02,14.0,30,2,40,1,40302,33.57309836915028,1.000000000000024,3257.3098369149475,2000,False,True,False,False,447.4387917518616
0.02,14.0,30,2,40,2,40302,29.815997098179253,1.000000000000024,2881.5997098178536,2000,False,True,False,False,447.4387917518616
0.02,14.0,30,2,40,3,40302,33.99929378290735,1.000000000000024,3299.9293782906543,2000,False,True,False,False,447.4387917518616
0.02,14.0,30,2,40,4,40302,27.434908704217047,1.000000000000024,2643.490870421639,2000,False,True,False,True,447.4387917518616
0.02,14.0,30,2,40,5,40302,29.786455760930632,1.000000000000024,2878.6455760929916,2000,False,True,False,False,447.4387917518616
0.02,14.0,30,2,40,6,40302,28.220232121011023,1.000000000000024,2722.0232121010345,2000,False,True,False,False,447.4387917518616
0.02,14.0,30,2,40,7,40302,28.213779877718135,1.000000000000024,2721.3779877717457,2000,False,True,False,False,447.4387917518616
0.02,13.0,29,3,60,0,40293,39.54078760572734,0.9999999999999853,3854.0787605727915,2000,False,True,False,False,487.61458015441895
0.02,13.0,29,3,60,1,40293,39.39899841147898,0.9999999999999853,3839.899841147955,2000,False,True,False,False,487.61458015441895
0.02,13.0,29,3,60,2,40293,39.35518878043325,0.9999999999999853,3835.5188780433828,2000,False,True,False,True,487.61458015441895
0.02,13.0,29,3,60,3,40293,45.18634677525781,0.9999999999999853,4418.634677525847,2000,False,True,False,False,487.61458015441895
0.02,13.0,29,3,60,4,40293,45.15166135296788,0.9999999999999853,4415.166135296854,2000,False,True,False,False,487.61458015441895
0.02,13.0,29,3,60,5,40293,49.324420531292986,0.9999999999999853,4832.442053129371,2000,False,True,False,False,487.61458015441895
0.02,13.0,29,3,60,6,40293,44.66068092110324,0.9999999999999853,4366.068092110389,2000,False,True,False,False,487.61458015441895
0.02,13.0,29,3,60,7,40293,39.49825045985505,0.9999999999999853,3849.8250459855626,2000,False,True,False,False,487.61458015441895
0.02,14.0,30,3,60,0,40303,42.37900701366913,1.000000000000024,4137.9007013668115,2000,False,True,False,False,489.24686670303345
0.02,14.0,30,3,60,1,40303,42.55238013246227,1.000000000000024,4155.238013246125,2000,False,True,False,False,489.24686670303345
0.02,14.0,30,3,60,2,40303,42.41702769842295,1.000000000000024,4141.702769842193,2000,False,True,False,False,489.24686670303345
0.02,14.0,30,3,60,3,40303,47.75064534250057,1.000000000000024,4675.064534249943,2000,False,True,False,False,489.24686670303345
0.02,14.0,30,3,60,4,40303,42.40697344539467,1.000000000000024,4140.697344539365,2000,False,True,False,False,489.24686670303345
0.02,14.0,30,3,60,5,40303,47.49618852291256,1.000000000000024,4649.6188522911425,2000,False,True,False,False,489.24686670303345
0.02,14.0,30,3,60,6,40303,42.37525205160443,1.000000000000024,4137.525205160341,2000,False,True,False,True,489.24686670303345
0.02,14.0,30,3,60,7,40303,42.42628928258496,1.000000000000024,4142.628928258395,2000,False,True,False,False,489.24686670303345
0.02,15.0,31,2,40,0,40312,34.180191945978585,0.9999999999999767,3318.019194597938,2000,False,True,False,False,447.04568123817444
0.02,15.0,31,2,40,1,40312,29.530256897181406,0.9999999999999767,2853.0256897182094,2000,False,True,False,True,447.04568123817444
0.02,15.0,31,2,40,2,40312,30.24116635790546,0.9999999999999767,2924.116635790617,2000,False,True,False,False,447.04568123817444
0.02,15.0,31,2,40,3,40312,34.406782132090825,0.9999999999999767,3340.678213209163,2000,False,True,False,False,447.04568123817444
0.02,15.0,31,2,40,4,40312,34.34333360178456,0.9999999999999767,3334.3333601785353,2000,False,True,False,False,447.04568123817444
0.02,15.0,31,2,40,5,40312,42.996160701514064,0.9999999999999767,4199.616070151506,2000,False,True,False,False,447.04568123817444
0.02,15.0,31,2,40,6,40312,36.03767714783474,0.9999999999999767,3503.767714783558,2000,False,True,False,False,447.04568123817444
0.02,15.0,31,2,40,7,40312,31.9462240815456,0.9999999999999767,3094.6224081546347,2000,False,True,False,False,447.04568123817444
0.02,16.0,32,1,20,0,40321,19.51786120363216,1.0000000000000222,1851.7861203631728,2000,False,True,False,False,391.1973874568939
0.02,16.0,32,1,20,1,40321,19.70940892768536,1.0000000000000222,1870.9408927684922,2000,False,True,False,False,391.1973874568939
0.02,16.0,32,1,20,2,40321,19.388724713174554,1.0000000000000222,1838.8724713174124,2000,False,True,False,True,391.1973874568939
0.02,16.0,32,1,20,3,40321,19.42257584892088,1.0000000000000222,1842.2575848920449,2000,False,True,False,False,391.1973874568939
0.02,16.0,32,1,20,4,40321,19.39239023791419,1.0000000000000222,1839.239023791376,2000,False,True,False,False,391.1973874568939
0.02,16.0,32,1,20,5,40321,22.320627408782244,1.0000000000000222,2132.062740878175,2000,False,True,False,False,391.1973874568939
0.02,16.0,32,1,20,6,40321,19.71827527371703,1.0000000000000222,1871.8275273716592,2000,False,True,False,False,391.1973874568939
0.02,16.0,32,1,20,7,40321,19.594573776250698,1.0000000000000222,1859.4573776250265,2000,False,True,False,False,391.1973874568939
0.05,-16.0,0,2,40,0,50002,-306.0030269347077,-382.9999999999999,20.10364831991964,1781,True,False,False,True,314.05399560928345
0.05,-16.0,0,2,40,1,50002,-295.43166252392905,-382.9999999999999,22.86379568565819,1045,True,False,False,False,314.05399560928345
0.05,-16.0,0,2,40,2,50002,-306.0030265168306,-382.9999999999999,20.103648429025935,1424,True,False,False,False,314.05399560928345
0.05,-16.0,0,2,40,3,50002,-306.00302685602634,-382.9999999999999,20.103648340463074,1532,True,False,False,False,314.05399560928345
0.05,-16.0,0,2,40,4,50002,-293.9343129989998,-382.9999999999999,23.25474856422979,1983,True,False,False,False,314.05399560928345
0.05,-16.0,0,2,40,5,50002,-306.00302656040395,-382.9999999999999,20.103648417649076,1320,True,False,False,False,314.05399560928345
0.05,-16.0,0,2,40,6,50002,-300.7207889335672,-382.9999999999999,21.482822732750062,1300,True,False,False,False,314.05399560928345
0.05,-16.0,0,2,40,7,50002,-299.4487276686527,-382.9999999999999,21.814953611317815,1011,True,False,False,False,314.05399560928345
0.02,16.0,32,2,40,0,40322,37.09221678688598,1.0000000000000222,3609.221678688515,2000,False,True,False,False,445.33887934684753
0.02,16.0,32,2,40,1,40322,36.99810089746077,1.0000000000000222,3599.810089745996,2000,False,True,False,False,445.33887934684753
0.02,16.0,32,2,40,2,40322,107.01411454039898,1.0000000000000222,10601.411454039659,2000,False,True,False,False,445.33887934684753
0.02,16.0,32,2,40,3,40322,38.520556049149924,1.0000000000000222,3752.0556049149072,2000,False,True,False,False,445.33887934684753
0.02,16.0,32,2,40,4,40322,34.11573641769055,1.0000000000000222,3311.5736417689795,2000,False,True,False,False,445.33887934684753
0.02,16.0,32,2,40,5,40322,36.66624865258094,1.0000000000000222,3566.624865258013,2000,False,True,False,False,445.33887934684753
0.02,16.0,32,2,40,6,40322,36.42354208029985,1.0000000000000222,3542.3542080299044,2000,False,True,False,False,445.33887934684753
0.02,16.0,32,2,40,7,40322,31.58009539118299,1.0000000000000222,3058.009539118229,2000,False,True,False,True,445.33887934684753
0.02,15.0,31,3,60,0,40313,45.4545809909492,0.9999999999999767,4445.458099095025,2000,False,True,False,False,490.51565289497375
0.02,15.0,31,3,60,1,40313,45.43354174324725,0.9999999999999767,4443.354174324831,2000,False,True,False,False,490.51565289497375
0.02,15.0,31,3,60,2,40313,45.45245636828041,0.9999999999999767,4445.245636828146,2000,False,True,False,False,490.51565289497375
0.02,15.0,31,3,60,3,40313,45.43483800018799,0.9999999999999767,4443.483800018905,2000,False,True,False,False,490.51565289497375
0.02,15.0,31,3,60,4,40313,45.43183437207439,0.9999999999999767,4443.183437207545,2000,False,True,False,True,490.51565289497375
0.02,15.0,31,3,60,5,40313,51.93203345162292,0.9999999999999767,5093.203345162413,2000,False,True,False,False,490.51565289497375
0.02,15.0,31,3,60,6,40313,51.92859530245002,0.9999999999999767,5092.859530245123,2000,False,True,False,False,490.51565289497375
0.02,15.0,31,3,60,7,40313,51.47304556148428,0.9999999999999767,5047.304556148548,2000,False,True,False,False,490.51565289497375
0.05,-15.0,1,2,40,0,50012,-287.0206782493622,-358.99999999999966,20.049950348366995,1875,True,False,False,True,327.57446789741516
0.05,-15.0,1,2,40,1,50012,-287.0206780267157,-358.99999999999966,20.049950410385524,1399,True,False,False,False,327.57446789741516
0.05,-15.0,1,2,40,2,50012,-287.02067807837875,-358.99999999999966,20.0499503959947,1471,True,False,False,False,327.57446789741516
0.05,-15.0,1,2,40,3,50012,-276.9217897049074,-358.99999999999966,22.863011224259708,1200,True,False,False,False,327.57446789741516
0.05,-15.0,1,2,40,4,50012,-268.10350678152173,-358.99999999999966,25.319357442472985,2000,False,True,False,False,327.57446789741516
0.05,-15.0,1,2,40,5,50012,-282.02262485736173,-358.99999999999966,21.442165777893592,1114,True,False,False,False,327.57446789741516
0.05,-15.0,1,2,40,6,50012,-287.02067818771695,-358.99999999999966,20.049950365538376,1445,True,False,False,False,327.57446789741516
0.05,-15.0,1,2,40,7,50012,-287.0206778436638,-358.99999999999966,20.04995046137491,1363,True,False,False,False,327.57446789741516
0.05,-16.0,0,1,20,0,50001,-330.36250985242634,-382.9999999999999,13.743470012421295,2000,False,True,False,False,396.8635268211365
0.05,-16.0,0,1,20,1,50001,-330.3630230540701,-382.9999999999999,13.743336017214054,2000,False,True,False,False,396.8635268211365
0.05,-16.0,0,1,20,2,50001,-329.11340762555216,-382.9999999999999,14.069606364085574,1931,True,False,False,False,396.8635268211365
0.05,-16.0,0,1,20,3,50001,-326.82157858539153,-382.9999999999999,14.66799514741733,2000,False,True,False,False,396.8635268211365
0.05,-16.0,0,1,20,4,50001,-330.4818918526542,-382.9999999999999,13.712299777374856,2000,False,True,False,True,396.8635268211365
0.05,-16.0,0,1,20,5,50001,-330.36312524872596,-382.9999999999999,13.743309334536278,2000,False,True,False,False,396.8635268211365
0.05,-16.0,0,1,20,6,50001,-330.36342510574,-382.9999999999999,13.743231042887697,2000,False,True,False,False,396.8635268211365
0.05,-16.0,0,1,20,7,50001,-325.5098416745673,-382.9999999999999,15.010485202462814,2000,False,True,False,False,396.8635268211365
0.05,-16.0,0,3,60,0,50003,-270.8450610650454,-382.9999999999999,29.28327387335627,1335,True,False,False,False,357.38119888305664
0.05,-16.0,0,3,60,1,50003,-274.72179830316554,-382.9999999999999,28.271070939121245,1732,True,False,False,True,357.38119888305664
0.05,-16.0,0,3,60,2,50003,-261.69836992636397,-382.9999999999999,31.671443883455865,1350,True,False,False,False,357.38119888305664
0.05,-16.0,0,3,60,3,50003,-274.7217982080815,-382.9999999999999,28.271070963947366,1253,True,False,False,False,357.38119888305664
0.05,-16.0,0,3,60,4,50003,-270.84506122337757,-382.9999999999999,29.283273832016278,1389,True,False,False,False,357.38119888305664
0.05,-16.0,0,3,60,5,50003,-270.19301291931066,-382.9999999999999,29.453521430989362,1569,True,False,False,False,357.38119888305664
0.05,-16.0,0,3,60,6,50003,-266.3289631896953,-382.9999999999999,30.462411699818443,1808,True,False,False,False,357.38119888305664
0.05,-16.0,0,3,60,7,50003,-274.72179817175453,-382.9999999999999,28.271070973432217,1321,True,False,False,False,357.38119888305664
0.05,-15.0,1,1,20,0,50011,-306.3418304478087,-358.99999999999966,14.668013802838717,2000,False,True,False,False,379.5701496601105
0.05,-15.0,1,1,20,1,50011,-305.1534865302834,-358.99999999999966,14.999028821648006,2000,False,True,False,False,379.5701496601105
0.05,-15.0,1,1,20,2,50011,-313.60487305637764,-358.99999999999966,12.644882156997788,2000,False,True,False,True,379.5701496601105
0.05,-15.0,1,1,20,3,50011,-312.07835387059237,-358.99999999999966,13.070096414876694,2000,False,True,False,False,379.5701496601105
0.05,-15.0,1,1,20,4,50011,-305.82225043187276,-358.99999999999966,14.812743612291628,2000,False,True,False,False,379.5701496601105
0.05,-15.0,1,1,20,5,50011,-309.7969929306515,-358.99999999999966,13.705572999818436,2000,False,True,False,False,379.5701496601105
0.05,-15.0,1,1,20,6,50011,-309.76572343524145,-358.99999999999966,13.714283165670821,2000,False,True,False,False,379.5701496601105
0.05,-15.0,1,1,20,7,50011,-309.906778582284,-358.99999999999966,13.67499203836092,2000,False,True,False,False,379.5701496601105
0.02,16.0,32,3,60,0,40323,48.62321937373598,1.0000000000000222,4762.32193737349,2000,False,True,False,False,492.6284558773041
0.02,16.0,32,3,60,1,40323,48.469052509660216,1.0000000000000222,4746.905250965914,2000,False,True,False,False,492.6284558773041
0.02,16.0,32,3,60,2,40323,48.44591135729042,1.0000000000000222,4744.591135728935,2000,False,True,False,True,492.6284558773041
0.02,16.0,32,3,60,3,40323,48.52119815766659,1.0000000000000222,4752.119815766551,2000,False,True,False,False,492.6284558773041
0.02,16.0,32,3,60,4,40323,54.27113706738302,1.0000000000000222,5327.113706738182,2000,False,True,False,False,492.6284558773041
0.02,16.0,32,3,60,5,40323,54.799522534860664,1.0000000000000222,5379.952253485945,2000,False,True,False,False,492.6284558773041
0.02,16.0,32,3,60,6,40323,54.30025870418898,1.0000000000000222,5330.025870418777,2000,False,True,False,False,492.6284558773041
0.02,16.0,32,3,60,7,40323,48.502413228139616,1.0000000000000222,4750.241322813854,2000,False,True,False,False,492.6284558773041
0.05,-12.0,4,2,40,0,50042,-230.0806526760645,-286.9999999999998,19.832525199977464,1285,True,False,False,False,253.0860776901245
0.05,-12.0,4,2,40,1,50042,-230.08065258335918,-286.9999999999998,19.832525232278968,1020,True,False,False,False,253.0860776901245
0.05,-12.0,4,2,40,2,50042,-213.88071302692344,-286.9999999999998,25.477103474939504,1004,True,False,False,False,253.0860776901245
0.05,-12.0,4,2,40,3,50042,-230.08065282435254,-286.9999999999998,19.832525148309156,1097,True,False,False,True,253.0860776901245
0.05,-12.0,4,2,40,4,50042,-220.8731153398217,-286.9999999999998,23.0407263624314,949,True,False,False,False,253.0860776901245
0.05,-12.0,4,2,40,5,50042,-225.92813392665818,-286.9999999999998,21.279395844369912,1154,True,False,False,False,253.0860776901245
0.05,-12.0,4,2,40,6,50042,-216.3937361148673,-286.9999999999998,24.601485674262207,2000,False,True,False,False,253.0860776901245
0.05,-12.0,4,2,40,7,50042,-220.87311566078955,-286.9999999999998,23.040726250595913,958,True,False,False,False,253.0860776901245
0.05,-15.0,1,3,60,0,50013,-253.76273361671386,-358.99999999999966,29.31400177807407,1777,True,False,False,False,410.23798513412476
0.05,-15.0,1,3,60,1,50013,-257.6007788108036,-358.99999999999966,28.24490840924684,1690,True,False,False,True,410.23798513412476
0.05,-15.0,1,3,60,2,50013,-249.59684818938237,-358.99999999999966,30.474415546132978,1288,True,False,False,False,410.23798513412476
0.05,-15.0,1,3,60,3,50013,-253.95005664750695,-358.99999999999966,29.261822660861505,1636,True,False,False,False,410.23798513412476
0.05,-15.0,1,3,60,4,50013,-250.48486553607248,-358.99999999999966,30.22705695374019,2000,False,True,False,False,410.23798513412476
0.05,-15.0,1,3,60,5,50013,-253.76292965022637,-358.99999999999966,29.313947172638827,2000,False,True,False,False,410.23798513412476
0.05,-15.0,1,3,60,6,50013,-253.7634560317148,-358.99999999999966,29.313800548268787,1614,True,False,False,False,410.23798513412476
0.05,-15.0,1,3,60,7,50013,-252.807944510174,-358.99999999999966,29.57995974646957,1534,True,False,False,False,410.23798513412476
0.05,-14.0,2,2,40,0,50022,-255.71135193401184,-335.0000000000001,23.668253154026342,1407,True,False,False,False,368.68741035461426
0.05,-14.0,2,2,40,1,50022,-257.4298534001338,-335.0000000000001,23.155267641751124,1277,True,False,False,False,368.68741035461426
0.05,-14.0,2,2,40,2,50022,-252.36527622713916,-335.0000000000001,24.667081723242067,2000,False,True,False,False,368.68741035461426
0.05,-14.0,2,2,40,3,50022,-268.03943300504966,-335.0000000000001,19.988228953716547,1978,True,False,False,False,368.68741035461426
0.05,-14.0,2,2,40,4,50022,-252.36583042818796,-335.0000000000001,24.666916290093173,2000,False,True,False,False,368.68741035461426
0.05,-14.0,2,2,40,5,50022,-268.039433095206,-335.0000000000001,19.988228926804208,1362,True,False,False,True,368.68741035461426
0.05,-14.0,2,2,40,6,50022,-257.4125289589463,-335.0000000000001,23.16043911673247,1353,True,False,False,False,368.68741035461426
0.05,-14.0,2,2,40,7,50022,-257.4298487573343,-335.0000000000001,23.15526902766143,2000,False,True,False,False,368.68741035461426
0.05,-13.0,3,2,40,0,50032,-232.26549169322757,-311.0,25.31656215651846,2000,False,True,False,False,304.7703330516815
0.05,-13.0,3,2,40,1,50032,-249.05938955800693,-311.0,19.916594997425424,1320,True,False,False,True,304.7703330516815
0.05,-13.0,3,2,40,2,50032,-244.62629765924163,-311.0,21.342026476128094,1145,True,False,False,False,304.7703330516815
0.05,-13.0,3,2,40,3,50032,-244.6262974196089,-311.0,21.342026553180418,733,True,False,False,False,304.7703330516815
0.05,-13.0,3,2,40,4,50032,-236.33622196705602,-311.0,24.007645669756908,1317,True,False,False,False,304.7703330516815
0.05,-13.0,3,2,40,5,50032,-249.05938942481848,-311.0,19.916595040251295,1081,True,False,False,False,304.7703330516815
0.05,-13.0,3,2,40,6,50032,-239.18325287616412,-311.0,23.092201647535653,2000,False,True,False,False,304.7703330516815
0.05,-13.0,3,2,40,7,50032,-249.05938951365422,-311.0,19.916595011686745,1727,True,False,False,False,304.7703330516815
0.05,-14.0,2,1,20,0,50021,-281.68330528558283,-335.0000000000001,15.915431258035003,2000,False,True,False,False,389.63507294654846
0.05,-14.0,2,1,20,1,50021,-291.31480552102056,-335.0000000000001,13.040356560889416,2000,False,True,False,False,389.63507294654846
0.05,-14.0,2,1,20,2,50021,-286.7261734420976,-335.0000000000001,14.410097479970894,2000,False,True,False,False,389.63507294654846
0.05,-14.0,2,1,20,3,50021,-289.3377623965845,-335.0000000000001,13.63051868758675,2000,False,True,False,False,389.63507294654846
0.05,-14.0,2,1,20,4,50021,-292.7992644870974,-335.0000000000001,12.597234481463495,2000,False,True,False,True,389.63507294654846
0.05,-14.0,2,1,20,5,50021,-291.31476817362466,-335.0000000000001,13.040367709365805,2000,False,True,False,False,389.63507294654846
0.05,-14.0,2,1,20,6,50021,-288.1062007292037,-335.0000000000001,13.99814903605863,2000,False,True,False,False,389.63507294654846
0.05,-14.0,2,1,20,7,50021,-289.2281810846036,-335.0000000000001,13.663229526984033,2000,False,True,False,False,389.63507294654846
0.05,-13.0,3,1,20,0,50031,-268.7678441393968,-311.0,13.579471337814534,1368,True,False,False,True,363.64888882637024
0.05,-13.0,3,1,20,1,50031,-266.23448284560266,-311.0,14.394056962828728,2000,False,True,False,False,363.64888882637024
0.05,-13.0,3,1,20,2,50031,-267.3951256011978,-311.0,14.020859935306182,1993,True,False,False,False,363.64888882637024
0.05,-13.0,3,1,20,3,50031,-264.4466338079672,-311.0,14.968928036023406,2000,False,True,False,False,363.64888882637024
0.05,-13.0,3,1,20,4,50031,-268.6641395849801,-311.0,13.612816853704151,2000,False,True,False,False,363.64888882637024
0.05,-13.0,3,1,20,5,50031,-266.23415255894656,-311.0,14.394163164325866,2000,False,True,False,False,363.64888882637024
0.05,-13.0,3,1,20,6,50031,-268.6692140452241,-311.0,13.611185194461697,2000,False,True,False,False,363.64888882637024
0.05,-13.0,3,1,20,7,50031,-264.4447598408971,-311.0,14.969530597782278,2000,False,True,False,False,363.64888882637024
0.05,-14.0,2,3,60,0,50023,-223.82260000438518,-335.0000000000001,33.187283580780566,1495,True,False,False,False,413.90130829811096
0.05,-14.0,2,3,60,1,50023,-235.54821128958756,-335.0000000000001,29.68710110758583,1041,True,False,False,False,413.90130829811096
0.05,-14.0,2,3,60,2,50023,-236.87121073334822,-335.0000000000001,29.292175900493095,2000,False,True,False,False,413.90130829811096
0.05,-14.0,2,3,60,3,50023,-233.75969547792192,-335.0000000000001,30.22098642450094,2000,False,True,False,False,413.90130829811096
0.05,-14.0,2,3,60,4,50023,-236.8709747557359,-335.0000000000001,29.2922463415714,2000,False,True,False,False,413.90130829811096
0.05,-14.0,2,3,60,5,50023,-236.87155601603058,-335.0000000000001,29.29207283103567,2000,False,True,False,False,413.90130829811096
0.05,-14.0,2,3,60,6,50023,-240.4808518918646,-335.0000000000001,28.214671077055364,1421,True,False,False,True,413.90130829811096
0.05,-14.0,2,3,60,7,50023,-228.7936114939465,-335.0000000000001,31.70339955404584,1447,True,False,False,False,413.90130829811096
0.05,-12.0,4,1,20,0,50041,-248.08974934970655,-286.9999999999998,13.557578623795557,2000,False,True,False,False,364.7068428993225
0.05,-12.0,4,1,20,1,50041,-246.96942882668714,-286.9999999999998,13.947934206729155,1465,True,False,False,False,364.7068428993225
0.05,-12.0,4,1,20,2,50041,-251.19032192341206,-286.9999999999998,12.477239747939981,1943,True,False,False,False,364.7068428993225
0.05,-12.0,4,1,20,3,50041,-244.77643928779793,-286.9999999999998,14.712042060000655,2000,False,True,False,False,364.7068428993225
0.05,-12.0,4,1,20,4,50041,-246.9694298498467,-286.9999999999998,13.947933850227562,1693,True,False,False,False,364.7068428993225
0.05,-12.0,4,1,20,5,50041,-251.190322085307,-286.9999999999998,12.477239691530592,1911,True,False,False,True,364.7068428993225
0.05,-12.0,4,1,20,6,50041,-244.77665200170875,-286.9999999999998,14.711967943655418,2000,False,True,False,False,364.7068428993225
0.05,-12.0,4,1,20,7,50041,-248.1074406389271,-286.9999999999998,13.551414411523591,2000,False,True,False,False,364.7068428993225
0.05,-13.0,3,3,60,0,50033,-219.58579956269782,-311.0,29.393633581126107,1310,True,False,False,False,399.58799958229065
0.05,-13.0,3,3,60,1,50033,-218.6507256050209,-311.0,29.69430044854633,1107,True,False,False,False,399.58799958229065
0.05,-13.0,3,3,60,2,50033,-219.98057185698343,-311.0,29.26669715209536,2000,False,True,False,False,399.58799958229065
0.05,-13.0,3,3,60,3,50033,-219.98112842154015,-311.0,29.26651819243082,2000,False,True,False,False,399.58799958229065
0.05,-13.0,3,3,60,4,50033,-220.16404576583525,-311.0,29.20770232609799,1278,True,False,False,False,399.58799958229065
0.05,-13.0,3,3,60,5,50033,-217.03710948912314,-311.0,30.213148074236933,2000,False,True,False,False,399.58799958229065
0.05,-13.0,3,3,60,6,50033,-223.3622293568288,-311.0,28.179347473688487,1223,True,False,False,True,399.58799958229065
0.05,-13.0,3,3,60,7,50033,-219.98066005059894,-311.0,29.266668794019633,2000,False,True,False,False,399.58799958229065
0.05,-11.0,5,2,40,0,50052,-202.70407843411195,-262.9999999999997,22.92620591858853,2000,False,True,False,False,303.858145236969
0.05,-11.0,5,2,40,1,50052,-202.88230025337472,-262.9999999999997,22.858440968298503,1235,True,False,False,False,303.858145236969
0.05,-11.0,5,2,40,2,50052,-202.70407836995577,-262.9999999999997,22.926205942982513,978,True,False,False,False,303.858145236969
0.05,-11.0,5,2,40,3,50052,-202.8823003163912,-262.9999999999997,22.858440944337865,1640,True,False,False,False,303.858145236969
0.05,-11.0,5,2,40,4,50052,-211.10333487564463,-262.9999999999997,19.73257229062933,1562,True,False,False,False,303.858145236969
0.05,-11.0,5,2,40,5,50052,-202.60882623882304,-262.9999999999997,22.96242348333716,968,True,False,False,False,303.858145236969
0.05,-11.0,5,2,40,6,50052,-211.103334889758,-262.9999999999997,19.732572285263032,1312,True,False,False,False,303.858145236969
0.05,-11.0,5,2,40,7,50052,-211.10333494020082,-262.9999999999997,19.732572266083253,1412,True,False,False,True,303.858145236969
0.05,-11.0,5,1,20,0,50051,-226.40364976122618,-262.9999999999997,13.914962067974745,1368,True,False,False,False,345.27489709854126
0.05,-11.0,5,1,20,1,50051,-230.38696317418731,-262.9999999999997,12.400394230346933,2000,False,True,False,False,345.27489709854126
0.05,-11.0,5,1,20,2,50051,-225.24514702405838,-262.9999999999997,14.355457405300903,2000,False,True,False,False,345.27489709854126
0.05,-11.0,5,1,20,3,50051,-227.54207443866298,-262.9999999999997,13.482100973892312,2000,False,True,False,False,345.27489709854126
0.05,-11.0,5,1,20,4,50051,-227.6328505322804,-262.9999999999997,13.44758534894272,1804,True,False,False,False,345.27489709854126
0.05,-11.0,5,1,20,5,50051,-223.59164337098298,-262.9999999999997,14.98416601863756,2000,False,True,False,False,345.27489709854126
0.05,-11.0,5,1,20,6,50051,-230.38698119471002,-262.9999999999997,12.400387378437161,1511,True,False,False,True,345.27489709854126
0.05,-11.0,5,1,20,7,50051,-226.25749749657763,-262.9999999999997,13.970533271263166,1621,True,False,False,False,345.27489709854126
0.05,-12.0,4,3,60,0,50043,-203.27362532744064,-286.9999999999998,29.172952847581602,1020,True,False,False,False,351.1655571460724
0.05,-12.0,4,3,60,1,50043,-202.71672841396557,-286.9999999999998,29.36699358398407,1240,True,False,False,False,351.1655571460724
0.05,-12.0,4,3,60,2,50043,-206.2451782926259,-286.9999999999998,28.137568539154685,1706,True,False,False,True,351.1655571460724
0.05,-12.0,4,3,60,3,50043,-200.3161697249506,-286.9999999999998,30.20342518294398,1000,True,False,False,False,351.1655571460724
0.05,-12.0,4,3,60,4,50043,-203.09352564546015,-286.9999999999998,29.23570535001383,2000,False,True,False,False,351.1655571460724
0.05,-12.0,4,3,60,5,50043,-203.09307287200272,-286.9999999999998,29.23586311080039,2000,False,True,False,False,351.1655571460724
0.05,-12.0,4,3,60,6,50043,-203.2736252736543,-286.9999999999998,29.172952866322493,1516,True,False,False,False,351.1655571460724
0.05,-12.0,4,3,60,7,50043,-203.27362525593475,-286.9999999999998,29.17295287249655,1056,True,False,False,False,351.1655571460724
0.05,-11.0,5,3,60,0,50053,-185.24423272441106,-262.9999999999997,29.564930523037543,904,True,False,False,False,351.8172595500946
0.05,-11.0,5,3,60,1,50053,-186.20792653370302,-262.9999999999997,29.19850702140562,2000,False,True,False,False,351.8172595500946
0.05,-11.0,5,3,60,2,50053,-189.1300390954035,-262.9999999999997,28.087437606310377,1043,True,False,False,True,351.8172595500946
0.05,-11.0,5,3,60,3,50053,-189.13003906822516,-262.9999999999997,28.08743761664435,1221,True,False,False,False,351.8172595500946
0.05,-11.0,5,3,60,4,50053,-185.84765720368742,-262.9999999999997,29.33549155753322,1131,True,False,False,False,351.8172595500946
0.05,-11.0,5,3,60,5,50053,-186.38546612322793,-262.9999999999997,29.131001474057744,1094,True,False,False,False,351.8172595500946
0.05,-11.0,5,3,60,6,50053,-186.2073072163324,-262.9999999999997,29.198742503295588,2000,False,True,False,False,351.8172595500946
0.05,-11.0,5,3,60,7,50053,-183.59951901341782,-262.9999999999997,30.190296953073,2000,False,True,False,False,351.8172595500946
0.05,-10.0,6,2,40,0,50062,-184.47235592763593,-239.00000000000006,22.814913837809254,2000,False,True,False,False,296.76962018013
0.05,-10.0,6,2,40,1,50062,-192.12755368492537,-239.00000000000006,19.611902223880616,1298,True,False,False,False,296.76962018013
0.05,-10.0,6,2,40,2,50062,-178.24275784317462,-239.00000000000006,25.42144023298135,855,True,False,False,False,296.76962018013
0.05,-10.0,6,2,40,3,50062,-188.53180635791577,-239.00000000000006,21.116399013424385,1008,True,False,False,False,296.76962018013
0.05,-10.0,6,2,40,4,50062,-180.4493209608429,-239.00000000000006,24.498192066592946,2000,False,True,False,False,296.76962018013
0.05,-10.0,6,2,40,5,50062,-184.37242760758102,-239.00000000000006,22.85672485038453,1281,True,False,False,False,296.76962018013
0.05,-10.0,6,2,40,6,50062,-192.12755384194014,-239.00000000000006,19.611902158184062,1267,True,False,False,True,296.76962018013
0.05,-10.0,6,2,40,7,50062,-188.53180631484793,-239.00000000000006,21.116399031444402,1297,True,False,False,False,296.76962018013
0.05,-10.0,6,3,60,0,50063,-169.50013490822266,-239.00000000000006,29.07944146099472,979,True,False,False,False,292.5561828613281
0.05,-10.0,6,3,60,1,50063,-168.97858616529206,-239.00000000000006,29.29766269234644,1093,True,False,False,False,292.5561828613281
0.05,-10.0,6,3,60,2,50063,-168.97858614988962,-239.00000000000006,29.297662698790973,1250,True,False,False,False,292.5561828613281
0.05,-10.0,6,3,60,3,50063,-169.50013491244098,-239.00000000000006,29.07944145922973,1114,True,False,False,False,292.5561828613281
0.05,-10.0,6,3,60,4,50063,-168.3592702933773,-239.00000000000006,29.556790672227084,1319,True,False,False,False,292.5561828613281
0.05,-10.0,6,3,60,5,50063,-169.3235267505912,-239.00000000000006,29.153336087618758,1734,True,False,False,False,292.5561828613281
0.05,-10.0,6,3,60,6,50063,-168.3592701566594,-239.00000000000006,29.55679072943123,968,True,False,False,False,292.5561828613281
0.05,-10.0,6,3,60,7,50063,-172.0172488496266,-239.00000000000006,28.026255711453317,1000,True,False,False,True,292.5561828613281
0.05,-7.0,9,2,40,0,50092,-124.815998636209,-167.00000000000009,25.259881056162314,848,True,False,False,False,198.2902114391327
0.05,-7.0,9,2,40,1,50092,-124.81599854951065,-167.00000000000009,25.259881108077494,673,True,False,False,False,198.2902114391327
0.05,-7.0,9,2,40,2,50092,-135.2106788479406,-167.00000000000009,19.03552164793979,658,True,False,False,False,198.2902114391327
0.05,-7.0,9,2,40,3,50092,-126.59478418725736,-167.00000000000009,24.19474000763036,2000,False,True,False,False,198.2902114391327
0.05,-7.0,9,2,40,4,50092,-135.21067887871888,-167.00000000000009,19.035521629509695,795,True,False,False,False,198.2902114391327
0.05,-7.0,9,2,40,5,50092,-135.2106788193424,-167.00000000000009,19.03552166506447,880,True,False,False,False,198.2902114391327
0.05,-7.0,9,2,40,6,50092,-135.21067887915942,-167.00000000000009,19.0355216292459,889,True,False,False,True,198.2902114391327
0.05,-7.0,9,2,40,7,50092,-132.43731509850747,-167.00000000000009,20.696218503887785,621,True,False,False,False,198.2902114391327
0.05,-9.0,7,2,40,0,50072,-169.83364245479393,-214.99999999999991,21.00760816056093,891,True,False,False,False,284.30664801597595
0.05,-9.0,7,2,40,1,50072,-173.1534328766128,-214.99999999999991,19.46351959227308,981,True,False,False,True,284.30664801597595
0.05,-9.0,7,2,40,2,50072,-173.1534328459924,-214.99999999999991,19.46351960651513,1301,True,False,False,False,284.30664801597595
0.05,-9.0,7,2,40,3,50072,-166.09444897675357,-214.99999999999991,22.746767917789008,818,True,False,False,False,284.30664801597595
0.05,-9.0,7,2,40,4,50072,-166.24679545173288,-214.99999999999991,22.675909092217232,1626,True,False,False,False,284.30664801597595
0.05,-9.0,7,2,40,5,50072,-166.24679553255208,-214.99999999999991,22.675909054626906,1919,True,False,False,False,284.30664801597595
0.05,-9.0,7,2,40,6,50072,-173.15343279213766,-214.99999999999991,19.463519631563845,1029,True,False,False,False,284.30664801597595
0.05,-9.0,7,2,40,7,50072,-162.4867736213709,-214.99999999999991,24.424756455176293,2000,False,True,False,False,284.30664801597595
0.05,-10.0,6,1,20,0,50061,-203.94317651705822,-239.00000000000006,14.668126980310388,1516,True,False,False,False,337.11015605926514
0.05,-10.0,6,1,20,1,50061,-209.58444477068065,-239.00000000000006,12.3077636942759,1669,True,False,False,True,337.11015605926514
0.05,-10.0,6,1,20,2,50061,-203.39828570365808,-239.00000000000006,14.89611476834392,2000,False,True,False,False,337.11015605926514
0.05,-10.0,6,1,20,3,50061,-207.06807192855706,-239.00000000000006,13.360639360436396,1755,True,False,False,False,337.11015605926514
0.05,-10.0,6,1,20,4,50061,-207.06807229701673,-239.00000000000006,13.360639206269173,1472,True,False,False,False,337.11015605926514
0.05,-10.0,6,1,20,5,50061,-207.0680720195107,-239.00000000000006,13.360639322380477,1481,True,False,False,False,337.11015605926514
0.05,-10.0,6,1,20,6,50061,-206.98752424040842,-239.00000000000006,13.394341322004866,2000,False,True,False,False,337.11015605926514
0.05,-10.0,6,1,20,7,50061,-206.9885341637041,-239.00000000000006,13.393918759956469,2000,False,True,False,False,337.11015605926514
0.05,-8.0,8,1,20,0,50081,-165.8774373177723,-190.9999999999999,13.15317417917676,2000,False,True,False,False,265.16059041023254
0.05,-8.0,8,1,20,1,50081,-167.98188013332117,-190.9999999999999,12.05137165794698,1323,True,False,False,True,265.16059041023254
0.05,-8.0,8,1,20,2,50081,-165.94470232415802,-190.9999999999999,13.117956898346536,1420,True,False,False,False,265.16059041023254
0.05,-8.0,8,1,20,3,50081,-166.7334856869197,-190.9999999999999,12.704981315748801,1398,True,False,False,False,265.16059041023254
0.05,-8.0,8,1,20,4,50081,-165.94470225155743,-190.9999999999999,13.117956936357315,637,True,False,False,False,265.16059041023254
0.05,-8.0,8,1,20,5,50081,-165.9447021916658,-190.9999999999999,13.117956967714184,1273,True,False,False,False,265.16059041023254
0.05,-8.0,8,1,20,6,50081,-164.71850750132262,-190.9999999999999,13.759943716584965,1067,True,False,False,False,265.16059041023254
0.05,-8.0,8,1,20,7,50081,-164.56615056137264,-190.9999999999999,13.83971174797239,2000,False,True,False,False,265.16059041023254
0.05,-8.0,8,2,40,0,50082,-154.1810982336766,-190.9999999999999,19.276911919540996,978,True,False,False,True,259.5074291229248
0.05,-8.0,8,2,40,1,50082,-147.8461213714558,-190.9999999999999,22.593653732222045,717,True,False,False,False,259.5074291229248
0.05,-8.0,8,2,40,2,50082,-147.84612139274117,-190.9999999999999,22.593653721077878,914,True,False,False,False,259.5074291229248
0.05,-8.0,8,2,40,3,50082,-151.13547887842014,-190.9999999999999,20.87147702700511,755,True,False,False,False,259.5074291229248
0.05,-8.0,8,2,40,4,50082,-142.7722361232062,-190.9999999999999,25.25013815538938,2000,False,True,False,False,259.5074291229248
0.05,-8.0,8,2,40,5,50082,-142.61968312805644,-190.9999999999999,25.330008833478264,874,True,False,False,False,259.5074291229248
0.05,-8.0,8,2,40,6,50082,-144.53221186513696,-190.9999999999999,24.328684887362805,2000,False,True,False,False,259.5074291229248
0.05,-8.0,8,2,40,7,50082,-148.02815868863576,-190.9999999999999,22.498346236316312,1388,True,False,False,False,259.5074291229248
0.05,-9.0,7,3,60,0,50073,-151.4779988598822,-214.99999999999991,29.545116809357086,799,True,False,False,False,310.20197916030884
0.05,-9.0,7,3,60,1,50073,-152.61839169178563,-214.99999999999991,29.01470153870433,964,True,False,False,False,310.20197916030884
0.05,-9.0,7,3,60,2,50073,-152.44713084154623,-214.99999999999991,29.094357748118004,2000,False,True,False,False,310.20197916030884
0.05,-9.0,7,3,60,3,50073,-154.90737613079952,-214.99999999999991,27.950057613581592,803,True,False,False,True,310.20197916030884
0.05,-9.0,7,3,60,4,50073,-152.61839166621039,-214.99999999999991,29.014701550599792,916,True,False,False,False,310.20197916030884
0.05,-9.0,7,3,60,5,50073,-149.23492402892106,-214.99999999999991,30.588407428408782,2000,False,True,False,False,310.20197916030884
0.05,-9.0,7,3,60,6,50073,-150.17876118860374,-214.99999999999991,30.149413400649394,2000,False,True,False,False,310.20197916030884
0.05,-9.0,7,3,60,7,50073,-152.61839167878654,-214.99999999999991,29.01470154475042,780,True,False,False,False,310.20197916030884
0.05,-9.0,7,1,20,0,50071,-187.49703885285217,-214.99999999999991,12.792074952161748,1432,True,False,False,False,360.45721673965454
0.05,-9.0,7,1,20,1,50071,-188.78273601311352,-214.99999999999991,12.19407627297042,1596,True,False,False,True,360.45721673965454
0.05,-9.0,7,1,20,2,50071,-187.49703923768035,-214.99999999999991,12.792074773171894,1563,True,False,False,False,360.45721673965454
0.05,-9.0,7,1,20,3,50071,-183.06806256678556,-214.99999999999991,14.852063922425288,1971,True,False,False,False,360.45721673965454
0.05,-9.0,7,1,20,4,50071,-186.38986630403616,-214.99999999999991,13.307038928355238,2000,False,True,False,False,360.45721673965454
0.05,-9.0,7,1,20,5,50071,-186.43193289291156,-214.99999999999991,13.287473073064357,2000,False,True,False,False,360.45721673965454
0.05,-9.0,7,1,20,6,50071,-186.43199825011655,-214.99999999999991,13.28744267436436,2000,False,True,False,False,360.45721673965454
0.05,-9.0,7,1,20,7,50071,-186.43202236001648,-214.99999999999991,13.28743146045742,2000,False,True,False,False,360.45721673965454
0.05,-7.0,9,1,20,0,50091,-144.16137752367447,-167.00000000000009,13.675821842111139,1254,True,False,False,False,277.9373667240143
0.05,-7.0,9,1,20,1,50091,-145.96993225822612,-167.00000000000009,12.592854935193984,1151,True,False,False,False,277.9373667240143
0.05,-7.0,9,1,20,2,50091,-145.96993221172028,-167.00000000000009,12.592854963041795,1234,True,False,False,False,277.9373667240143
0.05,-7.0,9,1,20,3,50091,-145.32509081358037,-167.00000000000009,12.978987536778263,2000,False,True,False,False,277.9373667240143
0.05,-7.0,9,1,20,4,50091,-145.96993234469255,-167.00000000000009,12.592854883417678,1378,True,False,False,False,277.9373667240143
0.05,-7.0,9,1,20,5,50091,-143.28107438477528,-167.00000000000009,14.202949470194486,1504,True,False,False,False,277.9373667240143
0.05,-7.0,9,1,20,6,50091,-147.18190079698243,-167.00000000000009,11.86712527126805,1317,True,False,False,True,277.9373667240143
0.05,-7.0,9,1,20,7,50091,-145.32509021250124,-167.00000000000009,12.97898789670589,1633,True,False,False,False,277.9373667240143
0.05,-8.0,8,3,60,0,50083,-137.8011645312768,-190.9999999999999,27.85279343912205,931,True,False,False,False,282.07253098487854
0.05,-8.0,8,3,60,1,50083,-134.05252511445406,-190.9999999999999,29.815431877249143,786,True,False,False,False,282.07253098487854
0.05,-8.0,8,3,60,2,50083,-133.47738531316097,-190.9999999999999,30.11655219206228,2000,False,True,False,False,282.07253098487854
0.05,-8.0,8,3,60,3,50083,-137.80116455090933,-190.9999999999999,27.852793428843235,924,True,False,False,True,282.07253098487854
0.05,-8.0,8,3,60,4,50083,-135.74127337831575,-190.9999999999999,28.931270482557153,773,True,False,False,False,282.07253098487854
0.05,-8.0,8,3,60,5,50083,-137.80116451729123,-190.9999999999999,27.85279344644434,847,True,False,False,False,282.07253098487854
0.05,-8.0,8,3,60,6,50083,-135.74127344330563,-190.9999999999999,28.931270448531045,1032,True,False,False,False,282.07253098487854
0.05,-8.0,8,3,60,7,50083,-132.5182381397523,-190.9999999999999,30.61872348704064,2000,False,True,False,False,282.07253098487854
0.05,-6.0,10,1,20,0,50101,-126.38281947336785,-143.00000000000028,11.620405962680005,1033,True,False,False,True,271.19122648239136
0.05,-6.0,10,1,20,1,50101,-125.20637886873011,-143.00000000000028,12.443091700188907,1011,True,False,False,False,271.19122648239136
0.05,-6.0,10,1,20,2,50101,-124.7751672424386,-143.00000000000028,12.744638292001154,2000,False,True,False,False,271.19122648239136
0.05,-6.0,10,1,20,3,50101,-124.77517192363194,-143.00000000000028,12.744635018439373,1490,True,False,False,False,271.19122648239136
0.05,-6.0,10,1,20,4,50101,-122.78326505020948,-143.00000000000028,14.137576887965569,1304,True,False,False,False,271.19122648239136
0.05,-6.0,10,1,20,5,50101,-122.07882899169957,-143.00000000000028,14.630189516294179,1737,True,False,False,False,271.19122648239136
0.05,-6.0,10,1,20,6,50101,-124.77517225982005,-143.00000000000028,12.744634783342793,1692,True,False,False,False,271.19122648239136
0.05,-6.0,10,1,20,7,50101,-124.83062144759023,-143.00000000000028,12.705859127559451,1199,True,False,False,False,271.19122648239136
0.05,-5.0,11,1,20,0,50111,-104.4428253465146,-123.56603968487643,15.476108473760833,978,True,False,False,False,222.377183675766
0.05,-5.0,11,1,20,1,50111,-102.46872642250194,-123.56603968487643,17.073714846067563,1506,True,False,False,False,222.377183675766
0.05,-5.0,11,1,20,2,50111,-105.58465518960504,-123.56603968487643,14.552044025306877,1082,True,False,False,False,222.377183675766
0.05,-5.0,11,1,20,3,50111,-104.44282523936067,-123.56603968487643,15.476108560478771,907,True,False,False,False,222.377183675766
0.05,-5.0,11,1,20,4,50111,-104.27745045458931,-123.56603968487643,15.609943702555917,823,True,False,False,False,222.377183675766
0.05,-5.0,11,1,20,5,50111,-105.58465519256667,-123.56603968487643,14.55204402291008,1157,True,False,False,True,222.377183675766
0.05,-5.0,11,1,20,6,50111,-99.81779123703335,-123.56603968487643,19.219073872082422,1906,True,False,False,False,222.377183675766
0.05,-5.0,11,1,20,7,50111,-104.27745043663701,-123.56603968487643,15.609943717084427,825,True,False,False,False,222.377183675766
0.05,-7.0,9,3,60,0,50093,-118.70396439213144,-167.00000000000009,28.919781801118933,2000,False,True,False,False,316.0406093597412
0.05,-7.0,9,3,60,1,50093,-118.87021784813635,-167.00000000000009,28.820228833451324,864,True,False,False,False,316.0406093597412
0.05,-7.0,9,3,60,2,50093,-118.70312756602728,-167.00000000000009,28.92028289459448,2000,False,True,False,False,316.0406093597412
0.05,-7.0,9,3,60,3,50093,-117.73125051711865,-167.00000000000009,29.502245199330186,710,True,False,False,False,316.0406093597412
0.05,-7.0,9,3,60,4,50093,-118.87021788951039,-167.00000000000009,28.82022880867645,1016,True,False,False,True,316.0406093597412
0.05,-7.0,9,3,60,5,50093,-116.78427873887081,-167.00000000000009,30.069294168340864,2000,False,True,False,False,316.0406093597412
0.05,-7.0,9,3,60,6,50093,-118.87021786110098,-167.00000000000009,28.820228825688073,873,True,False,False,False,316.0406093597412
0.05,-7.0,9,3,60,7,50093,-118.87021786992764,-167.00000000000009,28.820228820402644,727,True,False,False,False,316.0406093597412
0.05,-6.0,10,2,40,0,50102,-116.2423006016709,-143.00000000000028,18.711677900929597,870,True,False,False,False,305.2511887550354
0.05,-6.0,10,2,40,1,50102,-110.59587295588015,-143.00000000000028,22.660228702181865,2000,False,True,False,False,305.2511887550354
0.05,-6.0,10,2,40,2,50102,-116.24230061346461,-143.00000000000028,18.711677892682253,730,True,False,False,True,305.2511887550354
0.05,-6.0,10,2,40,3,50102,-111.37286103527455,-143.00000000000028,22.116880394913053,1623,True,False,False,False,305.2511887550354
0.05,-6.0,10,2,40,4,50102,-107.04221512315438,-143.00000000000028,25.145304109682403,2000,False,True,False,False,305.2511887550354
0.05,-6.0,10,2,40,5,50102,-111.37286117888792,-143.00000000000028,22.11688029448413,927,True,False,False,False,305.2511887550354
0.05,-6.0,10,2,40,6,50102,-111.37286014208317,-143.00000000000028,22.116881019522413,2000,False,True,False,False,305.2511887550354
0.05,-6.0,10,2,40,7,50102,-109.26284926840316,-143.00000000000028,23.592413099018923,866,True,False,False,False,305.2511887550354
0.05,-5.0,11,3,60,0,50113,-84.99961081686939,-123.56603968487643,31.211187933481437,2000,False,True,False,False,252.17583656311035
0.05,-5.0,11,3,60,1,50113,-86.51594491522609,-123.56603968487643,29.984043240470548,800,True,False,False,True,252.17583656311035
0.05,-5.0,11,3,60,2,50113,-84.0188485033674,-123.56603968487643,32.004903031904256,465,True,False,False,False,252.17583656311035
0.05,-5.0,11,3,60,3,50113,-84.63323030585642,-123.56603968487643,31.507693763034073,769,True,False,False,False,252.17583656311035
0.05,-5.0,11,3,60,4,50113,-85.15523254904429,-123.56603968487643,31.085245779333125,684,True,False,False,False,252.17583656311035
0.05,-5.0,11,3,60,5,50113,-84.99936119103192,-123.56603968487643,31.211389951639585,2000,False,True,False,False,252.17583656311035
0.05,-5.0,11,3,60,6,50113,-85.15523253828466,-123.56603968487643,31.085245788040712,677,True,False,False,False,252.17583656311035
0.05,-5.0,11,3,60,7,50113,-85.15523255724516,-123.56603968487643,31.08524577269629,695,True,False,False,False,252.17583656311035
0.05,-5.0,11,2,40,0,50112,-94.42787152199675,-123.56603968487643,23.581048836062983,2000,False,True,False,False,304.04674673080444
0.05,-5.0,11,2,40,1,50112,-94.41645154545577,-123.56603968487643,23.5902908386149,2000,False,True,False,False,304.04674673080444
0.05,-5.0,11,2,40,2,50112,-94.4195275740827,-123.56603968487643,23.587801458333097,2000,False,True,False,False,304.04674673080444
0.05,-5.0,11,2,40,3,50112,-94.4858623033859,-123.56603968487643,23.534117833388592,551,True,False,False,False,304.04674673080444
0.05,-5.0,11,2,40,4,50112,-97.27608584889352,-123.56603968487643,21.27603498746801,773,True,False,False,False,304.04674673080444
0.05,-5.0,11,2,40,5,50112,-93.42446190419223,-123.56603968487643,24.39309203204423,834,True,False,False,False,304.04674673080444
0.05,-5.0,11,2,40,6,50112,-97.27608593332951,-123.56603968487643,21.27603491913532,833,True,False,False,True,304.04674673080444
0.05,-5.0,11,2,40,7,50112,-94.42512856780203,-123.56603968487643,23.583268664586836,2000,False,True,False,False,304.04674673080444
0.05,-6.0,10,3,60,0,50103,-101.84748718845718,-143.00000000000028,28.77798098709302,2000,False,True,False,False,334.2807765007019
0.05,-6.0,10,3,60,1,50103,-101.84710993685914,-143.00000000000028,28.778244799399346,2000,False,True,False,False,334.2807765007019
0.05,-6.0,10,3,60,2,50103,-101.50230148438544,-143.00000000000028,29.019369591338993,805,True,False,False,False,334.2807765007019
0.05,-6.0,10,3,60,3,50103,-100.31438275131694,-143.00000000000028,29.850081992086196,576,True,False,False,False,334.2807765007019
0.05,-6.0,10,3,60,4,50103,-102.00724703499833,-143.00000000000028,28.666260814686623,719,True,False,False,True,334.2807765007019
0.05,-6.0,10,3,60,5,50103,-100.10295386332719,-143.00000000000028,29.997934361309795,2000,False,True,False,False,334.2807765007019
0.05,-6.0,10,3,60,6,50103,-101.84632346930852,-143.00000000000028,28.77879477670747,2000,False,True,False,False,334.2807765007019
0.05,-6.0,10,3,60,7,50103,-97.17457991579877,-143.00000000000028,32.04574831063036,594,True,False,False,False,334.2807765007019
0.05,-4.0,12,2,40,0,50122,-78.33570802409201,-107.56603968487642,27.174312400472367,2000,False,True,False,False,258.1374046802521
0.05,-4.0,12,2,40,1,50122,-78.31214882489837,-107.56603968487642,27.19621447966266,1220,True,False,False,False,258.1374046802521
0.05,-4.0,12,2,40,2,50122,-78.31214890418565,-107.56603968487642,27.196214405952336,712,True,False,False,False,258.1374046802521
0.05,-4.0,12,2,40,3,50122,-75.87368680953404,-107.56603968487642,29.463158603019817,497,True,False,False,False,258.1374046802521
0.05,-4.0,12,2,40,4,50122,-78.31214892126705,-107.56603968487642,27.196214390072416,993,True,False,False,False,258.1374046802521
0.05,-4.0,12,2,40,5,50122,-75.87368677747271,-107.56603968487642,29.463158632825998,1028,True,False,False,False,258.1374046802521
0.05,-4.0,12,2,40,6,50122,-78.33649434365702,-107.56603968487642,27.1735813894885,2000,False,True,False,True,258.1374046802521
0.05,-4.0,12,2,40,7,50122,-76.34282361884256,-107.56603968487642,29.027020198479786,875,True,False,False,False,258.1374046802521
0.05,-4.0,12,3,60,0,50123,-67.18392128826419,-107.56603968487642,37.54169858341441,652,True,False,False,False,273.5866162776947
0.05,-4.0,12,3,60,1,50123,-68.31825132646816,-107.56603968487642,36.487155679792515,979,True,False,False,True,273.5866162776947
0.05,-4.0,12,3,60,2,50123,-68.31825130735365,-107.56603968487642,36.48715569756254,1069,True,False,False,False,273.5866162776947
0.05,-4.0,12,3,60,3,50123,-66.79636081681066,-107.56603968487642,37.90199861174018,1402,True,False,False,False,273.5866162776947
0.05,-4.0,12,3,60,4,50123,-68.31825131964213,-107.56603968487642,36.487155686138415,552,True,False,False,False,273.5866162776947
0.05,-4.0,12,3,60,5,50123,-68.16631925711637,-107.56603968487642,36.62840106708844,1796,True,False,False,False,273.5866162776947
0.05,-4.0,12,3,60,6,50123,-68.16631923577442,-107.56603968487642,36.62840108692922,1865,True,False,False,False,273.5866162776947
0.05,-4.0,12,3,60,7,50123,-68.3182513232226,-107.56603968487642,36.48715568280979,672,True,False,False,False,273.5866162776947
0.05,-4.0,12,1,20,0,50121,-82.44357392351323,-107.56603968487642,23.355387848210757,1783,True,False,False,False,359.06389570236206
0.05,-4.0,12,1,20,1,50121,-85.94875671916628,-107.56603968487642,20.096754541712,2000,False,True,False,False,359.06389570236206
0.05,-4.0,12,1,20,2,50121,-86.8814470060239,-107.56603968487642,19.229668340909203,1313,True,False,False,True,359.06389570236206
0.05,-4.0,12,1,20,3,50121,-86.65917572071608,-107.56603968487642,19.436305385425285,2000,False,True,False,False,359.06389570236206
0.05,-4.0,12,1,20,4,50121,-82.34698142917728,-107.56603968487642,23.44518616617331,2000,False,True,False,False,359.06389570236206
0.05,-4.0,12,1,20,5,50121,-86.65849110988988,-107.56603968487642,19.436941841715957,2000,False,True,False,False,359.06389570236206
0.05,-4.0,12,1,20,6,50121,-81.06476717514249,-107.56603968487642,24.63721132373339,2000,False,True,False,False,359.06389570236206
0.05,-4.0,12,1,20,7,50121,-85.94772526057213,-107.56603968487642,20.09771344900019,2000,False,True,False,False,359.06389570236206
0.05,-3.0,13,2,40,0,50132,-62.35302725241354,-91.56603968487632,31.903763156077396,2000,False,True,False,True,310.2248067855835
0.05,-3.0,13,2,40,1,50132,-58.33139724114231,-91.56603968487632,36.295817268182304,2000,False,True,False,False,310.2248067855835
0.05,-3.0,13,2,40,2,50132,-61.764752925433314,-91.56603968487632,32.54622222606095,717,True,False,False,False,310.2248067855835
0.05,-3.0,13,2,40,3,50132,-61.764751904794366,-91.56603968487632,32.546223340708856,1121,True,False,False,False,310.2248067855835
0.05,-3.0,13,2,40,4,50132,-61.764748172813995,-91.56603968487632,32.54622741643429,1818,True,False,False,False,310.2248067855835
0.05,-3.0,13,2,40,5,50132,-62.08322136977112,-91.56603968487632,32.19842030579246,2000,False,True,False,False,310.2248067855835
0.05,-3.0,13,2,40,6,50132,-61.76474670157497,-91.56603968487632,32.54622902318613,857,True,False,False,False,310.2248067855835
0.05,-3.0,13,2,40,7,50132,-60.83357639765374,-91.56603968487632,33.56316751602239,1018,True,False,False,False,310.2248067855835
0.05,-2.0,14,3,60,0,50143,-33.79152549647566,-75.5660396848763,55.282127212975205,1166,True,False,False,False,333.1453354358673
0.05,-2.0,14,3,60,1,50143,-36.91390839221328,-75.5660396848763,51.15013497312976,970,True,False,False,False,333.1453354358673
0.05,-2.0,14,3,60,2,50143,-37.301264448955465,-75.5660396848763,50.63752896868976,1441,True,False,False,True,333.1453354358673
0.05,-2.0,14,3,60,3,50143,-36.91390834200192,-75.5660396848763,51.15013503957675,1031,True,False,False,False,333.1453354358673
0.05,-2.0,14,3,60,4,50143,-35.122094446795884,-75.5660396848763,53.52132440278569,2000,False,True,False,False,333.1453354358673
0.05,-2.0,14,3,60,5,50143,-35.002357668640386,-75.5660396848763,53.67977756329909,922,True,False,False,False,333.1453354358673
0.05,-2.0,14,3,60,6,50143,-36.913908383009826,-75.5660396848763,51.1501349853091,1514,True,False,False,False,333.1453354358673
0.05,-2.0,14,3,60,7,50143,-37.02716142614611,-75.5660396848763,51.00026204819533,2000,False,True,False,False,333.1453354358673
0.05,-3.0,13,3,60,0,50133,-52.378194741166524,-91.56603968487632,42.79735705352596,986,True,False,False,True,374.3633978366852
0.05,-3.0,13,3,60,1,50133,-50.89508791397235,-91.56603968487632,44.4170698119878,509,True,False,False,False,374.3633978366852
0.05,-3.0,13,3,60,2,50133,-51.73343084811807,-91.56603968487632,43.50150882777262,2000,False,True,False,False,374.3633978366852
0.05,-3.0,13,3,60,3,50133,-52.290113088469,-91.56603968487632,42.893551726792005,2000,False,True,False,False,374.3633978366852
0.05,-3.0,13,3,60,4,50133,-51.73343332240351,-91.56603968487632,43.501506125585806,836,True,False,False,False,374.3633978366852
0.05,-3.0,13,3,60,5,50133,-51.733182945945806,-91.56603968487632,43.50177956370606,2000,False,True,False,False,374.3633978366852
0.05,-3.0,13,3,60,6,50133,-52.29027925951962,-91.56603968487632,42.89337025006636,2000,False,True,False,False,374.3633978366852
0.05,-3.0,13,3,60,7,50133,-52.371990712893655,-91.56603968487632,42.80413252213224,2000,False,True,False,False,374.3633978366852
0.05,-3.0,13,1,20,0,50131,-70.55506875202713,-91.56603968487632,22.94624841825447,2000,False,True,False,False,388.1801300048828
0.05,-3.0,13,1,20,1,50131,-70.89874180888108,-91.56603968487632,22.570920340250105,2000,False,True,False,False,388.1801300048828
0.05,-3.0,13,1,20,2,50131,-66.5600323711199,-91.56603968487632,27.309259415187505,2000,False,True,False,False,388.1801300048828
0.05,-3.0,13,1,20,3,50131,-70.9028990577927,-91.56603968487632,22.566380175658608,2000,False,True,False,False,388.1801300048828
0.05,-3.0,13,1,20,4,50131,-71.2389851937809,-91.56603968487632,22.199337834256873,2000,False,True,False,True,388.1801300048828
0.05,-3.0,13,1,20,5,50131,-70.90622464998427,-91.56603968487632,22.562748269983732,2000,False,True,False,False,388.1801300048828
0.05,-3.0,13,1,20,6,50131,-70.5550481003392,-91.56603968487632,22.94627097212705,2000,False,True,False,False,388.1801300048828
0.05,-3.0,13,1,20,7,50131,-70.55488553711622,-91.56603968487632,22.94644850871545,2000,False,True,False,False,388.1801300048828
0.05,-2.0,14,1,20,0,50141,-55.12245500312576,-75.5660396848763,27.05393159017449,2000,False,True,False,False,373.73160696029663
0.05,-2.0,14,1,20,1,50141,-51.37410470470981,-75.5660396848763,32.01429515302261,2000,False,True,False,False,373.73160696029663
0.05,-2.0,14,1,20,2,50141,-55.2105983114643,-75.5660396848763,26.93728751473251,2000,False,True,False,False,373.73160696029663
0.05,-2.0,14,1,20,3,50141,-55.20314680087577,-75.5660396848763,26.947148439851265,2000,False,True,False,False,373.73160696029663
0.05,-2.0,14,1,20,4,50141,-55.21130269342629,-75.5660396848763,26.936355373833077,2000,False,True,False,False,373.73160696029663
0.05,-2.0,14,1,20,5,50141,-55.25063195135758,-75.5660396848763,26.884309166177754,2000,False,True,False,False,373.73160696029663
0.05,-2.0,14,1,20,6,50141,-55.18756966112817,-75.5660396848763,26.967762382056726,2000,False,True,False,False,373.73160696029663
0.05,-2.0,14,1,20,7,50141,-55.684615070353885,-75.5660396848763,26.309999435502323,1377,True,False,False,True,373.73160696029663
0.05,-2.0,14,2,40,0,50142,-46.53682952434606,-75.5660396848763,38.41568286704869,2000,False,True,False,False,392.0894720554352
0.05,-2.0,14,2,40,1,50142,-46.536829980124004,-75.5660396848763,38.41568226389687,2000,False,True,False,False,392.0894720554352
0.05,-2.0,14,2,40,2,50142,-43.18626324631718,-75.5660396848763,42.849640623735866,2000,False,True,False,False,392.0894720554352
0.05,-2.0,14,2,40,3,50142,-46.139904844272046,-75.5660396848763,38.940951468829674,1347,True,False,False,False,392.0894720554352
0.05,-2.0,14,2,40,4,50142,-42.92537892674736,-75.5660396848763,43.19488078804479,2000,False,True,False,False,392.0894720554352
0.05,-2.0,14,2,40,5,50142,-46.53682999568832,-75.5660396848763,38.4156822432999,1756,True,False,False,True,392.0894720554352
0.05,-2.0,14,2,40,6,50142,-46.13990453223792,-75.5660396848763,38.94095188175872,1312,True,False,False,False,392.0894720554352
0.05,-2.0,14,2,40,7,50142,-46.16429963709908,-75.5660396848763,38.90866872260034,2000,False,True,False,False,392.0894720554352
0.05,-1.0,15,1,20,0,50151,-39.57535052330363,-59.56603968487627,33.56054770021626,2000,False,True,False,False,378.487587928772
0.05,-1.0,15,1,20,1,50151,-39.57539854863869,-59.56603968487627,33.56046707485436,2000,False,True,False,False,378.487587928772
0.05,-1.0,15,1,20,2,50151,-40.054884199653095,-59.56603968487627,32.75550227687376,2000,False,True,False,False,378.487587928772
0.05,-1.0,15,1,20,3,50151,-40.21749326145476,-59.56603968487627,32.482512730041506,2000,False,True,False,True,378.487587928772
0.05,-1.0,15,1,20,4,50151,-40.02693759203888,-59.56603968487627,32.80241929160576,2000,False,True,False,False,378.487587928772
0.05,-1.0,15,1,20,5,50151,-39.571802971776016,-59.56603968487627,33.566503361439295,2000,False,True,False,False,378.487587928772
0.05,-1.0,15,1,20,6,50151,-40.047185451106806,-59.56603968487627,32.76842700476741,2000,False,True,False,False,378.487587928772
0.05,-1.0,15,1,20,7,50151,-40.05479712327294,-59.56603968487627,32.75564846147931,2000,False,True,False,False,378.487587928772
0.05,0.0,16,1,20,0,50161,-25.204032451133966,-43.56603968487643,42.14752446299744,2000,False,True,False,False,377.62436985969543
0.05,0.0,16,1,20,1,50161,-25.214905163134432,-43.56603968487643,42.12256761110291,2000,False,True,False,False,377.62436985969543
0.05,0.0,16,1,20,2,50161,-23.48465095564586,-43.56603968487643,46.09413404221281,2000,False,True,False,False,377.62436985969543
0.05,0.0,16,1,20,3,50161,-25.21987131223281,-43.56603968487643,42.11116848202369,2000,False,True,False,True,377.62436985969543
0.05,0.0,16,1,20,4,50161,-23.725698225509394,-43.56603968487643,45.54084236914111,2000,False,True,False,False,377.62436985969543
0.05,0.0,16,1,20,5,50161,-23.48125823911437,-43.56603968487643,46.10192156790032,2000,False,True,False,False,377.62436985969543
0.05,0.0,16,1,20,6,50161,-24.002684491242483,-43.56603968487643,44.905057552029895,2000,False,True,False,False,377.62436985969543
0.05,0.0,16,1,20,7,50161,-25.217101108219808,-43.56603968487643,42.117527113730965,2000,False,True,False,False,377.62436985969543
0.05,-1.0,15,2,40,0,50152,-31.523172104515325,-59.56603968487627,47.07861682380907,2000,False,True,False,False,431.5567944049835
0.05,-1.0,15,2,40,1,50152,-31.523154364005144,-59.56603968487627,47.07864660673618,2000,False,True,False,False,431.5567944049835
0.05,-1.0,15,2,40,2,50152,-31.52315770475821,-59.56603968487627,47.078640998250066,2000,False,True,False,False,431.5567944049835
0.05,-1.0,15,2,40,3,50152,-28.162648019476837,-59.56603968487627,52.720294704052165,2000,False,True,False,False,431.5567944049835
0.05,-1.0,15,2,40,4,50152,-31.52234797389282,-59.56603968487627,47.08000038166664,2000,False,True,False,False,431.5567944049835
0.05,-1.0,15,2,40,5,50152,-31.32075734108921,-59.56603968487627,47.41843253842927,1364,True,False,False,False,431.5567944049835
0.05,-1.0,15,2,40,6,50152,-30.97016383906122,-59.56603968487627,48.007012044273104,2000,False,True,False,False,431.5567944049835
0.05,-1.0,15,2,40,7,50152,-31.523173461594165,-59.56603968487627,47.07861454553298,2000,False,True,False,True,431.5567944049835
0.05,-1.0,15,3,60,0,50153,-21.991718485741384,-59.56603968487627,63.08010637926454,2000,False,True,False,False,431.7205536365509
0.05,-1.0,15,3,60,1,50153,-22.60936004707137,-59.56603968487627,62.04320420380096,2000,False,True,False,False,431.7205536365509
0.05,-1.0,15,3,60,2,50153,-21.429741551818545,-59.56603968487627,64.02355828054233,2000,False,True,False,False,431.7205536365509
0.05,-1.0,15,3,60,3,50153,-22.609365031831604,-59.56603968487627,62.04319583534092,1042,True,False,False,True,431.7205536365509
0.05,-1.0,15,3,60,4,50153,-22.532121427157136,-59.56603968487627,62.17287308949967,2000,False,True,False,False,431.7205536365509
0.05,-1.0,15,3,60,5,50153,-22.532151124433213,-59.56603968487627,62.17282323344707,2000,False,True,False,False,431.7205536365509
0.05,-1.0,15,3,60,6,50153,-21.67077584038752,-59.56603968487627,63.61890776181701,2000,False,True,False,False,431.7205536365509
0.05,-1.0,15,3,60,7,50153,-22.60935797285582,-59.56603968487627,62.04320768601257,909,True,False,False,False,431.7205536365509
0.05,1.0,17,1,20,0,50171,-13.43416876693382,-35.56603968487625,62.227538162910975,2000,False,True,False,True,389.84323596954346
0.05,1.0,17,1,20,1,50171,-13.21393025488158,-35.56603968487625,62.84677638567517,2000,False,True,False,False,389.84323596954346
0.05,1.0,17,1,20,2,50171,-12.601542124914156,-35.56603968487625,64.5686102906962,2000,False,True,False,False,389.84323596954346
0.05,1.0,17,1,20,3,50171,-13.338038852338867,-35.56603968487625,62.497823849612914,2000,False,True,False,False,389.84323596954346
0.05,1.0,17,1,20,4,50171,-12.608299288139174,-35.56603968487625,64.54961137126381,2000,False,True,False,False,389.84323596954346
0.05,1.0,17,1,20,5,50171,-13.431516395539276,-35.56603968487625,62.234995758465736,2000,False,True,False,False,389.84323596954346
0.05,1.0,17,1,20,6,50171,-12.46760511865035,-35.56603968487625,64.94519707812184,2000,False,True,False,False,389.84323596954346
0.05,1.0,17,1,20,7,50171,-11.690775154992473,-35.56603968487625,67.12938730717399,2000,False,True,False,False,389.84323596954346
0.05,0.0,16,2,40,0,50162,-16.752745505638323,-43.56603968487643,61.546319962027916,2000,False,True,False,False,429.18326020240784
0.05,0.0,16,2,40,1,50162,-16.75256529813995,-43.56603968487643,61.54673360416679,2000,False,True,False,False,429.18326020240784
0.05,0.0,16,2,40,2,50162,-16.089083064926335,-43.56603968487643,63.069668068746864,2000,False,True,False,False,429.18326020240784
0.05,0.0,16,2,40,3,50162,-15.8670419215135,-43.56603968487643,63.579333728097374,2000,False,True,False,False,429.18326020240784
0.05,0.0,16,2,40,4,50162,-15.986604508346515,-43.56603968487643,63.30489384855396,2000,False,True,False,False,429.18326020240784
0.05,0.0,16,2,40,5,50162,-16.75310568223651,-43.56603968487643,61.5454932249621,2000,False,True,False,False,429.18326020240784
0.05,0.0,16,2,40,6,50162,-17.06878120890395,-43.56603968487643,60.82090239928504,2000,False,True,False,True,429.18326020240784
0.05,0.0,16,2,40,7,50162,-16.684293028001775,-43.56603968487643,61.70344344199461,2000,False,True,False,False,429.18326020240784
0.05,1.0,17,2,40,0,50172,-6.457391558438574,-35.56603968487625,81.84393984921394,2000,False,True,False,False,411.931542634964
0.05,1.0,17,2,40,1,50172,-5.327902315779327,-35.56603968487625,85.01969192244671,2000,False,True,False,False,411.931542634964
0.05,1.0,17,2,40,2,50172,-3.7859415292696954,-35.56603968487625,89.35517824640006,2000,False,True,False,False,411.931542634964
0.05,1.0,17,2,40,3,50172,-6.461757044953799,-35.56603968487625,81.8316655376687,2000,False,True,False,True,411.931542634964
0.05,1.0,17,2,40,4,50172,-6.461737637055114,-35.56603968487625,81.8317201062933,2000,False,True,False,False,411.931542634964
0.05,1.0,17,2,40,5,50172,-4.29322875367213,-35.56603968487625,87.92885350263572,2000,False,True,False,False,411.931542634964
0.05,1.0,17,2,40,6,50172,-5.337984718268009,-35.56603968487625,84.9913435244299,2000,False,True,False,False,411.931542634964
0.05,1.0,17,2,40,7,50172,-2.7535968869762226,-35.56603968487625,92.25779167044247,1121,True,False,False,False,411.931542634964
0.05,2.0,18,1,20,0,50181,-3.722167934401785,-27.566039684876344,86.4972699127184,2000,False,True,False,False,385.3609449863434
0.05,2.0,18,1,20,1,50181,-4.310089420257188,-27.566039684876344,84.364495337276,2000,False,True,False,False,385.3609449863434
0.05,2.0,18,1,20,2,50181,-2.5849521412046617,-27.566039684876344,90.6226931008053,2000,False,True,False,False,385.3609449863434
0.05,2.0,18,1,20,3,50181,-3.7558262945072785,-27.566039684876344,86.37516909413777,2000,False,True,False,False,385.3609449863434
0.05,2.0,18,1,20,4,50181,-3.477571850574373,-27.566039684876344,87.38457939432524,2000,False,True,False,False,385.3609449863434
0.05,2.0,18,1,20,5,50181,-4.402133914847543,-27.566039684876344,84.03058993903029,2000,False,True,False,False,385.3609449863434
0.05,2.0,18,1,20,6,50181,-4.443104928615033,-27.566039684876344,83.88196135750081,2000,False,True,False,True,385.3609449863434
0.05,2.0,18,1,20,7,50181,-3.51082072483294,-27.566039684876344,87.26396404791113,2000,False,True,False,False,385.3609449863434
0.05,0.0,16,3,60,0,50163,-8.695340768784892,-43.56603968487643,80.04101168781838,2000,False,True,False,False,493.4175992012024
0.05,0.0,16,3,60,1,50163,-8.668190213528886,-43.56603968487643,80.10333214534077,2000,False,True,False,False,493.4175992012024
0.05,0.0,16,3,60,2,50163,-8.284297076324993,-43.56603968487643,80.98450734506214,2000,False,True,False,False,493.4175992012024
0.05,0.0,16,3,60,3,50163,-8.717099621338852,-43.56603968487643,79.99106716058719,2000,False,True,False,True,493.4175992012024
0.05,0.0,16,3,60,4,50163,-8.543629206345562,-43.56603968487643,80.38924522829323,2000,False,True,False,False,493.4175992012024
0.05,0.0,16,3,60,5,50163,-8.689828687761546,-43.56603968487643,80.05366393039819,2000,False,True,False,False,493.4175992012024
0.05,0.0,16,3,60,6,50163,-8.535836520173596,-43.56603968487643,80.40713229406359,2000,False,True,False,False,493.4175992012024
0.05,0.0,16,3,60,7,50163,-8.361215152241373,-43.56603968487643,80.80795221984822,2000,False,True,False,False,493.4175992012024
0.05,3.0,19,1,20,0,50191,4.050536327716995,-19.566039684876287,120.70187116531244,2000,False,True,False,False,376.6992700099945
0.05,3.0,19,1,20,1,50191,7.908422280906719,-19.566039684876287,140.41912624259672,2000,False,True,False,False,376.6992700099945
0.05,3.0,19,1,20,2,50191,7.904741495643083,-19.566039684876287,140.40031413077995,2000,False,True,False,False,376.6992700099945
0.05,3.0,19,1,20,3,50191,4.4938550029057325,-19.566039684876287,122.96762694588261,2000,False,True,False,False,376.6992700099945
0.05,3.0,19,1,20,4,50191,4.162753335708927,-19.566039684876287,121.27540065722424,2000,False,True,False,False,376.6992700099945
0.05,3.0,19,1,20,5,50191,6.613556151172114,-19.566039684876287,133.80119971996228,2000,False,True,False,False,376.6992700099945
0.05,3.0,19,1,20,6,50191,6.373826795373248,-19.566039684876287,132.5759678403389,2000,False,True,False,False,376.6992700099945
0.05,3.0,19,1,20,7,50191,4.048159985013007,-19.566039684876287,120.68972592415858,2000,False,True,False,True,376.6992700099945
0.05,2.0,18,2,40,0,50182,3.5707568299031975,-27.566039684876344,112.95346328570453,2000,False,True,False,True,437.7438952922821
0.05,2.0,18,2,40,1,50182,4.228450166211128,-27.566039684876344,115.33934585652868,2000,False,True,False,False,437.7438952922821
0.05,2.0,18,2,40,2,50182,3.5709901437489115,-27.566039684876344,112.95430966715207,2000,False,True,False,False,437.7438952922821
0.05,2.0,18,2,40,3,50182,3.5719297444850833,-27.566039684876344,112.95771821167611,2000,False,True,False,False,437.7438952922821
0.05,2.0,18,2,40,4,50182,3.9973494168537456,-27.566039684876344,114.50099275249474,2000,False,True,False,False,437.7438952922821
0.05,2.0,18,2,40,5,50182,4.229052163593944,-27.566039684876344,115.3415296935604,2000,False,True,False,False,437.7438952922821
0.05,2.0,18,2,40,6,50182,3.997263473024601,-27.566039684876344,114.50068097818793,2000,False,True,False,False,437.7438952922821
0.05,2.0,18,2,40,7,50182,4.225434275536633,-27.566039684876344,115.32840525458161,2000,False,True,False,False,437.7438952922821
0.05,1.0,17,3,60,0,50173,3.501523174018864,-35.56603968487625,109.8451309312007,1470,True,False,False,False,473.58089232444763
0.05,1.0,17,3,60,1,50173,1.8108977636999024,-35.56603968487625,105.09164860564995,1956,True,False,False,True,473.58089232444763
0.05,1.0,17,3,60,2,50173,1.8113108419495667,-35.56603968487625,105.09281004575777,2000,False,True,False,False,473.58089232444763
0.05,1.0,17,3,60,3,50173,3.02573710258099,-35.56603968487625,108.50737706359706,2000,False,True,False,False,473.58089232444763
0.05,1.0,17,3,60,4,50173,2.7820426665058804,-35.56603968487625,107.82218850104046,2000,False,True,False,False,473.58089232444763
0.05,1.0,17,3,60,5,50173,1.8117958326165011,-35.56603968487625,105.09417367991898,2000,False,True,False,False,473.58089232444763
0.05,1.0,17,3,60,6,50173,2.455216216145919,-35.56603968487625,106.90326007027977,2000,False,True,False,False,473.58089232444763
0.05,1.0,17,3,60,7,50173,2.514229476465331,-35.56603968487625,107.06918593900816,2000,False,True,False,False,473.58089232444763
0.05,2.0,18,3,60,0,50183,12.083238356205456,-27.566039684876344,143.8337842299296,1806,True,False,False,False,435.29870438575745
0.05,2.0,18,3,60,1,50183,12.806780814026082,-27.566039684876344,146.45854450050842,1687,True,False,False,False,435.29870438575745
0.05,2.0,18,3,60,2,50183,11.592152631012175,-27.566039684876344,142.05229609885538,1876,True,False,False,True,435.29870438575745
0.05,2.0,18,3,60,3,50183,12.35390939050427,-27.566039684876344,144.81568455871462,2000,False,True,False,False,435.29870438575745
0.05,2.0,18,3,60,4,50183,12.083288953403756,-27.566039684876344,143.83396777895902,2000,False,True,False,False,435.29870438575745
0.05,2.0,18,3,60,5,50183,12.083243060662067,-27.566039684876344,143.8338012960612,2000,False,True,False,False,435.29870438575745
0.05,2.0,18,3,60,6,50183,12.73951744563754,-27.566039684876344,146.21453640519448,2000,False,True,False,False,435.29870438575745
0.05,2.0,18,3,60,7,50183,14.473374671923148,-27.566039684876344,152.5043671030617,866,True,False,False,False,435.29870438575745
0.05,3.0,19,2,40,0,50192,11.949484089836302,-19.566039684876287,161.07257412481252,2000,False,True,False,True,429.81072974205017
0.05,3.0,19,2,40,1,50192,11.949965298093774,-19.566039684876287,161.0750335303193,2000,False,True,False,False,429.81072974205017
0.05,3.0,19,2,40,2,50192,12.210240312354777,-19.566039684876287,162.40527213993525,2000,False,True,False,False,429.81072974205017
0.05,3.0,19,2,40,3,50192,11.949601414014788,-19.566039684876287,161.07317375652323,2000,False,True,False,False,429.81072974205017
0.05,3.0,19,2,40,4,50192,15.867069048774027,-19.566039684876287,181.0949446302033,2000,False,True,False,False,429.81072974205017
0.05,3.0,19,2,40,5,50192,12.746822302467589,-19.566039684876287,165.14768705248176,2000,False,True,False,False,429.81072974205017
0.05,3.0,19,2,40,6,50192,12.217219875036461,-19.566039684876287,162.44094396108096,2000,False,True,False,False,429.81072974205017
0.05,3.0,19,2,40,7,50192,11.949999717688263,-19.566039684876287,161.07520944529773,2000,False,True,False,False,429.81072974205017
0.05,4.0,20,1,20,0,50201,10.5216607352411,-11.56603968487638,190.97029771563987,2000,False,True,False,False,373.05890011787415
0.05,4.0,20,1,20,1,50201,10.497526953318816,-11.56603968487638,190.76163699356198,2000,False,True,False,True,373.05890011787415
0.05,4.0,20,1,20,2,50201,11.890736134121752,-11.56603968487638,202.80732608647315,2000,False,True,False,False,373.05890011787415
0.05,4.0,20,1,20,3,50201,14.687865403437227,-11.56603968487638,226.9913107996933,2000,False,True,False,False,373.05890011787415
0.05,4.0,20,1,20,4,50201,10.541002282706588,-11.56603968487638,191.1375247699511,2000,False,True,False,False,373.05890011787415
0.05,4.0,20,1,20,5,50201,10.500357577133292,-11.56603968487638,190.78611057217313,2000,False,True,False,False,373.05890011787415
0.05,4.0,20,1,20,6,50201,10.518901495866137,-11.56603968487638,190.9464413270217,2000,False,True,False,False,373.05890011787415
0.05,4.0,20,1,20,7,50201,12.390016718279158,-11.56603968487638,207.1241069186387,2000,False,True,False,False,373.05890011787415
0.05,3.0,19,3,60,0,50193,18.86790067697665,-19.566039684876287,196.43188392161306,2000,False,True,False,False,447.46150851249695
0.05,3.0,19,3,60,1,50193,18.86782571483751,-19.566039684876287,196.43150079789285,2000,False,True,False,True,447.46150851249695
0.05,3.0,19,3,60,2,50193,18.868022779394366,-19.566039684876287,196.43250797440905,2000,False,True,False,False,447.46150851249695
0.05,3.0,19,3,60,3,50193,21.702878760147776,-19.566039684876287,210.92116294194773,2000,False,True,False,False,447.46150851249695
0.05,3.0,19,3,60,4,50193,18.983757393344035,-19.566039684876287,197.02401558562548,1517,True,False,False,False,447.46150851249695
0.05,3.0,19,3,60,5,50193,21.714403646144135,-19.566039684876287,210.98006543924387,2000,False,True,False,False,447.46150851249695
0.05,3.0,19,3,60,6,50193,21.216140215374534,-19.566039684876287,208.4334927101968,2000,False,True,False,False,447.46150851249695
0.05,3.0,19,3,60,7,50193,18.954149330550404,-19.566039684876287,196.87269184678775,1430,True,False,False,False,447.46150851249695
0.05,5.0,21,1,20,0,50211,13.19547843022482,-3.566039684876202,470.0317325740281,2000,False,True,False,False,383.97593808174133
0.05,5.0,21,1,20,1,50211,13.160659530069564,-3.566039684876202,469.05533008745664,2000,False,True,False,False,383.97593808174133
0.05,5.0,21,1,20,2,50211,14.843351382411239,-3.566039684876202,516.2419012150319,2000,False,True,False,False,383.97593808174133
0.05,5.0,21,1,20,3,50211,13.179471231221468,-3.566039684876202,469.58285369387323,2000,False,True,False,False,383.97593808174133
0.05,5.0,21,1,20,4,50211,13.160067113992184,-3.566039684876202,469.03871737055687,2000,False,True,False,True,383.97593808174133
0.05,5.0,21,1,20,5,50211,15.875075498243794,-3.566039684876202,545.1738315075681,2000,False,True,False,False,383.97593808174133
0.05,5.0,21,1,20,6,50211,13.271427687094093,-3.566039684876202,472.1615253856835,2000,False,True,False,False,383.97593808174133
0.05,5.0,21,1,20,7,50211,16.995097406678518,-3.566039684876202,576.5818361123627,2000,False,True,False,False,383.97593808174133
0.05,4.0,20,2,40,0,50202,16.32423150697071,-11.56603968487638,241.1393350855962,2000,False,True,False,True,399.27210426330566
0.05,4.0,20,2,40,1,50202,18.215690452488023,-11.56603968487638,257.49289254390726,2000,False,True,False,False,399.27210426330566
0.05,4.0,20,2,40,2,50202,19.899453257468355,-11.56603968487638,272.05070879610287,968,True,False,False,False,399.27210426330566
0.05,4.0,20,2,40,3,50202,16.324307688827073,-11.56603968487638,241.13999375406388,2000,False,True,False,False,399.27210426330566
0.05,4.0,20,2,40,4,50202,20.8438473160774,-11.56603968487638,280.2159415321095,2000,False,True,False,False,399.27210426330566
0.05,4.0,20,2,40,5,50202,20.84301364300053,-11.56603968487638,280.2087335931815,2000,False,True,False,False,399.27210426330566
0.05,4.0,20,2,40,6,50202,16.32798346669579,-11.56603968487638,241.1717745361541,2000,False,True,False,False,399.27210426330566
0.05,4.0,20,2,40,7,50202,16.32464961473301,-11.56603968487638,241.14295004606402,2000,False,True,False,False,399.27210426330566
0.05,5.0,21,2,40,0,50212,20.699858775376065,-3.566039684876202,680.4719129505335,2000,False,True,False,True,376.2549545764923
0.05,5.0,21,2,40,1,50212,23.852184930633364,-3.566039684876202,768.8704287782319,2000,False,True,False,False,376.2549545764923
0.05,5.0,21,2,40,2,50212,20.70296283480577,-3.566039684876202,680.5589579557495,2000,False,True,False,False,376.2549545764923
0.05,5.0,21,2,40,3,50212,29.872267558348472,-3.566039684876202,937.6874683991496,1844,True,False,False,False,376.2549545764923
0.05,5.0,21,2,40,4,50212,20.700225093823494,-3.566039684876202,680.4821853669898,2000,False,True,False,False,376.2549545764923
0.05,5.0,21,2,40,5,50212,23.85222332319576,-3.566039684876202,768.8715053944726,1684,True,False,False,False,376.2549545764923
0.05,5.0,21,2,40,6,50212,22.84652698441172,-3.566039684876202,740.6694541652263,1474,True,False,False,False,376.2549545764923
0.05,5.0,21,2,40,7,50212,24.97014581500349,-3.566039684876202,800.2206375016925,1053,True,False,False,False,376.2549545764923
0.05,6.0,22,1,20,0,50221,15.81900952493773,0.9999999999999949,1481.9009524937812,2000,False,True,False,False,355.300852060318
0.05,6.0,22,1,20,1,50221,15.803211827122738,0.9999999999999949,1480.3211827122818,2000,False,True,False,False,355.300852060318
0.05,6.0,22,1,20,2,50221,20.262204115942478,0.9999999999999949,1926.2204115942582,1187,True,False,False,False,355.300852060318
0.05,6.0,22,1,20,3,50221,15.909180749997436,0.9999999999999949,1490.9180749997518,2000,False,True,False,False,355.300852060318
0.05,6.0,22,1,20,4,50221,15.809994954126125,0.9999999999999949,1480.9994954126207,2000,False,True,False,False,355.300852060318
0.05,6.0,22,1,20,5,50221,15.795524907018676,0.9999999999999949,1479.5524907018757,2000,False,True,False,False,355.300852060318
0.05,6.0,22,1,20,6,50221,15.782866358733942,0.9999999999999949,1478.2866358734025,2000,False,True,False,True,355.300852060318
0.05,6.0,22,1,20,7,50221,15.795073341341796,0.9999999999999949,1479.5073341341879,2000,False,True,False,False,355.300852060318
0.05,4.0,20,3,60,0,50203,27.927467267254336,-11.56603968487638,341.4609324207314,2000,False,True,False,False,458.9452269077301
0.05,4.0,20,3,60,1,50203,25.10154999856233,-11.56603968487638,317.0280466129199,1953,True,False,False,False,458.9452269077301
0.05,4.0,20,3,60,2,50203,25.10155188660783,-11.56603968487638,317.0280629369648,1461,True,False,False,False,458.9452269077301
0.05,4.0,20,3,60,3,50203,28.417735264287867,-11.56603968487638,345.6997904083501,2000,False,True,False,False,458.9452269077301
0.05,4.0,20,3,60,4,50203,27.90183693598345,-11.56603968487638,341.2393325302832,2000,False,True,False,False,458.9452269077301
0.05,4.0,20,3,60,5,50203,25.01560540813468,-11.56603968487638,316.2849695288942,2000,False,True,False,True,458.9452269077301
0.05,4.0,20,3,60,6,50203,25.101551359039775,-11.56603968487638,317.0280583756104,1646,True,False,False,False,458.9452269077301
0.05,4.0,20,3,60,7,50203,25.10150643856991,-11.56603968487638,317.02766999314684,2000,False,True,False,False,458.9452269077301
0.05,6.0,22,2,40,0,50222,31.257178452264718,0.9999999999999949,3025.7178452264875,2000,False,True,False,False,386.9869930744171
0.05,6.0,22,2,40,1,50222,40.23283513454238,0.9999999999999949,3923.2835134542584,722,True,False,False,False,386.9869930744171
0.05,6.0,22,2,40,2,50222,34.107786501260435,0.9999999999999949,3310.778650126061,1239,True,False,False,False,386.9869930744171
0.05,6.0,22,2,40,3,50222,25.07451979930411,0.9999999999999949,2407.451979930424,2000,False,True,False,True,386.9869930744171
0.05,6.0,22,2,40,4,50222,25.07452380229552,0.9999999999999949,2407.452380229565,2000,False,True,False,False,386.9869930744171
0.05,6.0,22,2,40,5,50222,25.075290505753884,0.9999999999999949,2407.529050575401,2000,False,True,False,False,386.9869930744171
0.05,6.0,22,2,40,6,50222,28.666778583672308,0.9999999999999949,2766.6778583672453,2000,False,True,False,False,386.9869930744171
0.05,6.0,22,2,40,7,50222,28.66653775036072,0.9999999999999949,2766.6537750360867,2000,False,True,False,False,386.9869930744171
0.05,5.0,21,3,60,0,50213,31.2787293700312,-3.566039684876202,977.1279103450884,2000,False,True,False,False,456.94240617752075
0.05,5.0,21,3,60,1,50213,31.24890825680535,-3.566039684876202,976.2916573624778,2000,False,True,False,True,456.94240617752075
0.05,5.0,21,3,60,2,50213,35.14317785756101,-3.566039684876202,1085.4959833062271,2000,False,True,False,False,456.94240617752075
0.05,5.0,21,3,60,3,50213,38.68638963633288,-3.566039684876202,1184.8558360246043,1312,True,False,False,False,456.94240617752075
0.05,5.0,21,3,60,4,50213,35.13155169847581,-3.566039684876202,1085.169958917477,2000,False,True,False,False,456.94240617752075
0.05,5.0,21,3,60,5,50213,31.27893628871995,-3.566039684876202,977.1337128236648,2000,False,True,False,False,456.94240617752075
0.05,5.0,21,3,60,6,50213,34.641546337799916,-3.566039684876202,1071.4290753610198,2000,False,True,False,False,456.94240617752075
0.05,5.0,21,3,60,7,50213,31.279468012979184,-3.566039684876202,977.1486236016207,2000,False,True,False,False,456.94240617752075
0.05,7.0,23,1,20,0,50231,18.446649617026853,0.9999999999999978,1744.6649617026897,2000,False,True,False,False,382.25556230545044
0.05,7.0,23,1,20,1,50231,20.74952241130576,0.9999999999999978,1974.952241130581,2000,False,True,False,False,382.25556230545044
0.05,7.0,23,1,20,2,50231,18.461748131341654,0.9999999999999978,1746.1748131341697,2000,False,True,False,False,382.25556230545044
0.05,7.0,23,1,20,3,50231,21.308253500541838,0.9999999999999978,2030.8253500541887,2000,False,True,False,False,382.25556230545044
0.05,7.0,23,1,20,4,50231,21.274933124354902,0.9999999999999978,2027.4933124354952,2000,False,True,False,False,382.25556230545044
0.05,7.0,23,1,20,5,50231,18.431615779554384,0.9999999999999978,1743.1615779554427,2000,False,True,False,True,382.25556230545044
0.05,7.0,23,1,20,6,50231,18.445163589588358,0.9999999999999978,1744.51635895884,2000,False,True,False,False,382.25556230545044
0.05,7.0,23,1,20,7,50231,18.448216175598834,0.9999999999999978,1744.8216175598877,2000,False,True,False,False,382.25556230545044
0.05,7.0,23,2,40,0,50232,47.02066264335885,0.9999999999999978,4602.066264335895,1385,True,False,False,False,389.0053060054779
0.05,7.0,23,2,40,1,50232,29.449885580622695,0.9999999999999978,2844.9885580622763,2000,False,True,False,True,389.0053060054779
0.05,7.0,23,2,40,2,50232,33.48118699906411,0.9999999999999978,3248.118699906418,2000,False,True,False,False,389.0053060054779
0.05,7.0,23,2,40,3,50232,29.450390611085698,0.9999999999999978,2845.039061108577,2000,False,True,False,False,389.0053060054779
0.05,7.0,23,2,40,4,50232,33.4812285639161,0.9999999999999978,3248.122856391617,2000,False,True,False,False,389.0053060054779
0.05,7.0,23,2,40,5,50232,35.11145148740332,0.9999999999999978,3411.14514874034,1311,True,False,False,False,389.0053060054779
0.05,7.0,23,2,40,6,50232,29.450176855044205,0.9999999999999978,2845.0176855044274,2000,False,True,False,False,389.0053060054779
0.05,7.0,23,2,40,7,50232,33.48119009967443,0.9999999999999978,3248.11900996745,2000,False,True,False,False,389.0053060054779
0.05,8.0,24,1,20,0,50241,21.097482168596244,1.0000000000000138,2009.7482168595952,2000,False,True,False,False,383.53545665740967
0.05,8.0,24,1,20,1,50241,23.70305715123745,1.0000000000000138,2270.305715123712,2000,False,True,False,False,383.53545665740967
0.05,8.0,24,1,20,2,50241,21.07524211424027,1.0000000000000138,2007.524211423998,2000,False,True,False,False,383.53545665740967
0.05,8.0,24,1,20,3,50241,21.07448479618944,1.0000000000000138,2007.448479618915,2000,False,True,False,True,383.53545665740967
0.05,8.0,24,1,20,4,50241,21.081595071435164,1.0000000000000138,2008.1595071434872,2000,False,True,False,False,383.53545665740967
0.05,8.0,24,1,20,5,50241,27.749011632214373,1.0000000000000138,2674.9011632213987,2000,False,True,False,False,383.53545665740967
0.05,8.0,24,1,20,6,50241,24.250581292811248,1.0000000000000138,2325.058129281091,2000,False,True,False,False,383.53545665740967
0.05,8.0,24,1,20,7,50241,21.088756432184706,1.0000000000000138,2008.8756432184414,2000,False,True,False,False,383.53545665740967
0.05,6.0,22,3,60,0,50223,37.42636934452692,0.9999999999999949,3642.636934452711,2000,False,True,False,False,480.1363227367401
0.05,6.0,22,3,60,1,50223,37.311703632445514,0.9999999999999949,3631.1703632445706,2000,False,True,False,False,480.1363227367401
0.05,6.0,22,3,60,2,50223,37.39628608727219,0.9999999999999949,3639.628608727238,2000,False,True,False,False,480.1363227367401
0.05,6.0,22,3,60,3,50223,37.396247335864004,0.9999999999999949,3639.6247335864196,2000,False,True,False,False,480.1363227367401
0.05,6.0,22,3,60,4,50223,41.33404119844874,0.9999999999999949,4033.404119844895,1738,True,False,False,False,480.1363227367401
0.05,6.0,22,3,60,5,50223,41.126471615958756,0.9999999999999949,4012.647161595897,2000,False,True,False,False,480.1363227367401
0.05,6.0,22,3,60,6,50223,37.31039276523277,0.9999999999999949,3631.0392765232964,2000,False,True,False,True,480.1363227367401
0.05,6.0,22,3,60,7,50223,41.858176051918605,0.9999999999999949,4085.8176051918817,2000,False,True,False,False,480.1363227367401
0.05,8.0,24,2,40,0,50242,33.82303678394263,1.0000000000000138,3282.3036783942157,2000,False,True,False,True,417.13156485557556
0.05,8.0,24,2,40,1,50242,36.73914203919229,1.0000000000000138,3573.9142039191784,2000,False,True,False,False,417.13156485557556
0.05,8.0,24,2,40,2,50242,33.823508428748795,1.0000000000000138,3282.350842874833,2000,False,True,False,False,417.13156485557556
0.05,8.0,24,2,40,3,50242,34.86276748338006,1.0000000000000138,3386.276748337958,2000,False,True,False,False,417.13156485557556
0.05,8.0,24,2,40,4,50242,36.739123336607996,1.0000000000000138,3573.912333660749,2000,False,True,False,False,417.13156485557556
0.05,8.0,24,2,40,5,50242,34.87092113313119,1.0000000000000138,3387.0921133130705,2000,False,True,False,False,417.13156485557556
0.05,8.0,24,2,40,6,50242,33.8230716950429,1.0000000000000138,3282.307169504243,2000,False,True,False,False,417.13156485557556
0.05,8.0,24,2,40,7,50242,40.182158707027085,1.0000000000000138,3918.215870702653,1390,True,False,False,False,417.13156485557556
0.05,9.0,25,1,20,0,50251,23.733709376579657,1.000000000000004,2273.3709376579563,2000,False,True,False,False,380.9959237575531
0.05,9.0,25,1,20,1,50251,27.65459447027756,1.000000000000004,2665.459447027745,2000,False,True,False,False,380.9959237575531
0.05,9.0,25,1,20,2,50251,23.727874434853256,1.000000000000004,2272.787443485316,2000,False,True,False,False,380.9959237575531
0.05,9.0,25,1,20,3,50251,23.695424626833137,1.000000000000004,2269.542462683304,2000,False,True,False,True,380.9959237575531
0.05,9.0,25,1,20,4,50251,26.654479723865553,1.000000000000004,2565.4479723865447,2000,False,True,False,False,380.9959237575531
0.05,9.0,25,1,20,5,50251,54.181431293229565,1.000000000000004,5318.143129322934,2000,False,True,False,False,380.9959237575531
0.05,9.0,25,1,20,6,50251,27.680082035080993,1.000000000000004,2668.008203508088,2000,False,True,False,False,380.9959237575531
0.05,9.0,25,1,20,7,50251,27.664416662417814,1.000000000000004,2666.4416662417702,2000,False,True,False,False,380.9959237575531
0.05,7.0,23,3,60,0,50233,48.100065194174526,0.9999999999999978,4710.006519417463,2000,False,True,False,False,488.7734544277191
0.05,7.0,23,3,60,1,50233,48.04881665817381,0.9999999999999978,4704.881665817392,2000,False,True,False,False,488.7734544277191
0.05,7.0,23,3,60,2,50233,43.54441535938649,0.9999999999999978,4254.4415359386585,2000,False,True,False,False,488.7734544277191
0.05,7.0,23,3,60,3,50233,43.54374437015679,0.9999999999999978,4254.374437015688,2000,False,True,False,False,488.7734544277191
0.05,7.0,23,3,60,4,50233,48.08484547538166,0.9999999999999978,4708.484547538177,2000,False,True,False,False,488.7734544277191
0.05,7.0,23,3,60,5,50233,43.54362657217315,0.9999999999999978,4254.362657217324,2000,False,True,False,True,488.7734544277191
0.05,7.0,23,3,60,6,50233,48.06987601977026,0.9999999999999978,4706.987601977037,2000,False,True,False,False,488.7734544277191
0.05,7.0,23,3,60,7,50233,48.081252939691275,0.9999999999999978,4708.1252939691385,2000,False,True,False,False,488.7734544277191
0.05,9.0,25,2,40,0,50252,43.11033538974351,1.000000000000004,4211.033538974333,2000,False,True,False,False,426.33531975746155
0.05,9.0,25,2,40,1,50252,45.25281482002786,1.000000000000004,4425.281482002767,1733,True,False,False,False,426.33531975746155
0.05,9.0,25,2,40,2,50252,43.11026950630535,1.000000000000004,4211.026950630518,2000,False,True,False,False,426.33531975746155
0.05,9.0,25,2,40,3,50252,38.20176025310191,1.000000000000004,3720.176025310175,2000,False,True,False,True,426.33531975746155
0.05,9.0,25,2,40,4,50252,50.639211958891785,1.000000000000004,4963.921195889158,2000,False,True,False,False,426.33531975746155
0.05,9.0,25,2,40,5,50252,41.36997378487019,1.000000000000004,4036.997378487002,2000,False,True,False,False,426.33531975746155
0.05,9.0,25,2,40,6,50252,41.36996689463713,1.000000000000004,4036.996689463696,2000,False,True,False,False,426.33531975746155
0.05,9.0,25,2,40,7,50252,39.2399914843045,1.000000000000004,3823.9991484304333,2000,False,True,False,False,426.33531975746155
0.05,10.0,26,1,20,0,50261,30.131969542202633,1.0000000000000429,2913.196954220134,2000,False,True,False,False,373.63364696502686
0.05,10.0,26,1,20,1,50261,26.47824897784618,1.0000000000000429,2547.8248977845046,2000,False,True,False,False,373.63364696502686
0.05,10.0,26,1,20,2,50261,26.347298144857856,1.0000000000000429,2534.7298144856727,2000,False,True,False,True,373.63364696502686
0.05,10.0,26,1,20,3,50261,26.348522423870282,1.0000000000000429,2534.8522423869153,2000,False,True,False,False,373.63364696502686
0.05,10.0,26,1,20,4,50261,30.197090089936736,1.0000000000000429,2919.7090089935446,2000,False,True,False,False,373.63364696502686
0.05,10.0,26,1,20,5,50261,30.178717811303287,1.0000000000000429,2917.8717811301995,2000,False,True,False,False,373.63364696502686
0.05,10.0,26,1,20,6,50261,29.607017708201887,1.0000000000000429,2860.701770820062,2000,False,True,False,False,373.63364696502686
0.05,10.0,26,1,20,7,50261,26.444637101564684,1.0000000000000429,2544.463710156355,2000,False,True,False,False,373.63364696502686
0.05,8.0,24,3,60,0,50243,49.62473990347271,1.0000000000000138,4862.473990347203,2000,False,True,False,False,478.7153353691101
0.05,8.0,24,3,60,1,50243,49.72089676858753,1.0000000000000138,4872.0896768586845,2000,False,True,False,False,478.7153353691101
0.05,8.0,24,3,60,2,50243,54.55501990682065,1.0000000000000138,5355.501990681989,2000,False,True,False,False,478.7153353691101
0.05,8.0,24,3,60,3,50243,49.60555508159412,1.0000000000000138,4860.555508159344,2000,False,True,False,False,478.7153353691101
0.05,8.0,24,3,60,4,50243,54.55495636376128,1.0000000000000138,5355.495636376052,2000,False,True,False,False,478.7153353691101
0.05,8.0,24,3,60,5,50243,49.60477846756275,1.0000000000000138,4860.477846756207,2000,False,True,False,True,478.7153353691101
0.05,8.0,24,3,60,6,50243,54.55508345309498,1.0000000000000138,5355.508345309423,2000,False,True,False,False,478.7153353691101
0.05,8.0,24,3,60,7,50243,55.37256721569875,1.0000000000000138,5437.256721569799,2000,False,True,False,False,478.7153353691101
0.05,11.0,27,1,20,0,50271,28.98618309253539,0.9999999999999576,2798.618309253662,2000,False,True,False,True,381.316344499588
0.05,11.0,27,1,20,1,50271,28.99015179262437,0.9999999999999576,2799.01517926256,2000,False,True,False,False,381.316344499588
0.05,11.0,27,1,20,2,50271,29.031560837074203,0.9999999999999576,2803.1560837075435,2000,False,True,False,False,381.316344499588
0.05,11.0,27,1,20,3,50271,29.08058009910298,0.9999999999999576,2808.0580099104213,2000,False,True,False,False,381.316344499588
0.05,11.0,27,1,20,4,50271,29.113245776669146,0.9999999999999576,2811.3245776670383,2000,False,True,False,False,381.316344499588
0.05,11.0,27,1,20,5,50271,28.995185108678342,0.9999999999999576,2799.518510867957,2000,False,True,False,False,381.316344499588
0.05,11.0,27,1,20,6,50271,36.59776001335432,0.9999999999999576,3559.7760013355864,2000,False,True,False,False,381.316344499588
0.05,11.0,27,1,20,7,50271,29.1094959007492,0.9999999999999576,2810.9495900750435,2000,False,True,False,False,381.316344499588
0.05,9.0,25,3,60,0,50253,55.868596218351286,1.000000000000004,5486.859621835106,2000,False,True,False,False,487.3670802116394
0.05,9.0,25,3,60,1,50253,61.26935764945957,1.000000000000004,6026.9357649459325,2000,False,True,False,False,487.3670802116394
0.05,9.0,25,3,60,2,50253,55.8384999804885,1.000000000000004,5483.849998048827,2000,False,True,False,False,487.3670802116394
0.05,9.0,25,3,60,3,50253,55.8384935123321,1.000000000000004,5483.849351233187,2000,False,True,False,False,487.3670802116394
0.05,9.0,25,3,60,4,50253,55.83840190083666,1.000000000000004,5483.840190083643,2000,False,True,False,False,487.3670802116394
0.05,9.0,25,3,60,5,50253,55.86954678236258,1.000000000000004,5486.954678236236,2000,False,True,False,False,487.3670802116394
0.05,9.0,25,3,60,6,50253,55.839224848565046,1.000000000000004,5483.922484856482,2000,False,True,False,False,487.3670802116394
0.05,9.0,25,3,60,7,50253,55.752523753397234,1.000000000000004,5475.252375339701,2000,False,True,False,True,487.3670802116394
0.05,10.0,26,2,40,0,50262,42.5760524229072,1.0000000000000429,4157.605242290538,2000,False,True,False,True,426.09959292411804
0.05,10.0,26,2,40,1,50262,43.61675861367777,1.0000000000000429,4261.67586136759,2000,False,True,False,False,426.09959292411804
0.05,10.0,26,2,40,2,50262,48.01546911336569,1.0000000000000429,4701.546911336363,2000,False,True,False,False,426.09959292411804
0.05,10.0,26,2,40,3,50262,47.929182503327624,1.0000000000000429,4692.918250332557,2000,False,True,False,False,426.09959292411804
0.05,10.0,26,2,40,4,50262,47.924700556677884,1.0000000000000429,4692.470055667583,2000,False,True,False,False,426.09959292411804
0.05,10.0,26,2,40,5,50262,47.92472800417433,1.0000000000000429,4692.4728004172275,2000,False,True,False,False,426.09959292411804
0.05,10.0,26,2,40,6,50262,47.92727354563124,1.0000000000000429,4692.727354562919,2000,False,True,False,False,426.09959292411804
0.05,10.0,26,2,40,7,50262,50.32409352001287,1.0000000000000429,4932.409352001072,2000,False,True,False,False,426.09959292411804
0.05,11.0,27,2,40,0,50272,46.9498674160334,0.9999999999999576,4594.986741603539,2000,False,True,False,False,407.32843041419983
0.05,11.0,27,2,40,1,50272,46.94813120314844,0.9999999999999576,4594.813120315043,2000,False,True,False,True,407.32843041419983
0.05,11.0,27,2,40,2,50272,55.39460869422509,0.9999999999999576,5439.4608694227445,2000,False,True,False,False,407.32843041419983
0.05,11.0,27,2,40,3,50272,64.71123431546569,0.9999999999999576,6371.123431546843,2000,False,True,False,False,407.32843041419983
0.05,11.0,27,2,40,4,50272,59.13260967390394,0.9999999999999576,5813.260967390645,1087,True,False,False,False,407.32843041419983
0.05,11.0,27,2,40,5,50272,46.95137195222345,0.9999999999999576,4595.137195222544,2000,False,True,False,False,407.32843041419983
0.05,11.0,27,2,40,6,50272,52.74198702205316,0.9999999999999576,5174.19870220554,2000,False,True,False,False,407.32843041419983
0.05,11.0,27,2,40,7,50272,47.99350684154379,0.9999999999999576,4699.350684154582,2000,False,True,False,False,407.32843041419983
0.05,12.0,28,1,20,0,50281,31.73266344212101,0.9999999999999709,3073.2663442121934,2000,False,True,False,False,376.37959027290344
0.05,12.0,28,1,20,1,50281,36.041157608698384,0.9999999999999709,3504.1157608699427,2000,False,True,False,False,376.37959027290344
0.05,12.0,28,1,20,2,50281,31.623614352972893,0.9999999999999709,3062.3614352973814,2000,False,True,False,True,376.37959027290344
0.05,12.0,28,1,20,3,50281,35.57466674001211,0.9999999999999709,3457.466674001315,2000,False,True,False,False,376.37959027290344
0.05,12.0,28,1,20,4,50281,31.706639917522836,0.9999999999999709,3070.6639917523758,2000,False,True,False,False,376.37959027290344
0.05,12.0,28,1,20,5,50281,40.82489196368957,0.9999999999999709,3982.489196369076,2000,False,True,False,False,376.37959027290344
0.05,12.0,28,1,20,6,50281,31.636225503797043,0.9999999999999709,3063.6225503797964,2000,False,True,False,False,376.37959027290344
0.05,12.0,28,1,20,7,50281,36.56829341993237,0.9999999999999709,3556.8293419933434,2000,False,True,False,False,376.37959027290344
0.05,10.0,26,3,60,0,50263,61.900294998493784,1.0000000000000429,6090.029499849114,2000,False,True,False,False,493.2220859527588
0.05,10.0,26,3,60,1,50263,68.19101961550548,1.0000000000000429,6719.1019615502555,2000,False,True,False,False,493.2220859527588
0.05,10.0,26,3,60,2,50263,61.88934865228437,1.0000000000000429,6088.9348652281715,2000,False,True,False,True,493.2220859527588
0.05,10.0,26,3,60,3,50263,68.2135456842971,1.0000000000000429,6721.354568429418,2000,False,True,False,False,493.2220859527588
0.05,10.0,26,3,60,4,50263,62.01861676544016,1.0000000000000429,6101.86167654375,2000,False,True,False,False,493.2220859527588
0.05,10.0,26,3,60,5,50263,61.98730352690319,1.0000000000000429,6098.730352690053,2000,False,True,False,False,493.2220859527588
0.05,10.0,26,3,60,6,50263,61.956525425167044,1.0000000000000429,6095.652542516438,2000,False,True,False,False,493.2220859527588
0.05,10.0,26,3,60,7,50263,68.21392355028541,1.0000000000000429,6721.392355028249,2000,False,True,False,False,493.2220859527588
0.05,13.0,29,1,20,0,50291,34.27371679958471,0.9999999999999853,3327.371679958522,2000,False,True,False,False,399.42413878440857
0.05,13.0,29,1,20,1,50291,34.44938589561266,0.9999999999999853,3344.9385895613163,2000,False,True,False,False,399.42413878440857
0.05,13.0,29,1,20,2,50291,38.49337341170293,0.9999999999999853,3749.3373411703496,2000,False,True,False,False,399.42413878440857
0.05,13.0,29,1,20,3,50291,43.13199609287194,0.9999999999999853,4213.199609287257,2000,False,True,False,False,399.42413878440857
0.05,13.0,29,1,20,4,50291,34.25917707657918,0.9999999999999853,3325.917707657968,2000,False,True,False,True,399.42413878440857
0.05,13.0,29,1,20,5,50291,34.26904245452014,0.9999999999999853,3326.9042454520645,2000,False,True,False,False,399.42413878440857
0.05,13.0,29,1,20,6,50291,34.38908330435597,0.9999999999999853,3338.9083304356477,2000,False,True,False,False,399.42413878440857
0.05,13.0,29,1,20,7,50291,39.014929142068056,0.9999999999999853,3801.492914206862,2000,False,True,False,False,399.42413878440857
0.05,11.0,27,3,60,0,50273,68.08997708870373,0.9999999999999576,6708.997708870662,2000,False,True,False,False,511.75366020202637
0.05,11.0,27,3,60,1,50273,68.05242102913239,0.9999999999999576,6705.242102913528,2000,False,True,False,False,511.75366020202637
0.05,11.0,27,3,60,2,50273,68.04714997392627,0.9999999999999576,6704.714997392915,2000,False,True,False,True,511.75366020202637
0.05,11.0,27,3,60,3,50273,68.07417452491951,0.9999999999999576,6707.41745249224,2000,False,True,False,False,511.75366020202637
0.05,11.0,27,3,60,4,50273,68.13623674566506,0.9999999999999576,6713.623674566795,2000,False,True,False,False,511.75366020202637
0.05,11.0,27,3,60,5,50273,68.16594694143717,0.9999999999999576,6716.594694144005,2000,False,True,False,False,511.75366020202637
0.05,11.0,27,3,60,6,50273,75.46962705232023,0.9999999999999576,7446.962705232343,2000,False,True,False,False,511.75366020202637
0.05,11.0,27,3,60,7,50273,68.04927102279349,0.9999999999999576,6704.927102279637,2000,False,True,False,False,511.75366020202637
0.05,12.0,28,2,40,0,50282,51.32246553713452,0.9999999999999709,5032.246553713601,2000,False,True,False,True,464.50976395606995
0.05,12.0,28,2,40,1,50282,51.32261998700229,0.9999999999999709,5032.261998700378,2000,False,True,False,False,464.50976395606995
0.05,12.0,28,2,40,2,50282,61.15275877571456,0.9999999999999709,6015.275877571634,2000,False,True,False,False,464.50976395606995
0.05,12.0,28,2,40,3,50282,67.17062297273006,0.9999999999999709,6617.062297273201,2000,False,True,False,False,464.50976395606995
0.05,12.0,28,2,40,4,50282,57.55662766184094,0.9999999999999709,5655.662766184262,2000,False,True,False,False,464.50976395606995
0.05,12.0,28,2,40,5,50282,61.572603577454935,0.9999999999999709,6057.260357745672,2000,False,True,False,False,464.50976395606995
0.05,12.0,28,2,40,6,50282,64.45977651323706,0.9999999999999709,6345.977651323894,2000,False,True,False,False,464.50976395606995
0.05,12.0,28,2,40,7,50282,51.32532741672256,0.9999999999999709,5032.532741672405,2000,False,True,False,False,464.50976395606995
0.05,12.0,28,3,60,0,50283,81.61945358049492,0.9999999999999709,8061.945358049729,1165,True,False,False,False,500.03642082214355
0.05,12.0,28,3,60,1,50283,74.19473920460241,0.9999999999999709,7319.4739204604575,2000,False,True,False,False,500.03642082214355
0.05,12.0,28,3,60,2,50283,88.68669284235186,0.9999999999999709,8768.669284235442,981,True,False,False,False,500.03642082214355
0.05,12.0,28,3,60,3,50283,74.22793154488953,0.9999999999999709,7322.793154489169,2000,False,True,False,False,500.03642082214355
0.05,12.0,28,3,60,4,50283,74.28080163830242,0.9999999999999709,7328.080163830458,2000,False,True,False,False,500.03642082214355
0.05,12.0,28,3,60,5,50283,81.61946412960113,0.9999999999999709,8061.94641296035,2000,False,True,False,False,500.03642082214355
0.05,12.0,28,3,60,6,50283,74.28719945170683,0.9999999999999709,7328.719945170898,2000,False,True,False,False,500.03642082214355
0.05,12.0,28,3,60,7,50283,74.18418882147179,0.9999999999999709,7318.418882147395,2000,False,True,False,True,500.03642082214355
0.05,13.0,29,2,40,0,50292,55.702469297465136,0.9999999999999853,5470.246929746595,2000,False,True,False,True,503.4254517555237
0.05,13.0,29,2,40,1,50292,66.2131137163365,0.9999999999999853,6521.311371633746,2000,False,True,False,False,503.4254517555237
0.05,13.0,29,2,40,2,50292,56.73827835618517,0.9999999999999853,5573.8278356186,2000,False,True,False,False,503.4254517555237
0.05,13.0,29,2,40,3,50292,62.37159248353637,0.9999999999999853,6137.159248353729,2000,False,True,False,False,503.4254517555237
0.05,13.0,29,2,40,4,50292,66.23849687291967,0.9999999999999853,6523.849687292063,2000,False,True,False,False,503.4254517555237
0.05,13.0,29,2,40,5,50292,62.4357052275049,0.9999999999999853,6143.570522750581,2000,False,True,False,False,503.4254517555237
0.05,13.0,29,2,40,6,50292,62.36881879936072,0.9999999999999853,6136.881879936163,2000,False,True,False,False,503.4254517555237
0.05,13.0,29,2,40,7,50292,59.893539751108364,0.9999999999999853,5889.353975110924,2000,False,True,False,False,503.4254517555237
0.05,14.0,30,1,20,0,50301,41.981621932575166,1.000000000000024,4098.162193257416,2000,False,True,False,False,457.45802092552185
0.05,14.0,30,1,20,1,50301,41.954740909024686,1.000000000000024,4095.4740909023685,2000,False,True,False,False,457.45802092552185
0.05,14.0,30,1,20,2,50301,41.41788098242511,1.000000000000024,4041.788098242412,2000,False,True,False,False,457.45802092552185
0.05,14.0,30,1,20,3,50301,36.94181828869389,1.000000000000024,3594.1818288693007,2000,False,True,False,False,457.45802092552185
0.05,14.0,30,1,20,4,50301,36.907324995228684,1.000000000000024,3590.7324995227805,2000,False,True,False,True,457.45802092552185
0.05,14.0,30,1,20,5,50301,41.98366586630809,1.000000000000024,4098.366586630708,2000,False,True,False,False,457.45802092552185
0.05,14.0,30,1,20,6,50301,37.403531025515534,1.000000000000024,3640.353102551464,2000,False,True,False,False,457.45802092552185
0.05,14.0,30,1,20,7,50301,42.448397386748354,1.000000000000024,4144.839738674734,2000,False,True,False,False,457.45802092552185
0.05,13.0,29,3,60,0,50293,80.37667232145034,0.9999999999999853,7937.667232145152,2000,False,True,False,False,552.6028172969818
0.05,13.0,29,3,60,1,50293,80.34274882089314,0.9999999999999853,7934.274882089431,2000,False,True,False,True,552.6028172969818
0.05,13.0,29,3,60,2,50293,88.85719566092544,0.9999999999999853,8785.719566092675,2000,False,True,False,False,552.6028172969818
0.05,13.0,29,3,60,3,50293,80.35386593954547,0.9999999999999853,7935.386593954665,2000,False,True,False,False,552.6028172969818
0.05,13.0,29,3,60,4,50293,88.84546577414443,0.9999999999999853,8784.546577414574,2000,False,True,False,False,552.6028172969818
0.05,13.0,29,3,60,5,50293,80.45803632170177,0.9999999999999853,7945.803632170295,2000,False,True,False,False,552.6028172969818
0.05,13.0,29,3,60,6,50293,80.47275322812527,0.9999999999999853,7947.275322812645,2000,False,True,False,False,552.6028172969818
0.05,13.0,29,3,60,7,50293,88.12625031217779,0.9999999999999853,8712.625031217907,2000,False,True,False,False,552.6028172969818
0.05,15.0,31,1,20,0,50311,44.86900911340234,0.9999999999999767,4386.900911340339,2000,False,True,False,False,453.07587361335754
0.05,15.0,31,1,20,1,50311,39.60900759557976,0.9999999999999767,3860.9007595580683,2000,False,True,False,False,453.07587361335754
0.05,15.0,31,1,20,2,50311,39.58500805985601,0.9999999999999767,3858.500805985693,2000,False,True,False,False,453.07587361335754
0.05,15.0,31,1,20,3,50311,40.05997981805299,0.9999999999999767,3905.9979818053916,2000,False,True,False,False,453.07587361335754
0.05,15.0,31,1,20,4,50311,39.58381556507788,0.9999999999999767,3858.3815565078803,2000,False,True,False,False,453.07587361335754
0.05,15.0,31,1,20,5,50311,39.54752309852389,0.9999999999999767,3854.7523098524807,2000,False,True,False,True,453.07587361335754
0.05,15.0,31,1,20,6,50311,44.90556392445534,0.9999999999999767,4390.556392445639,2000,False,True,False,False,453.07587361335754
0.05,15.0,31,1,20,7,50311,39.581500206759195,0.9999999999999767,3858.150020676012,2000,False,True,False,False,453.07587361335754
0.05,14.0,30,2,40,0,50302,78.21270656540294,1.000000000000024,7721.270656540107,2000,False,True,False,False,505.8049669265747
0.05,14.0,30,2,40,1,50302,70.61591825215154,1.000000000000024,6961.591825214985,2000,False,True,False,False,505.8049669265747
0.05,14.0,30,2,40,2,50302,67.57007426705943,1.000000000000024,6657.007426705781,2000,False,True,False,False,505.8049669265747
0.05,14.0,30,2,40,3,50302,78.34645075197066,1.000000000000024,7734.645075196878,2000,False,True,False,False,505.8049669265747
0.05,14.0,30,2,40,4,50302,70.60611872648047,1.000000000000024,6960.611872647878,2000,False,True,False,False,505.8049669265747
0.05,14.0,30,2,40,5,50302,60.080311363023945,1.000000000000024,5908.031136302251,2000,False,True,False,True,505.8049669265747
0.05,14.0,30,2,40,6,50302,78.19177744644831,1.000000000000024,7719.177744644644,2000,False,True,False,False,505.8049669265747
0.05,14.0,30,2,40,7,50302,61.11605706211017,1.000000000000024,6011.605706210871,2000,False,True,False,False,505.8049669265747
0.05,16.0,32,1,20,0,50321,47.84786324243586,1.0000000000000222,4684.78632424348,2000,False,True,False,False,438.0532383918762
0.05,16.0,32,1,20,1,50321,42.20533076252986,1.0000000000000222,4120.533076252892,2000,False,True,False,False,438.0532383918762
0.05,16.0,32,1,20,2,50321,42.185868097137316,1.0000000000000222,4118.586809713638,2000,False,True,False,False,438.0532383918762
0.05,16.0,32,1,20,3,50321,42.1798491749822,1.0000000000000222,4117.984917498126,2000,False,True,False,False,438.0532383918762
0.05,16.0,32,1,20,4,50321,42.32066550927902,1.0000000000000222,4132.066550927808,2000,False,True,False,False,438.0532383918762
0.05,16.0,32,1,20,5,50321,42.16828640118402,1.0000000000000222,4116.828640118309,2000,False,True,False,True,438.0532383918762
0.05,16.0,32,1,20,6,50321,47.485726559603854,1.0000000000000222,4648.57265596028,2000,False,True,False,False,438.0532383918762
0.05,16.0,32,1,20,7,50321,42.27041318748262,1.0000000000000222,4127.041318748168,2000,False,True,False,False,438.0532383918762
0.05,15.0,31,2,40,0,50312,65.49507919377508,0.9999999999999767,6449.507919377662,2000,False,True,False,False,483.6138985157013
0.05,15.0,31,2,40,1,50312,76.3862936352952,0.9999999999999767,7538.6293635297,2000,False,True,False,False,483.6138985157013
0.05,15.0,31,2,40,2,50312,64.45058825113254,0.9999999999999767,6345.058825113404,2000,False,True,False,True,483.6138985157013
0.05,15.0,31,2,40,3,50312,71.99729675110072,0.9999999999999767,7099.729675110239,2000,False,True,False,False,483.6138985157013
0.05,15.0,31,2,40,4,50312,72.01198899271537,0.9999999999999767,7101.198899271706,2000,False,True,False,False,483.6138985157013
0.05,15.0,31,2,40,5,50312,72.02168271474888,0.9999999999999767,7102.168271475057,2000,False,True,False,False,483.6138985157013
0.05,15.0,31,2,40,6,50312,72.02929851209066,0.9999999999999767,7102.9298512092355,2000,False,True,False,False,483.6138985157013
0.05,15.0,31,2,40,7,50312,72.04581492700181,0.9999999999999767,7104.58149270035,2000,False,True,False,False,483.6138985157013
0.05,14.0,30,3,60,0,50303,95.04424327890422,1.000000000000024,9404.424327890192,2000,False,True,False,False,532.5333113670349
0.05,14.0,30,3,60,1,50303,86.4956660746782,1.000000000000024,8549.566607467612,2000,False,True,False,True,532.5333113670349
0.05,14.0,30,3,60,2,50303,94.84410665840015,1.000000000000024,9384.410665839787,2000,False,True,False,False,532.5333113670349
0.05,14.0,30,3,60,3,50303,86.6206218737406,1.000000000000024,8562.062187373853,2000,False,True,False,False,532.5333113670349
0.05,14.0,30,3,60,4,50303,86.5469073727746,1.000000000000024,8554.690737277253,2000,False,True,False,False,532.5333113670349
0.05,14.0,30,3,60,5,50303,95.61871378165878,1.000000000000024,9461.871378165648,2000,False,True,False,False,532.5333113670349
0.05,14.0,30,3,60,6,50303,94.84255479920348,1.000000000000024,9384.25547992012,2000,False,True,False,False,532.5333113670349
0.05,14.0,30,3,60,7,50303,86.58052571116525,1.000000000000024,8558.052571116317,2000,False,True,False,False,532.5333113670349
0.05,16.0,32,2,40,0,50322,73.78659562942556,1.0000000000000222,7278.659562942392,2000,False,True,False,False,472.1188659667969
0.05,16.0,32,2,40,1,50322,89.22176479091397,1.0000000000000222,8822.176479091198,2000,False,True,False,False,472.1188659667969
0.05,16.0,32,2,40,2,50322,76.83281263732594,1.0000000000000222,7583.281263732424,2000,False,True,False,False,472.1188659667969
0.05,16.0,32,2,40,3,50322,73.78886413800647,1.0000000000000222,7278.886413800483,2000,False,True,False,False,472.1188659667969
0.05,16.0,32,2,40,4,50322,73.78774002374143,1.0000000000000222,7278.774002373979,2000,False,True,False,False,472.1188659667969
0.05,16.0,32,2,40,5,50322,76.83466731338801,1.0000000000000222,7583.466731338631,2000,False,True,False,False,472.1188659667969
0.05,16.0,32,2,40,6,50322,68.82207839488923,1.0000000000000222,6782.207839488769,2000,False,True,False,True,472.1188659667969
0.05,16.0,32,2,40,7,50322,76.83232188981364,1.0000000000000222,7583.232188981194,2000,False,True,False,False,472.1188659667969
0.05,15.0,31,3,60,0,50313,92.73810647356818,0.9999999999999767,9173.810647357035,2000,False,True,False,False,515.0021002292633
0.05,15.0,31,3,60,1,50313,101.7871878349727,0.9999999999999767,10078.718783497507,2000,False,True,False,False,515.0021002292633
0.05,15.0,31,3,60,2,50313,101.76263805624687,0.9999999999999767,10076.263805624925,2000,False,True,False,False,515.0021002292633
0.05,15.0,31,3,60,3,50313,92.6454040510945,0.9999999999999767,9164.540405109667,2000,False,True,False,True,515.0021002292633
0.05,15.0,31,3,60,4,50313,102.28584209879018,0.9999999999999767,10128.584209879256,2000,False,True,False,False,515.0021002292633
0.05,15.0,31,3,60,5,50313,92.73675670807341,0.9999999999999767,9173.675670807559,2000,False,True,False,False,515.0021002292633
0.05,15.0,31,3,60,6,50313,92.8618698748045,0.9999999999999767,9186.186987480667,2000,False,True,False,False,515.0021002292633
0.05,15.0,31,3,60,7,50313,92.73036715169216,0.9999999999999767,9173.036715169432,2000,False,True,False,False,515.0021002292633
0.05,16.0,32,3,60,0,50323,108.51300589188226,1.0000000000000222,10751.300589187984,2000,False,True,False,False,489.1341824531555
0.05,16.0,32,3,60,1,50323,98.88711277995094,1.0000000000000222,9788.711277994873,2000,False,True,False,False,489.1341824531555
0.05,16.0,32,3,60,2,50323,99.22085902729181,1.0000000000000222,9822.08590272896,2000,False,True,False,False,489.1341824531555
0.05,16.0,32,3,60,3,50323,98.84658046064973,1.0000000000000222,9784.658046064753,2000,False,True,False,False,489.1341824531555
0.05,16.0,32,3,60,4,50323,98.9007578479049,1.0000000000000222,9790.07578479027,2000,False,True,False,False,489.1341824531555
0.05,16.0,32,3,60,5,50323,98.78764456415769,1.0000000000000222,9778.764456415549,2000,False,True,False,True,489.1341824531555
0.05,16.0,32,3,60,6,50323,98.93369233563799,1.0000000000000222,9793.369233563579,2000,False,True,False,False,489.1341824531555
0.05,16.0,32,3,60,7,50323,109.02457950078502,1.0000000000000222,10802.45795007826,2000,False,True,False,False,489.1341824531555
