p,K,K_index,restart,seed,energy,E_exact,err_pct,fidelity,Q_tot2,n_iter,converged,hit_maxiter,diverged,is_best,cell_time_s
0.005,-4.0,12,0,10012,-103.87376778617684,-107.56603968487642,3.432562832578375,,,2000,False,True,False,False,356.02345180511475
0.005,-4.0,12,1,10012,-93.31980586110039,-107.56603968487642,13.244174337468909,,,2000,False,True,False,False,356.02345180511475
0.005,-4.0,12,2,10012,-103.93262007759074,-107.56603968487642,3.377850126238799,,,1119,True,False,False,False,356.02345180511475
0.005,-4.0,12,3,10012,-103.8676233746854,-107.56603968487642,3.4382750550506804,,,2000,False,True,False,False,356.02345180511475
0.005,-4.0,12,4,10012,-97.44132546759514,-107.56603968487642,9.412556460145288,,,2000,False,True,False,False,356.02345180511475
0.005,-4.0,12,5,10012,-93.12310436471334,-107.56603968487642,13.427040135041546,,,2000,False,True,False,False,356.02345180511475
0.005,-4.0,12,6,10012,-104.0368524780206,-107.56603968487642,3.2809492821292428,0.8927932724475021,0.10700559083051313,2000,False,True,False,True,356.02345180511475
0.005,-4.0,12,7,10012,-103.9820229846985,-107.56603968487642,3.3319221481776076,,,2000,False,True,False,False,356.02345180511475
0.005,-13.0,3,0,10003,-304.005679701782,-311.0,2.2489775878514426,,,2000,False,True,False,False,369.0619442462921
0.005,-13.0,3,1,10003,-303.375485050267,-311.0,2.4516125240299025,,,2000,False,True,False,False,369.0619442462921
0.005,-13.0,3,2,10003,-304.1451933589842,-311.0,2.20411789100186,,,2000,False,True,False,False,369.0619442462921
0.005,-13.0,3,3,10003,-304.734471044265,-311.0,2.0146395356061166,,,2000,False,True,False,False,369.0619442462921
0.005,-13.0,3,4,10003,-305.18418634096565,-311.0,1.8700365463132949,0.9005707761546916,0.10602521944630143,2000,False,True,False,True,369.0619442462921
0.005,-13.0,3,5,10003,-304.0970557677042,-311.0,2.219596216172281,,,2000,False,True,False,False,369.0619442462921
0.005,-13.0,3,6,10003,-304.41172038110926,-311.0,2.118417883887697,,,2000,False,True,False,False,369.0619442462921
0.005,-13.0,3,7,10003,-304.7545089157838,-311.0,2.008196490101676,,,2000,False,True,False,False,369.0619442462921
0.005,-15.0,1,0,10001,-351.3643776081078,-358.99999999999966,2.1269143152902092,,,2000,False,True,False,False,369.45220136642456
0.005,-15.0,1,1,10001,-351.44774454003624,-358.99999999999966,2.10369232868062,,,2000,False,True,False,False,369.45220136642456
0.005,-15.0,1,2,10001,-351.6257836004457,-358.99999999999966,2.054099275641777,,,2000,False,True,False,False,369.45220136642456
0.005,-15.0,1,3,10001,-350.8822975571482,-358.99999999999966,2.261198452047761,,,2000,False,True,False,False,369.45220136642456
0.005,-15.0,1,4,10001,-352.14597226452946,-358.99999999999966,1.90919992631482,0.9005548676627179,0.10618021139201278,2000,False,True,False,True,369.45220136642456
0.005,-15.0,1,5,10001,-352.1222276153842,-358.99999999999966,1.9158140347118313,,,2000,False,True,False,False,369.45220136642456
0.005,-15.0,1,6,10001,-352.111831754009,-358.99999999999966,1.918709817824693,,,2000,False,True,False,False,369.45220136642456
0.005,-15.0,1,7,10001,-351.90189831524435,-358.99999999999966,1.977187098817636,,,2000,False,True,False,False,369.45220136642456
0.005,-14.0,2,0,10002,-327.9905920346653,-335.0000000000001,2.0923605866671,,,2000,False,True,False,False,369.70965933799744
0.005,-14.0,2,1,10002,-327.77194918548673,-335.0000000000001,2.1576271088099634,,,2000,False,True,False,False,369.70965933799744
0.005,-14.0,2,2,10002,-327.53839909065437,-335.0000000000001,2.2273435550285807,,,2000,False,True,False,False,369.70965933799744
0.005,-14.0,2,3,10002,-328.23031488648553,-335.0000000000001,2.0208015264222627,,,2000,False,True,False,False,369.70965933799744
0.005,-14.0,2,4,10002,-328.24399367603354,-335.0000000000001,2.016718305661663,0.9005818584154893,0.11522560580000624,2000,False,True,False,True,369.70965933799744
0.005,-14.0,2,5,10002,-327.9728120971394,-335.0000000000001,2.097668030704687,,,2000,False,True,False,False,369.70965933799744
0.005,-14.0,2,6,10002,-328.00018335064385,-335.0000000000001,2.0894975072705253,,,2000,False,True,False,False,369.70965933799744
0.005,-14.0,2,7,10002,-328.2230240801382,-335.0000000000001,2.022977886525943,,,2000,False,True,False,False,369.70965933799744
0.005,-16.0,0,0,10000,-374.97395995019406,-382.9999999999999,2.095571814570713,,,2000,False,True,False,False,369.7852063179016
0.005,-16.0,0,1,10000,-374.82461530715284,-382.9999999999999,2.134565193954843,,,2000,False,True,False,False,369.7852063179016
0.005,-16.0,0,2,10000,-375.05085309252894,-382.9999999999999,2.0754952761020755,,,2000,False,True,False,False,369.7852063179016
0.005,-16.0,0,3,10000,-374.8045700362943,-382.9999999999999,2.139798946137227,,,2000,False,True,False,False,369.7852063179016
0.005,-16.0,0,4,10000,-375.4996802037275,-382.9999999999999,1.9583080408021882,,,2000,False,True,False,False,369.7852063179016
0.005,-16.0,0,5,10000,-374.3859162857037,-382.9999999999999,2.24910801939849,,,2000,False,True,False,False,369.7852063179016
0.005,-16.0,0,6,10000,-374.47897778371026,-382.9999999999999,2.2248099781435053,,,2000,False,True,False,False,369.7852063179016
0.005,-16.0,0,7,10000,-375.6729060280702,-382.9999999999999,1.9130793660390828,0.9005878172006314,0.10611420312108323,2000,False,True,False,True,369.7852063179016
0.005,-11.0,5,0,10005,-257.10861821226615,-262.9999999999997,2.2400691208112438,,,2000,False,True,False,False,370.0179169178009
0.005,-11.0,5,1,10005,-257.78585390098175,-262.9999999999997,1.982565056660826,,,2000,False,True,False,False,370.0179169178009
0.005,-11.0,5,2,10005,-257.3526602522076,-262.9999999999997,2.1472774706433873,,,2000,False,True,False,False,370.0179169178009
0.005,-11.0,5,3,10005,-257.54481581022316,-262.9999999999997,2.0742145208275913,,,2000,False,True,False,False,370.0179169178009
0.005,-11.0,5,4,10005,-258.1676998495957,-262.9999999999997,1.837376483043357,0.900579812328834,0.10607419590676867,2000,False,True,False,True,370.0179169178009
0.005,-11.0,5,5,10005,-257.36786950662207,-262.9999999999997,2.141494484174012,,,2000,False,True,False,False,370.0179169178009
0.005,-11.0,5,6,10005,-257.45082366059165,-262.9999999999997,2.1099529807635244,,,2000,False,True,False,False,370.0179169178009
0.005,-11.0,5,7,10005,-257.51334233830016,-262.9999999999997,2.0861816204180834,,,2000,False,True,False,False,370.0179169178009
0.005,-10.0,6,0,10006,-233.7681288606205,-239.00000000000006,2.1890674223345448,,,2000,False,True,False,False,370.3491690158844
0.005,-10.0,6,1,10006,-234.1598243535598,-239.00000000000006,2.025178094744877,,,2000,False,True,False,False,370.3491690158844
0.005,-10.0,6,2,10006,-234.00814084145816,-239.00000000000006,2.0886439993899155,,,2000,False,True,False,False,370.3491690158844
0.005,-10.0,6,3,10006,-234.24222064485494,-239.00000000000006,1.990702659056534,,,2000,False,True,False,False,370.3491690158844
0.005,-10.0,6,4,10006,-234.09075832109718,-239.00000000000006,2.054076016277352,,,2000,False,True,False,False,370.3491690158844
0.005,-10.0,6,5,10006,-234.29417262252406,-239.00000000000006,1.9689654299062749,0.900535502246105,0.11524373676941921,2000,False,True,False,True,370.3491690158844
0.005,-10.0,6,6,10006,-234.1029637494618,-239.00000000000006,2.0489691424846286,,,2000,False,True,False,False,370.3491690158844
0.005,-10.0,6,7,10006,-234.27485339682198,-239.00000000000006,1.9770487879406167,,,2000,False,True,False,False,370.3491690158844
0.005,-12.0,4,0,10004,-280.63961671728225,-286.9999999999998,2.2161614225496606,,,2000,False,True,False,False,370.4719841480255
0.005,-12.0,4,1,10004,-280.88900350081707,-286.9999999999998,2.1292670728859613,,,2000,False,True,False,False,370.4719841480255
0.005,-12.0,4,2,10004,-280.835533544098,-286.9999999999998,2.147897719826409,,,2000,False,True,False,False,370.4719841480255
0.005,-12.0,4,3,10004,-280.2017300155155,-286.9999999999998,2.368735186231448,,,2000,False,True,False,False,370.4719841480255
0.005,-12.0,4,4,10004,-280.58066510982445,-286.9999999999998,2.2367020523258976,,,2000,False,True,False,False,370.4719841480255
0.005,-12.0,4,5,10004,-281.19081367061443,-286.9999999999998,2.024106734977472,0.9005474274865134,0.11530248509271446,2000,False,True,False,True,370.4719841480255
0.005,-12.0,4,6,10004,-280.91442644844847,-286.9999999999998,2.120408902979551,,,2000,False,True,False,False,370.4719841480255
0.005,-12.0,4,7,10004,-280.907186984682,-286.9999999999998,2.1229313642222127,,,2000,False,True,False,False,370.4719841480255
0.005,-8.0,8,0,10008,-186.92622409401557,-190.9999999999999,2.132866966483938,,,2000,False,True,False,False,370.54985785484314
0.005,-8.0,8,1,10008,-186.7187240622461,-190.9999999999999,2.241505726572659,,,2000,False,True,False,False,370.54985785484314
0.005,-8.0,8,2,10008,-187.3141464508774,-190.9999999999999,1.929766256085079,,,2000,False,True,False,False,370.54985785484314
0.005,-8.0,8,3,10008,-186.9065167146302,-190.9999999999999,2.143184966162148,,,2000,False,True,False,False,370.54985785484314
0.005,-8.0,8,4,10008,-187.63221178857714,-190.9999999999999,1.7632399012684559,0.9005828515098167,0.10606426437472966,2000,False,True,False,True,370.54985785484314
0.005,-8.0,8,5,10008,-186.76113140880935,-190.9999999999999,2.2193029273248905,,,2000,False,True,False,False,370.54985785484314
0.005,-8.0,8,6,10008,-187.1137130116678,-190.9999999999999,2.0347052294932335,,,2000,False,True,False,False,370.54985785484314
0.005,-8.0,8,7,10008,-186.97986886132148,-190.9999999999999,2.104780700878749,,,2000,False,True,False,False,370.54985785484314
0.005,-9.0,7,0,10007,-210.66616504254895,-214.99999999999991,2.0157371895120755,,,2000,False,True,False,False,371.1619236469269
0.005,-9.0,7,1,10007,-210.41805496978247,-214.99999999999991,2.13113722335695,,,2000,False,True,False,False,371.1619236469269
0.005,-9.0,7,2,10007,-210.66541058010787,-214.99999999999991,2.0160881022753685,,,2000,False,True,False,False,371.1619236469269
0.005,-9.0,7,3,10007,-210.96613357784625,-214.99999999999991,1.876216940536589,0.900502607172127,0.10618000193647391,2000,False,True,False,True,371.1619236469269
0.005,-9.0,7,4,10007,-210.28749845034633,-214.99999999999991,2.1918611858853874,,,2000,False,True,False,False,371.1619236469269
0.005,-9.0,7,5,10007,-210.80790585428278,-214.99999999999991,1.9498112305661102,,,2000,False,True,False,False,371.1619236469269
0.005,-9.0,7,6,10007,-210.57273694621668,-214.99999999999991,2.0591921180387147,,,2000,False,True,False,False,371.1619236469269
0.005,-9.0,7,7,10007,-210.7585119043805,-214.99999999999991,1.9727851607532179,,,2000,False,True,False,False,371.1619236469269
0.005,-7.0,9,0,10009,-163.91966352658716,-167.00000000000009,1.8445128583310932,,,2000,False,True,False,False,372.0076115131378
0.005,-7.0,9,1,10009,-163.59217687594378,-167.00000000000009,2.040612649135512,,,2000,False,True,False,False,372.0076115131378
0.005,-7.0,9,2,10009,-163.79780554606666,-167.00000000000009,1.9174817089421727,,,2000,False,True,False,False,372.0076115131378
0.005,-7.0,9,3,10009,-163.19509856206142,-167.00000000000009,2.278384094574051,,,2000,False,True,False,False,372.0076115131378
0.005,-7.0,9,4,10009,-163.44162564849935,-167.00000000000009,2.130763084730976,,,2000,False,True,False,False,372.0076115131378
0.005,-7.0,9,5,10009,-163.70890389365772,-167.00000000000009,1.9707162313427329,,,2000,False,True,False,False,372.0076115131378
0.005,-7.0,9,6,10009,-164.05986871313914,-167.00000000000009,1.760557656802961,0.9005781484217621,0.10599544277102804,2000,False,True,False,True,372.0076115131378
0.005,-7.0,9,7,10009,-163.83242623370185,-167.00000000000009,1.8967507582624137,,,2000,False,True,False,False,372.0076115131378
0.005,-3.0,13,0,10013,-88.07070560604492,-91.56603968487632,3.8172821396017027,,,2000,False,True,False,False,374.6757411956787
0.005,-3.0,13,1,10013,-88.10692584884065,-91.56603968487632,3.777725724450001,0.8921329383231162,0.10561586636934893,2000,False,True,False,True,374.6757411956787
0.005,-3.0,13,2,10013,-81.45327174859035,-91.56603968487632,11.044234271886127,,,2000,False,True,False,False,374.6757411956787
0.005,-3.0,13,3,10013,-87.95381331007607,-91.56603968487632,3.9449411454636327,,,2000,False,True,False,False,374.6757411956787
0.005,-3.0,13,4,10013,-88.08322636469735,-91.56603968487632,3.8036081195222957,,,2000,False,True,False,False,374.6757411956787
0.005,-3.0,13,5,10013,-87.97679652742914,-91.56603968487632,3.9198409910481207,,,2000,False,True,False,False,374.6757411956787
0.005,-3.0,13,6,10013,-88.00496807700802,-91.56603968487632,3.889074617755333,,,2000,False,True,False,False,374.6757411956787
0.005,-3.0,13,7,10013,-88.0994320241798,-91.56603968487632,3.785909789947025,,,2000,False,True,False,False,374.6757411956787
0.005,0.0,16,0,10016,-40.329802700180274,-43.56603968487643,7.428347878541705,,,2000,False,True,False,False,376.11909532546997
0.005,0.0,16,1,10016,-40.29217234821038,-43.56603968487643,7.514723303625289,,,2000,False,True,False,False,376.11909532546997
0.005,0.0,16,2,10016,-40.35317410887758,-43.56603968487643,7.374701944997231,,,2000,False,True,False,False,376.11909532546997
0.005,0.0,16,3,10016,-40.4597460452963,-43.56603968487643,7.130080360869828,,,2000,False,True,False,False,376.11909532546997
0.005,0.0,16,4,10016,-38.18911209853974,-43.56603968487643,12.342015995094558,,,2000,False,True,False,False,376.11909532546997
0.005,0.0,16,5,10016,-40.4664899980596,-43.56603968487643,7.114600521958415,0.8934351909139396,0.11361137077555943,2000,False,True,False,True,376.11909532546997
0.005,0.0,16,6,10016,-40.16854626818057,-43.56603968487643,7.798490386711164,,,2000,False,True,False,False,376.11909532546997
0.005,0.0,16,7,10016,-38.350483175799155,-43.56603968487643,11.97161033411033,,,2000,False,True,False,False,376.11909532546997
0.005,-1.0,15,0,10015,-56.19779946696026,-59.56603968487627,5.654631793107444,,,2000,False,True,False,False,376.57974767684937
0.005,-1.0,15,1,10015,-56.13297242011612,-59.56603968487627,5.763464018964829,,,2000,False,True,False,False,376.57974767684937
0.005,-1.0,15,2,10015,-56.31270939968845,-59.56603968487627,5.461719970639306,,,2000,False,True,False,False,376.57974767684937
0.005,-1.0,15,3,10015,-56.29175489738989,-59.56603968487627,5.496898576451299,,,2000,False,True,False,False,376.57974767684937
0.005,-1.0,15,4,10015,-56.182878889833596,-59.56603968487627,5.679680591391837,,,2000,False,True,False,False,376.57974767684937
0.005,-1.0,15,5,10015,-56.18270724776976,-59.56603968487627,5.679968745623244,,,2000,False,True,False,False,376.57974767684937
0.005,-1.0,15,6,10015,-56.31946231753802,-59.56603968487627,5.450383111775945,0.8935718764176453,0.11359916996751987,2000,False,True,False,True,376.57974767684937
0.005,-1.0,15,7,10015,-56.232363888772205,-59.56603968487627,5.596604732730759,,,2000,False,True,False,False,376.57974767684937
0.005,3.0,19,0,10019,-9.27906825380727,-19.566039684876287,52.57564431406324,,,2000,False,True,False,False,376.5361878871918
0.005,3.0,19,1,10019,-9.200462980357123,-19.566039684876287,52.977387715978686,,,2000,False,True,False,False,376.5361878871918
0.005,3.0,19,2,10019,-9.645274223260078,-19.566039684876287,50.70400357658754,,,2000,False,True,False,False,376.5361878871918
0.005,3.0,19,3,10019,-9.299527947974125,-19.566039684876287,52.4710769386701,,,2000,False,True,False,False,376.5361878871918
0.005,3.0,19,4,10019,-9.68628459951214,-19.566039684876287,50.49440379598522,0.6440363027634933,0.10447583960973063,2000,False,True,False,True,376.5361878871918
0.005,3.0,19,5,10019,-9.316980591804985,-19.566039684876287,52.38187828573908,,,2000,False,True,False,False,376.5361878871918
0.005,3.0,19,6,10019,-9.421462724263417,-19.566039684876287,51.84788094063918,,,2000,False,True,False,False,376.5361878871918
0.005,3.0,19,7,10019,-3.6226920179836877,-19.566039684876287,81.48479673797311,,,2000,False,True,False,False,376.5361878871918
0.005,2.0,18,0,10018,-17.589931179249966,-27.566039684876344,36.189850336389114,,,2000,False,True,False,False,377.4084961414337
0.005,2.0,18,1,10018,-17.773482802736282,-27.566039684876344,35.5239889156533,0.6432138863853468,0.10458979363075935,2000,False,True,False,True,377.4084961414337
0.005,2.0,18,2,10018,-17.527539150057606,-27.566039684876344,36.416186908147694,,,2000,False,True,False,False,377.4084961414337
0.005,2.0,18,3,10018,-17.427736777454164,-27.566039684876344,36.77823518836619,,,2000,False,True,False,False,377.4084961414337
0.005,2.0,18,4,10018,-17.498618334235424,-27.566039684876344,36.52110156456114,,,2000,False,True,False,False,377.4084961414337
0.005,2.0,18,5,10018,-17.692971680374182,-27.566039684876344,35.816055252647914,,,2000,False,True,False,False,377.4084961414337
0.005,2.0,18,6,10018,-17.75111776586523,-27.566039684876344,35.60512148720408,,,2000,False,True,False,False,377.4084961414337
0.005,2.0,18,7,10018,-17.463065349071297,-27.566039684876344,36.650075423594046,,,2000,False,True,False,False,377.4084961414337
0.005,1.0,17,0,10017,-26.696903710248947,-35.56603968487625,24.937091824701326,,,2000,False,True,False,False,377.4727280139923
0.005,1.0,17,1,10017,-26.747301326352023,-35.56603968487625,24.79539031238899,,,2000,False,True,False,False,377.4727280139923
0.005,1.0,17,2,10017,-26.629350513354108,-35.56603968487625,25.127029184872367,,,2000,False,True,False,False,377.4727280139923
0.005,1.0,17,3,10017,-26.66488947488755,-35.56603968487625,25.02710531972369,,,2000,False,True,False,False,377.4727280139923
0.005,1.0,17,4,10017,-26.643437020003557,-35.56603968487625,25.087422563572222,,,2000,False,True,False,False,377.4727280139923
0.005,1.0,17,5,10017,-26.483734433041864,-35.56603968487625,25.53645368532965,,,2000,False,True,False,False,377.4727280139923
0.005,1.0,17,6,10017,-26.79492144646981,-35.56603968487625,24.661498204806264,0.537140800106575,0.10817574624408845,2000,False,True,False,True,377.4727280139923
0.005,1.0,17,7,10017,-26.625505207789907,-35.56603968487625,25.137840918757476,,,2000,False,True,False,False,377.4727280139923
0.005,-6.0,10,0,10010,-140.34091953545507,-143.00000000000028,1.8594968283532916,,,2000,False,True,False,False,377.8040907382965
0.005,-6.0,10,1,10010,-139.92428660892605,-143.00000000000028,2.150848525226731,,,2000,False,True,False,False,377.8040907382965
0.005,-6.0,10,2,10010,-140.2697049355953,-143.00000000000028,1.9092972478356396,,,2000,False,True,False,False,377.8040907382965
0.005,-6.0,10,3,10010,-140.41734148347513,-143.00000000000028,1.8060549066609457,0.9005660640531312,0.10613040650391733,2000,False,True,False,True,377.8040907382965
0.005,-6.0,10,4,10010,-140.38120711801207,-143.00000000000028,1.8313236936980477,,,2000,False,True,False,False,377.8040907382965
0.005,-6.0,10,5,10010,-140.34222947468402,-143.00000000000028,1.8585807869344482,,,2000,False,True,False,False,377.8040907382965
0.005,-6.0,10,6,10010,-140.33785337981004,-143.00000000000028,1.861640993140026,,,2000,False,True,False,False,377.8040907382965
0.005,-6.0,10,7,10010,-139.97851199269266,-143.00000000000028,2.1129286764388944,,,2000,False,True,False,False,377.8040907382965
0.005,-2.0,14,0,10014,-72.11298290111496,-75.5660396848763,4.569588135306807,,,2000,False,True,False,False,378.0926432609558
0.005,-2.0,14,1,10014,-72.17212345214767,-75.5660396848763,4.491324736458146,0.8935494321928266,0.11361646246668114,2000,False,True,False,True,378.0926432609558
0.005,-2.0,14,2,10014,-65.56653390840808,-75.5660396848763,13.232803807329226,,,2000,False,True,False,False,378.0926432609558
0.005,-2.0,14,3,10014,-72.14168681380009,-75.5660396848763,4.531602933482241,,,2000,False,True,False,False,378.0926432609558
0.005,-2.0,14,4,10014,-72.09407243566459,-75.5660396848763,4.594613220026391,,,2000,False,True,False,False,378.0926432609558
0.005,-2.0,14,5,10014,-72.15262145181762,-75.5660396848763,4.517132626366598,,,2000,False,True,False,False,378.0926432609558
0.005,-2.0,14,6,10014,-65.56483127872914,-75.5660396848763,13.235056975135864,,,2000,False,True,False,False,378.0926432609558
0.005,-2.0,14,7,10014,-72.08575235616519,-75.5660396848763,4.6056235621511,,,2000,False,True,False,False,378.0926432609558
0.005,-5.0,11,0,10011,-119.95063154928697,-123.56603968487643,2.925891405769445,,,2000,False,True,False,False,378.29183077812195
0.005,-5.0,11,1,10011,-116.74360506741026,-123.56603968487643,5.521286135628403,,,2000,False,True,False,False,378.29183077812195
0.005,-5.0,11,2,10011,-119.91790603651933,-123.56603968487643,2.9523756346490786,,,2000,False,True,False,False,378.29183077812195
0.005,-5.0,11,3,10011,-116.83953623982944,-123.56603968487643,5.443650587330639,,,2000,False,True,False,False,378.29183077812195
0.005,-5.0,11,4,10011,-116.74945333683799,-123.56603968487643,5.516553225645493,,,2000,False,True,False,False,378.29183077812195
0.005,-5.0,11,5,10011,-119.98195533544637,-123.56603968487643,2.9005415715922815,0.8929768692785309,0.10455615907606529,2000,False,True,False,True,378.29183077812195
0.005,-5.0,11,6,10011,-119.68411988355798,-123.56603968487643,3.141574991978613,,,2000,False,True,False,False,378.29183077812195
0.005,-5.0,11,7,10011,-116.55609828818193,-123.56603968487643,5.673032343329577,,,2000,False,True,False,False,378.29183077812195
0.005,4.0,20,0,10020,-1.3104987123091467,-11.56603968487638,88.66942576703467,,,2000,False,True,False,False,395.1336009502411
0.005,4.0,20,1,10020,-1.902352619811325,-11.56603968487638,83.55225581407247,,,2000,False,True,False,False,395.1336009502411
0.005,4.0,20,2,10020,-2.1178234203215442,-11.56603968487638,81.68929488378994,,,2000,False,True,False,False,395.1336009502411
0.005,4.0,20,3,10020,-1.524673204288656,-11.56603968487638,86.81767272264939,,,2000,False,True,False,False,395.1336009502411
0.005,4.0,20,4,10020,-1.8641738929025284,-11.56603968487638,83.88234915586446,,,2000,False,True,False,False,395.1336009502411
0.005,4.0,20,5,10020,-2.1329120087205404,-11.56603968487638,81.55883892124707,0.5889297550607255,0.10419256097021642,2000,False,True,False,True,395.1336009502411
0.005,4.0,20,6,10020,-2.0602692024086324,-11.56603968487638,82.18690875578945,,,2000,False,True,False,False,395.1336009502411
0.005,4.0,20,7,10020,-1.9628273045319253,-11.56603968487638,83.02939158078027,,,2000,False,True,False,False,395.1336009502411
0.005,9.0,25,0,10025,4.43895207570986,1.000000000000004,343.8952075709842,0.9005820531751981,0.10647678438949992,2000,False,True,False,True,382.5873312950134
0.005,9.0,25,1,10025,4.509756433712307,1.000000000000004,350.9756433712289,,,2000,False,True,False,False,382.5873312950134
0.005,9.0,25,2,10025,4.44582011367679,1.000000000000004,344.58201136767724,,,2000,False,True,False,False,382.5873312950134
0.005,9.0,25,3,10025,4.857607615288532,1.000000000000004,385.7607615288512,,,2000,False,True,False,False,382.5873312950134
0.005,9.0,25,4,10025,4.895232108252823,1.000000000000004,389.52321082528033,,,2000,False,True,False,False,382.5873312950134
0.005,9.0,25,5,10025,4.768425282234949,1.000000000000004,376.842528223493,,,2000,False,True,False,False,382.5873312950134
0.005,9.0,25,6,10025,4.493610304615155,1.000000000000004,349.3610304615137,,,2000,False,True,False,False,382.5873312950134
0.005,9.0,25,7,10025,4.471214943265136,1.000000000000004,347.1214943265118,,,2000,False,True,False,False,382.5873312950134
0.005,10.0,26,0,10026,4.852835345091921,1.0000000000000429,385.2835345091713,,,2000,False,True,False,False,382.5359272956848
0.005,10.0,26,1,10026,5.360336121121811,1.0000000000000429,436.03361211215815,,,2000,False,True,False,False,382.5359272956848
0.005,10.0,26,2,10026,5.80606892887197,1.0000000000000429,480.60689288717214,,,2000,False,True,False,False,382.5359272956848
0.005,10.0,26,3,10026,5.318955272072946,1.0000000000000429,431.89552720727187,,,2000,False,True,False,False,382.5359272956848
0.005,10.0,26,4,10026,4.887181001782376,1.0000000000000429,388.7181001782167,,,2000,False,True,False,False,382.5359272956848
0.005,10.0,26,5,10026,5.073444923676073,1.0000000000000429,407.34449236758553,,,2000,False,True,False,False,382.5359272956848
0.005,10.0,26,6,10026,4.7871210350108,1.0000000000000429,378.7121035010596,0.9005825603293992,0.10641508683494959,2000,False,True,False,True,382.5359272956848
0.005,10.0,26,7,10026,5.859977562446765,1.0000000000000429,485.9977562446515,,,2000,False,True,False,False,382.5359272956848
0.005,5.0,21,0,10021,2.837569079440598,-3.566039684876202,179.57199947815798,,,2000,False,True,False,False,383.8597104549408
0.005,5.0,21,1,10021,2.8109268522681923,-3.566039684876202,178.82488981234587,,,2000,False,True,False,False,383.8597104549408
0.005,5.0,21,2,10021,2.810672844290471,-3.566039684876202,178.8177668412023,0.055748757666303314,0.10630126205307547,2000,False,True,False,True,383.8597104549408
0.005,5.0,21,3,10021,2.9188380260867595,-3.566039684876202,181.85096869408758,,,2000,False,True,False,False,383.8597104549408
0.005,5.0,21,4,10021,2.8228010915352453,-3.566039684876202,179.157870943134,,,2000,False,True,False,False,383.8597104549408
0.005,5.0,21,5,10021,2.8319072427847556,-3.566039684876202,179.41322848410945,,,2000,False,True,False,False,383.8597104549408
0.005,5.0,21,6,10021,6.568853045978243,-3.566039684876202,284.2058312989943,,,2000,False,True,False,False,383.8597104549408
0.005,5.0,21,7,10021,3.003664993882959,-3.566039684876202,184.22971305175574,,,2000,False,True,False,False,383.8597104549408
0.005,12.0,28,0,10028,6.791338953253739,0.9999999999999709,579.1338953253937,,,2000,False,True,False,False,382.3301041126251
0.005,12.0,28,1,10028,6.221645067015436,0.9999999999999709,522.1645067015618,,,2000,False,True,False,False,382.3301041126251
0.005,12.0,28,2,10028,5.632578896013856,0.9999999999999709,463.257889601402,,,2000,False,True,False,False,382.3301041126251
0.005,12.0,28,3,10028,6.75248271805025,0.9999999999999709,575.2482718050446,,,2000,False,True,False,False,382.3301041126251
0.005,12.0,28,4,10028,6.186063580067984,0.9999999999999709,518.6063580068164,,,2000,False,True,False,False,382.3301041126251
0.005,12.0,28,5,10028,5.702950506451614,0.9999999999999709,470.29505064517804,,,2000,False,True,False,False,382.3301041126251
0.005,12.0,28,6,10028,5.594145462560753,0.9999999999999709,459.41454625609157,0.900581876664324,0.10644428760327043,2000,False,True,False,True,382.3301041126251
0.005,12.0,28,7,10028,6.161716737708093,0.9999999999999709,516.1716737708273,,,2000,False,True,False,False,382.3301041126251
0.005,8.0,24,0,10024,4.160512848027842,1.0000000000000138,316.0512848027785,,,2000,False,True,False,False,383.2925400733948
0.005,8.0,24,1,10024,3.9987402291079848,1.0000000000000138,299.874022910793,,,2000,False,True,False,False,383.2925400733948
0.005,8.0,24,2,10024,4.057770772275744,1.0000000000000138,305.77707722756884,,,2000,False,True,False,False,383.2925400733948
0.005,8.0,24,3,10024,3.9975834100482013,1.0000000000000138,299.7583410048146,0.9005520860915655,0.10632406342603366,2000,False,True,False,True,383.2925400733948
0.005,8.0,24,4,10024,4.720311782795567,1.0000000000000138,372.0311782795502,,,2000,False,True,False,False,383.2925400733948
0.005,8.0,24,5,10024,4.061985420575946,1.0000000000000138,306.19854205758895,,,2000,False,True,False,False,383.2925400733948
0.005,8.0,24,6,10024,4.434831501009595,1.0000000000000138,343.48315010095337,,,2000,False,True,False,False,383.2925400733948
0.005,8.0,24,7,10024,4.54781076130345,1.0000000000000138,354.7810761303387,,,2000,False,True,False,False,383.2925400733948
0.005,6.0,22,0,10022,3.9174279541600034,0.9999999999999949,291.74279541600237,,,2000,False,True,False,False,383.70988631248474
0.005,6.0,22,1,10022,3.2141873485051247,0.9999999999999949,221.41873485051406,0.9005869226785774,0.10638597504986791,2000,False,True,False,True,383.70988631248474
0.005,6.0,22,2,10022,3.238597035947562,0.9999999999999949,223.85970359475786,,,2000,False,True,False,False,383.70988631248474
0.005,6.0,22,3,10022,3.6295976821451807,0.9999999999999949,262.95976821451995,,,2000,False,True,False,False,383.70988631248474
0.005,6.0,22,4,10022,3.282247773511915,0.9999999999999949,228.22477735119318,,,2000,False,True,False,False,383.70988631248474
0.005,6.0,22,5,10022,3.274181687434811,0.9999999999999949,227.41816874348277,,,2000,False,True,False,False,383.70988631248474
0.005,6.0,22,6,10022,3.544947271966687,0.9999999999999949,254.4947271966705,,,2000,False,True,False,False,383.70988631248474
0.005,6.0,22,7,10022,3.3984462528323816,0.9999999999999949,239.84462528323994,,,2000,False,True,False,False,383.70988631248474
0.005,13.0,29,0,10029,6.722524402080864,0.9999999999999853,572.2524402080962,,,2000,False,True,False,False,383.3626637458801
0.005,13.0,29,1,10029,5.984686968416247,0.9999999999999853,498.46869684163335,,,2000,False,True,False,False,383.3626637458801
0.005,13.0,29,2,10029,6.083408486492743,0.9999999999999853,508.3408486492832,,,2000,False,True,False,False,383.3626637458801
0.005,13.0,29,3,10029,5.9864513211772525,0.9999999999999853,498.64513211773397,,,2000,False,True,False,False,383.3626637458801
0.005,13.0,29,4,10029,7.245517794234577,0.9999999999999853,624.5517794234684,,,2000,False,True,False,False,383.3626637458801
0.005,13.0,29,5,10029,6.661056956965211,0.9999999999999853,566.1056956965308,,,2000,False,True,False,False,383.3626637458801
0.005,13.0,29,6,10029,7.305887961438949,0.9999999999999853,630.5887961439057,,,2000,False,True,False,False,383.3626637458801
0.005,13.0,29,7,10029,5.968996363141118,0.9999999999999853,496.89963631412047,0.9005831617062234,0.10642690395505432,2000,False,True,False,True,383.3626637458801
0.005,7.0,23,0,10023,3.9187275433942164,0.9999999999999978,291.8727543394225,,,2000,False,True,False,False,385.2895848751068
0.005,7.0,23,1,10023,4.151837312885564,0.9999999999999978,315.18373128855734,,,2000,False,True,False,False,385.2895848751068
0.005,7.0,23,2,10023,4.083899084936492,0.9999999999999978,308.3899084936501,,,2000,False,True,False,False,385.2895848751068
0.005,7.0,23,3,10023,4.295884471150974,0.9999999999999978,329.58844711509835,,,2000,False,True,False,False,385.2895848751068
0.005,7.0,23,4,10023,4.435576803319754,0.9999999999999978,343.55768033197637,,,2000,False,True,False,False,385.2895848751068
0.005,7.0,23,5,10023,3.6170827204639626,0.9999999999999978,261.70827204639704,,,2000,False,True,False,False,385.2895848751068
0.005,7.0,23,6,10023,3.615914758511539,0.9999999999999978,261.5914758511547,0.9005811153969779,0.10643055582467885,2000,False,True,False,True,385.2895848751068
0.005,7.0,23,7,10023,4.4084234184920765,0.9999999999999978,340.84234184920865,,,2000,False,True,False,False,385.2895848751068
0.005,11.0,27,0,10027,5.313137690388146,0.9999999999999576,431.31376903883717,,,2000,False,True,False,False,385.37681245803833
0.005,11.0,27,1,10027,5.266555592354391,0.9999999999999576,426.65555923546145,,,2000,False,True,False,False,385.37681245803833
0.005,11.0,27,2,10027,5.309835675816913,0.9999999999999576,430.9835675817139,,,2000,False,True,False,False,385.37681245803833
0.005,11.0,27,3,10027,5.789888696447994,0.9999999999999576,478.988869644824,,,2000,False,True,False,False,385.37681245803833
0.005,11.0,27,4,10027,6.0170418543265525,0.9999999999999576,501.70418543268084,,,2000,False,True,False,False,385.37681245803833
0.005,11.0,27,5,10027,5.1931550966134825,0.9999999999999576,419.3155096613703,0.9005857473764021,0.1064383181549906,2000,False,True,False,True,385.37681245803833
0.005,11.0,27,6,10027,5.209962989290428,0.9999999999999576,420.99629892906495,,,2000,False,True,False,False,385.37681245803833
0.005,11.0,27,7,10027,5.204998676299564,0.9999999999999576,420.4998676299785,,,2000,False,True,False,False,385.37681245803833
0.005,14.0,30,0,10030,6.651408511448019,1.000000000000024,565.1408511447859,,,2000,False,True,False,False,384.1582143306732
0.005,14.0,30,1,10030,7.780704392676302,1.000000000000024,678.0704392676116,,,2000,False,True,False,False,384.1582143306732
0.005,14.0,30,2,10030,6.39108418970525,1.000000000000024,539.1084189705097,0.9005897969358246,0.10634905800584916,2000,False,True,False,True,384.1582143306732
0.005,14.0,30,3,10030,7.1140866661018265,1.000000000000024,611.4086666101656,,,2000,False,True,False,False,384.1582143306732
0.005,14.0,30,4,10030,6.496497585153106,1.000000000000024,549.649758515295,,,2000,False,True,False,False,384.1582143306732
0.005,14.0,30,5,10030,6.4620936592609795,1.000000000000024,546.2093659260825,,,2000,False,True,False,False,384.1582143306732
0.005,14.0,30,6,10030,7.275046100114417,1.000000000000024,627.5046100114242,,,2000,False,True,False,False,384.1582143306732
0.005,14.0,30,7,10030,6.447859782919859,1.000000000000024,544.7859782919704,,,2000,False,True,False,False,384.1582143306732
0.005,15.0,31,0,10031,7.445633534444803,0.9999999999999767,644.5633534444976,,,2000,False,True,False,False,393.0378839969635
0.005,15.0,31,1,10031,7.563581751572007,0.9999999999999767,656.3581751572183,,,2000,False,True,False,False,393.0378839969635
0.005,15.0,31,2,10031,7.673937152304013,0.9999999999999767,667.3937152304192,,,2000,False,True,False,False,393.0378839969635
0.005,15.0,31,3,10031,6.849319389867615,0.9999999999999767,584.9319389867775,,,2000,False,True,False,False,393.0378839969635
0.005,15.0,31,4,10031,7.445155663750108,0.9999999999999767,644.5155663750281,,,2000,False,True,False,False,393.0378839969635
0.005,15.0,31,5,10031,7.4656133566962035,0.9999999999999767,646.5613356696377,,,2000,False,True,False,False,393.0378839969635
0.005,15.0,31,6,10031,6.804390661290302,0.9999999999999767,580.4390661290461,0.9005644570466814,0.10633474179723372,2000,False,True,False,True,393.0378839969635
0.005,15.0,31,7,10031,7.433003997599488,0.9999999999999767,643.3003997599661,,,2000,False,True,False,False,393.0378839969635
0.01,-15.0,1,0,11001,-344.86724539608576,-358.99999999999966,3.9367004467726763,,,2000,False,True,False,False,393.2636876106262
0.01,-15.0,1,1,11001,-346.85313745866046,-358.99999999999966,3.383527170289475,,,2000,False,True,False,False,393.2636876106262
0.01,-15.0,1,2,11001,-345.01898188602024,-358.99999999999966,3.8944340150360532,,,2000,False,True,False,False,393.2636876106262
0.01,-15.0,1,3,11001,-346.10486432795335,-358.99999999999966,3.591959797227387,,,2000,False,True,False,False,393.2636876106262
0.01,-15.0,1,4,11001,-347.25680255709176,-358.99999999999966,3.2710856386930107,0.8359802353671575,0.17853219569299295,2000,False,True,False,True,393.2636876106262
0.01,-15.0,1,5,11001,-346.3735376542024,-358.99999999999966,3.5171204305842036,,,2000,False,True,False,False,393.2636876106262
0.01,-15.0,1,6,11001,-345.9224351828953,-358.99999999999966,3.6427757150708553,,,2000,False,True,False,False,393.2636876106262
0.01,-15.0,1,7,11001,-346.4956434194529,-358.99999999999966,3.4831076826035563,,,2000,False,True,False,False,393.2636876106262
0.01,-12.0,4,0,11004,-277.0643527306229,-286.9999999999998,3.461898003267211,,,2000,False,True,False,False,394.2812304496765
0.01,-12.0,4,1,11004,-275.76645388597416,-286.9999999999998,3.9141275658625867,,,2000,False,True,False,False,394.2812304496765
0.01,-12.0,4,2,11004,-275.2460903265566,-286.9999999999998,4.095438910607376,,,2000,False,True,False,False,394.2812304496765
0.01,-12.0,4,3,11004,-277.15361830842596,-286.9999999999998,3.430795014485651,,,2000,False,True,False,False,394.2812304496765
0.01,-12.0,4,4,11004,-276.05785056378863,-286.9999999999998,3.8125956223732222,,,2000,False,True,False,False,394.2812304496765
0.01,-12.0,4,5,11004,-277.7245774385708,-286.9999999999998,3.2318545510205485,,,2000,False,True,False,False,394.2812304496765
0.01,-12.0,4,6,11004,-278.0497884607311,-286.9999999999998,3.118540606016954,0.8360430725967638,0.17794689759315807,2000,False,True,False,True,394.2812304496765
0.01,-12.0,4,7,11004,-276.7614699287454,-286.9999999999998,3.5674320805764443,,,2000,False,True,False,False,394.2812304496765
0.005,16.0,32,0,10032,7.372945671699683,1.0000000000000222,637.294567169952,,,2000,False,True,False,False,397.63996410369873
0.005,16.0,32,1,10032,7.6282575801801675,1.0000000000000222,662.8257580179998,,,2000,False,True,False,False,397.63996410369873
0.005,16.0,32,2,10032,7.454082770798378,1.0000000000000222,645.4082770798212,,,2000,False,True,False,False,397.63996410369873
0.005,16.0,32,3,10032,7.950115055473131,1.0000000000000222,695.0115055472954,,,2000,False,True,False,False,397.63996410369873
0.005,16.0,32,4,10032,7.472624329304871,1.0000000000000222,647.2624329304705,,,2000,False,True,False,False,397.63996410369873
0.005,16.0,32,5,10032,7.291150860934915,1.0000000000000222,629.1150860934754,,,2000,False,True,False,False,397.63996410369873
0.005,16.0,32,6,10032,8.56895193742037,1.0000000000000222,756.8951937420181,,,2000,False,True,False,False,397.63996410369873
0.005,16.0,32,7,10032,7.218986555141805,1.0000000000000222,621.8986555141645,0.9005661203707288,0.10645504134012337,2000,False,True,False,True,397.63996410369873
0.01,-16.0,0,0,11000,-369.1607741957085,-382.9999999999999,3.613374883626999,,,2000,False,True,False,False,397.4520308971405
0.01,-16.0,0,1,11000,-369.62448873835194,-382.9999999999999,3.4923005905086026,,,2000,False,True,False,False,397.4520308971405
0.01,-16.0,0,2,11000,-369.13113433049284,-382.9999999999999,3.6211137518295167,,,2000,False,True,False,False,397.4520308971405
0.01,-16.0,0,3,11000,-369.91355789225304,-382.9999999999999,3.4168256155997003,,,2000,False,True,False,False,397.4520308971405
0.01,-16.0,0,4,11000,-370.4546993083062,-382.9999999999999,3.275535428640649,0.8359880298985082,0.17848832026761263,2000,False,True,False,True,397.4520308971405
0.01,-16.0,0,5,11000,-369.39961501871653,-382.9999999999999,3.551014355426464,,,2000,False,True,False,False,397.4520308971405
0.01,-16.0,0,6,11000,-370.4392667636412,-382.9999999999999,3.279564813670669,,,2000,False,True,False,False,397.4520308971405
0.01,-16.0,0,7,11000,-369.21578147812977,-382.9999999999999,3.5990126688955923,,,2000,False,True,False,False,397.4520308971405
0.01,-14.0,2,0,11002,-322.93940458549673,-335.0000000000001,3.6001777356726503,,,2000,False,True,False,False,396.6497263908386
0.01,-14.0,2,1,11002,-321.8702295121649,-335.0000000000001,3.9193344739806646,,,2000,False,True,False,False,396.6497263908386
0.01,-14.0,2,2,11002,-323.6000382253481,-335.0000000000001,3.402973664075227,,,2000,False,True,False,False,396.6497263908386
0.01,-14.0,2,3,11002,-323.2835133255521,-335.0000000000001,3.497458708790444,,,2000,False,True,False,False,396.6497263908386
0.01,-14.0,2,4,11002,-322.00343915940016,-335.0000000000001,3.8795704001790896,,,2000,False,True,False,False,396.6497263908386
0.01,-14.0,2,5,11002,-323.15687265609813,-335.0000000000001,3.535261893702083,,,2000,False,True,False,False,396.6497263908386
0.01,-14.0,2,6,11002,-323.21117462411223,-335.0000000000001,3.519052351011307,,,2000,False,True,False,False,396.6497263908386
0.01,-14.0,2,7,11002,-324.4091378465637,-335.0000000000001,3.161451389085501,0.8360228017557803,0.17802186807359718,2000,False,True,False,True,396.6497263908386
0.01,-13.0,3,0,11003,-300.0327282470216,-311.0,3.5264539398644295,,,2000,False,True,False,False,399.00384306907654
0.01,-13.0,3,1,11003,-299.42500090684206,-311.0,3.7218646601794028,,,2000,False,True,False,False,399.00384306907654
0.01,-13.0,3,2,11003,-298.36439569568944,-311.0,4.06289527469793,,,2000,False,True,False,False,399.00384306907654
0.01,-13.0,3,3,11003,-299.1217437529289,-311.0,3.819374999058225,,,2000,False,True,False,False,399.00384306907654
0.01,-13.0,3,4,11003,-298.9252894652509,-311.0,3.8825435803051778,,,2000,False,True,False,False,399.00384306907654
0.01,-13.0,3,5,11003,-299.72139941511074,-311.0,3.626559673597833,,,2000,False,True,False,False,399.00384306907654
0.01,-13.0,3,6,11003,-299.52573111607535,-311.0,3.6894755253777016,,,2000,False,True,False,False,399.00384306907654
0.01,-13.0,3,7,11003,-300.25845397881335,-311.0,3.453873318709534,0.8360050528384871,0.1953733601263961,2000,False,True,False,True,399.00384306907654
0.01,-10.0,6,0,11006,-231.33910937410647,-239.00000000000006,3.2053935673194913,,,2000,False,True,False,False,399.67249369621277
0.01,-10.0,6,1,11006,-231.64710996417685,-239.00000000000006,3.07652302754109,,,2000,False,True,False,False,399.67249369621277
0.01,-10.0,6,2,11006,-231.67367748776468,-239.00000000000006,3.065406908885095,0.8360447537041595,0.17794742135788275,2000,False,True,False,True,399.67249369621277
0.01,-10.0,6,3,11006,-230.90365255491227,-239.00000000000006,3.387593073258487,,,2000,False,True,False,False,399.67249369621277
0.01,-10.0,6,4,11006,-229.99473068018725,-239.00000000000006,3.767895112892389,,,2000,False,True,False,False,399.67249369621277
0.01,-10.0,6,5,11006,-230.93546836275743,-239.00000000000006,3.374281019766787,,,2000,False,True,False,False,399.67249369621277
0.01,-10.0,6,6,11006,-229.93951542511624,-239.00000000000006,3.7909977300769095,,,2000,False,True,False,False,399.67249369621277
0.01,-10.0,6,7,11006,-231.23188693086237,-239.00000000000006,3.250256514283549,,,2000,False,True,False,False,399.67249369621277
0.01,-11.0,5,0,11005,-254.0184668182683,-262.9999999999997,3.4150316280347592,,,2000,False,True,False,False,399.9762268066406
0.01,-11.0,5,1,11005,-253.64511151161355,-262.9999999999997,3.556991820679154,,,2000,False,True,False,False,399.9762268066406
0.01,-11.0,5,2,11005,-252.87023312788676,-262.9999999999997,3.8516223848338265,,,2000,False,True,False,False,399.9762268066406
0.01,-11.0,5,3,11005,-254.6769889298932,-262.9999999999997,3.1646429924359363,0.835621250164085,0.17875589247210202,2000,False,True,False,True,399.9762268066406
0.01,-11.0,5,4,11005,-254.54525430442854,-262.9999999999997,3.214732203639234,,,2000,False,True,False,False,399.9762268066406
0.01,-11.0,5,5,11005,-254.0190980505271,-262.9999999999997,3.4147916157690568,,,2000,False,True,False,False,399.9762268066406
0.01,-11.0,5,6,11005,-253.9551246125442,-262.9999999999997,3.4391161169032376,,,2000,False,True,False,False,399.9762268066406
0.01,-11.0,5,7,11005,-254.54133575116012,-262.9999999999997,3.216222147847759,,,2000,False,True,False,False,399.9762268066406
0.01,-1.0,15,0,11015,-53.96102188856062,-59.56603968487627,9.40975399064302,,,2000,False,True,False,False,365.7464003562927
0.01,-1.0,15,1,11015,-53.90879680970872,-59.56603968487627,9.497429919961457,,,2000,False,True,False,False,365.7464003562927
0.01,-1.0,15,2,11015,-53.9583472511371,-59.56603968487627,9.414244195863434,,,2000,False,True,False,False,365.7464003562927
0.01,-1.0,15,3,11015,-53.91627363345441,-59.56603968487627,9.48487776140728,,,2000,False,True,False,False,365.7464003562927
0.01,-1.0,15,4,11015,-53.836201482761666,-59.56603968487627,9.619303603911415,,,2000,False,True,False,False,365.7464003562927
0.01,-1.0,15,5,11015,-53.91197869238133,-59.56603968487627,9.492088146881617,,,2000,False,True,False,False,365.7464003562927
0.01,-1.0,15,6,11015,-53.99085397273278,-59.56603968487627,9.359671621007609,,,1154,True,False,False,False,365.7464003562927
0.01,-1.0,15,7,11015,-54.163966680981865,-59.56603968487627,9.069048458606837,0.8229095704354724,0.19299883209243962,2000,False,True,False,True,365.7464003562927
0.01,-4.0,12,0,11012,-101.47141491334226,-107.56603968487642,5.66593767827547,,,2000,False,True,False,False,384.0495913028717
0.01,-4.0,12,1,11012,-101.65668071089125,-107.56603968487642,5.493703209021284,,,2000,False,True,False,False,384.0495913028717
0.01,-4.0,12,2,11012,-101.75688168014332,-107.56603968487642,5.400550231050152,0.8206421946348715,0.17654063014728508,2000,False,True,False,True,384.0495913028717
0.01,-4.0,12,3,11012,-101.54186611866437,-107.56603968487642,5.600441908859297,,,2000,False,True,False,False,384.0495913028717
0.01,-4.0,12,4,11012,-101.64343622925827,-107.56603968487642,5.506016092968469,,,2000,False,True,False,False,384.0495913028717
0.01,-4.0,12,5,11012,-101.74916616044361,-107.56603968487642,5.407723052251267,,,2000,False,True,False,False,384.0495913028717
0.01,-4.0,12,6,11012,-101.67604769358579,-107.56603968487642,5.475698471883734,,,2000,False,True,False,False,384.0495913028717
0.01,-4.0,12,7,11012,-101.61914875138113,-107.56603968487642,5.528595224772791,,,2000,False,True,False,False,384.0495913028717
0.01,-7.0,9,0,11009,-160.19048000927174,-167.00000000000009,4.077556880675655,,,2000,False,True,False,False,384.29671239852905
0.01,-7.0,9,1,11009,-161.59029055913248,-167.00000000000009,3.2393469705794002,,,2000,False,True,False,False,384.29671239852905
0.01,-7.0,9,2,11009,-160.8866507747923,-167.00000000000009,3.6606881588070634,,,2000,False,True,False,False,384.29671239852905
0.01,-7.0,9,3,11009,-161.5843210187805,-167.00000000000009,3.24292154564046,,,2000,False,True,False,False,384.29671239852905
0.01,-7.0,9,4,11009,-161.80187699109408,-167.00000000000009,3.11264850832695,0.8360116416773002,0.17834802204626773,2000,False,True,False,True,384.29671239852905
0.01,-7.0,9,5,11009,-161.40891147175796,-167.00000000000009,3.347957202540193,,,2000,False,True,False,False,384.29671239852905
0.01,-7.0,9,6,11009,-161.8014281473584,-167.00000000000009,3.1129172770309514,,,2000,False,True,False,False,384.29671239852905
0.01,-7.0,9,7,11009,-160.89434080755225,-167.00000000000009,3.6560833487711544,,,2000,False,True,False,False,384.29671239852905
0.01,-3.0,13,0,11013,-79.81320689458994,-91.56603968487632,12.835362139428158,,,2000,False,True,False,False,385.0163383483887
0.01,-3.0,13,1,11013,-79.47647524300757,-91.56603968487632,13.203109453542897,,,2000,False,True,False,False,385.0163383483887
0.01,-3.0,13,2,11013,-85.62921835723621,-91.56603968487632,6.483649776785826,,,2000,False,True,False,False,385.0163383483887
0.01,-3.0,13,3,11013,-85.88242216425779,-91.56603968487632,6.207123885862754,0.8217276032240155,0.17589767447895593,2000,False,True,False,True,385.0163383483887
0.01,-3.0,13,4,11013,-85.52086578231459,-91.56603968487632,6.601982485391024,,,2000,False,True,False,False,385.0163383483887
0.01,-3.0,13,5,11013,-85.6673985435847,-91.56603968487632,6.441952891696244,,,2000,False,True,False,False,385.0163383483887
0.01,-3.0,13,6,11013,-85.59365013005049,-91.56603968487632,6.522494120505537,,,2000,False,True,False,False,385.0163383483887
0.01,-3.0,13,7,11013,-85.68708393462148,-91.56603968487632,6.420454319622432,,,2000,False,True,False,False,385.0163383483887
0.01,-8.0,8,0,11008,-184.65826400349025,-190.9999999999999,3.3202806264448403,,,2000,False,True,False,False,385.6042637825012
0.01,-8.0,8,1,11008,-184.70332261965376,-190.9999999999999,3.2966897279299108,,,2000,False,True,False,False,385.6042637825012
0.01,-8.0,8,2,11008,-185.2164661415909,-190.9999999999999,3.02802819811989,,,2000,False,True,False,False,385.6042637825012
0.01,-8.0,8,3,11008,-185.29881562383926,-190.9999999999999,2.9849132859479734,0.8360429556783926,0.1779578730696559,2000,False,True,False,True,385.6042637825012
0.01,-8.0,8,4,11008,-184.70536657221126,-190.9999999999999,3.295619595700853,,,2000,False,True,False,False,385.6042637825012
0.01,-8.0,8,5,11008,-184.31102833132474,-190.9999999999999,3.5020794076833277,,,2000,False,True,False,False,385.6042637825012
0.01,-8.0,8,6,11008,-183.76411845781746,-190.9999999999999,3.7884196555928957,,,2000,False,True,False,False,385.6042637825012
0.01,-8.0,8,7,11008,-185.28334520436346,-190.9999999999999,2.9930129820086036,,,2000,False,True,False,False,385.6042637825012
0.01,-6.0,10,0,11010,-138.08107058035927,-143.00000000000028,3.4398107829657394,,,2000,False,True,False,False,385.31957721710205
0.01,-6.0,10,1,11010,-138.4758897259162,-143.00000000000028,3.163713478380469,,,2000,False,True,False,False,385.31957721710205
0.01,-6.0,10,2,11010,-138.07960648696837,-143.00000000000028,3.4408346244978327,,,2000,False,True,False,False,385.31957721710205
0.01,-6.0,10,3,11010,-138.0577541094958,-143.00000000000028,3.4561160073457935,,,2000,False,True,False,False,385.31957721710205
0.01,-6.0,10,4,11010,-138.92496720606022,-143.00000000000028,2.849673282475566,0.8360381577708305,0.1779706543680773,2000,False,True,False,True,385.31957721710205
0.01,-6.0,10,5,11010,-137.75085110547198,-143.00000000000028,3.670733492677128,,,2000,False,True,False,False,385.31957721710205
0.01,-6.0,10,6,11010,-137.9084814808612,-143.00000000000028,3.5605024609364073,,,2000,False,True,False,False,385.31957721710205
0.01,-6.0,10,7,11010,-137.7508702578221,-143.00000000000028,3.670720099425296,,,2000,False,True,False,False,385.31957721710205
0.01,-5.0,11,0,11011,-114.80908010620288,-123.56603968487643,7.086865939060546,,,2000,False,True,False,False,386.3750445842743
0.01,-5.0,11,1,11011,-117.6239652718866,-123.56603968487643,4.808824842281558,,,2000,False,True,False,False,386.3750445842743
0.01,-5.0,11,2,11011,-116.166358674236,-123.56603968487643,5.988442317574819,,,2000,False,True,False,False,386.3750445842743
0.01,-5.0,11,3,11011,-115.4292937707116,-123.56603968487643,6.584937038457753,,,2000,False,True,False,False,386.3750445842743
0.01,-5.0,11,4,11011,-115.42925588888207,-123.56603968487643,6.584967695610498,,,2000,False,True,False,False,386.3750445842743
0.01,-5.0,11,5,11011,-117.67056577300659,-123.56603968487643,4.771111809445978,0.8215531118602527,0.17510176729921972,2000,False,True,False,True,386.3750445842743
0.01,-5.0,11,6,11011,-114.8083800086497,-123.56603968487643,7.087432516701914,,,2000,False,True,False,False,386.3750445842743
0.01,-5.0,11,7,11011,-115.44775728168332,-123.56603968487643,6.569994817262663,,,2000,False,True,False,False,386.3750445842743
0.01,-2.0,14,0,11014,-69.85820554807754,-75.5660396848763,7.553438238395767,,,2000,False,True,False,False,384.98926401138306
0.01,-2.0,14,1,11014,-69.7597603447553,-75.5660396848763,7.68371528312745,,,2000,False,True,False,False,384.98926401138306
0.01,-2.0,14,2,11014,-70.03507583565364,-75.5660396848763,7.319377689088579,0.8225455420256551,0.1753068076720738,2000,False,True,False,True,384.98926401138306
0.01,-2.0,14,3,11014,-69.59501988214886,-75.5660396848763,7.901723879705282,,,2000,False,True,False,False,384.98926401138306
0.01,-2.0,14,4,11014,-69.82219854630385,-75.5660396848763,7.60108795237289,,,2000,False,True,False,False,384.98926401138306
0.01,-2.0,14,5,11014,-69.88477338993792,-75.5660396848763,7.518279796890592,,,2000,False,True,False,False,384.98926401138306
0.01,-2.0,14,6,11014,-69.88513719787605,-75.5660396848763,7.517798353189631,,,2000,False,True,False,False,384.98926401138306
0.01,-2.0,14,7,11014,-63.60293773859813,-75.5660396848763,15.83132051933172,,,2000,False,True,False,False,384.98926401138306
0.01,1.0,17,0,11017,-24.77776097773899,-35.56603968487625,30.33308966284701,0.5261226768329962,0.16378362272437447,2000,False,True,False,True,383.8276369571686
0.01,1.0,17,1,11017,-24.582396709433294,-35.56603968487625,30.88238969747743,,,2000,False,True,False,False,383.8276369571686
0.01,1.0,17,2,11017,-24.686428405708305,-35.56603968487625,30.589886800903177,,,2000,False,True,False,False,383.8276369571686
0.01,1.0,17,3,11017,-24.687278910687706,-35.56603968487625,30.587495460773837,,,2000,False,True,False,False,383.8276369571686
0.01,1.0,17,4,11017,-24.615250561417554,-35.56603968487625,30.79001547680132,,,2000,False,True,False,False,383.8276369571686
0.01,1.0,17,5,11017,-24.75286984144074,-35.56603968487625,30.403075347277404,,,2000,False,True,False,False,383.8276369571686
0.01,1.0,17,6,11017,-24.690072670514752,-35.56603968487625,30.579640327473083,,,2000,False,True,False,False,383.8276369571686
0.01,1.0,17,7,11017,-24.568645553904044,-35.56603968487625,30.92105342178041,,,2000,False,True,False,False,383.8276369571686
0.01,0.0,16,0,11016,-38.36261792566156,-43.56603968487643,11.94375664359777,,,2000,False,True,False,False,385.2249972820282
0.01,0.0,16,1,11016,-36.905768163153034,-43.56603968487643,15.287759846657464,,,2000,False,True,False,False,385.2249972820282
0.01,0.0,16,2,11016,-38.302010795891746,-43.56603968487643,12.082872179938,,,2000,False,True,False,False,385.2249972820282
0.01,0.0,16,3,11016,-38.43203786051355,-43.56603968487643,11.784412495371022,,,2000,False,True,False,False,385.2249972820282
0.01,0.0,16,4,11016,-37.87542696092459,-43.56603968487643,13.062038149699623,,,2000,False,True,False,False,385.2249972820282
0.01,0.0,16,5,11016,-38.449975411095735,-43.56603968487643,11.743239254213623,0.8226649906519252,0.1929696001561244,2000,False,True,False,True,385.2249972820282
0.01,0.0,16,6,11016,-37.81212130743799,-43.56603968487643,13.207347785242598,,,2000,False,True,False,False,385.2249972820282
0.01,0.0,16,7,11016,-38.3461684977639,-43.56603968487643,11.981514098754687,,,2000,False,True,False,False,385.2249972820282
0.01,-9.0,7,0,11007,-206.9163362517607,-214.99999999999991,3.7598436038321954,,,2000,False,True,False,False,397.1646068096161
0.01,-9.0,7,1,11007,-208.1638965622147,-214.99999999999991,3.179582994318711,0.8359970824599517,0.178439642999708,2000,False,True,False,True,397.1646068096161
0.01,-9.0,7,2,11007,-207.82059986839312,-214.99999999999991,3.3392558751659536,,,2000,False,True,False,False,397.1646068096161
0.01,-9.0,7,3,11007,-207.82073868138653,-214.99999999999991,3.339191310982971,,,2000,False,True,False,False,397.1646068096161
0.01,-9.0,7,4,11007,-206.92120835567675,-214.99999999999991,3.7575775089875183,,,2000,False,True,False,False,397.1646068096161
0.01,-9.0,7,5,11007,-207.7597814608329,-214.99999999999991,3.3675435065893113,,,2000,False,True,False,False,397.1646068096161
0.01,-9.0,7,6,11007,-207.65559376839826,-214.99999999999991,3.416002898419375,,,2000,False,True,False,False,397.1646068096161
0.01,-9.0,7,7,11007,-207.77113936082588,-214.99999999999991,3.3622607624065273,,,2000,False,True,False,False,397.1646068096161
0.01,2.0,18,0,11018,-15.496762214291312,-27.566039684876344,43.78313899477785,,,2000,False,True,False,False,392.2407627105713
0.01,2.0,18,1,11018,-15.837099601361592,-27.566039684876344,42.54851337948861,,,2000,False,True,False,False,392.2407627105713
0.01,2.0,18,2,11018,-15.827076891033474,-27.566039684876344,42.58487228502126,,,2000,False,True,False,False,392.2407627105713
0.01,2.0,18,3,11018,-15.625477804247216,-27.566039684876344,43.316203622750066,,,2000,False,True,False,False,392.2407627105713
0.01,2.0,18,4,11018,-15.86030630616478,-27.566039684876344,42.464327529549784,0.5873029808351186,0.175975206477002,2000,False,True,False,True,392.2407627105713
0.01,2.0,18,5,11018,-15.385507829610432,-27.566039684876344,44.18673118993063,,,2000,False,True,False,False,392.2407627105713
0.01,2.0,18,6,11018,-15.478948957621585,-27.566039684876344,43.84775929161179,,,2000,False,True,False,False,392.2407627105713
0.01,2.0,18,7,11018,-15.581766463875427,-27.566039684876344,43.47477315566622,,,2000,False,True,False,False,392.2407627105713
0.01,3.0,19,0,11019,-7.459153994151822,-19.566039684876287,61.87703738576473,,,2000,False,True,False,False,393.5474650859833
0.01,3.0,19,1,11019,-7.5204109729005175,-19.566039684876287,61.56395931920002,,,2000,False,True,False,False,393.5474650859833
0.01,3.0,19,2,11019,-7.54145204677901,-19.566039684876287,61.456420572384765,0.5773377934180044,0.17767966960810105,2000,False,True,False,True,393.5474650859833
0.01,3.0,19,3,11019,-7.186710347475907,-19.566039684876287,63.26946861387117,,,2000,False,True,False,False,393.5474650859833
0.01,3.0,19,4,11019,-7.244168836009217,-19.566039684876287,62.975804236926656,,,2000,False,True,False,False,393.5474650859833
0.01,3.0,19,5,11019,-7.472888572734231,-19.566039684876287,61.80684137878727,,,2000,False,True,False,False,393.5474650859833
0.01,3.0,19,6,11019,-7.2971102062173525,-19.566039684876287,62.705226383355914,,,2000,False,True,False,False,393.5474650859833
0.01,3.0,19,7,11019,-7.10336025812852,-19.566039684876287,63.69546227784095,,,2000,False,True,False,False,393.5474650859833
0.01,4.0,20,0,11020,0.9685383836887906,-11.56603968487638,108.37398461424303,,,2000,False,True,False,False,394.2005259990692
0.01,4.0,20,1,11020,-0.06745382369856645,-11.56603968487638,99.41679411850222,,,2000,False,True,False,False,394.2005259990692
0.01,4.0,20,2,11020,0.1661646604319552,-11.56603968487638,101.43665995413478,,,2000,False,True,False,False,394.2005259990692
0.01,4.0,20,3,11020,-0.08833809478688598,-11.56603968487638,99.23622867296231,,,2000,False,True,False,False,394.2005259990692
0.01,4.0,20,4,11020,-0.05610798567493336,-11.56603968487638,99.5148902545415,,,2000,False,True,False,False,394.2005259990692
0.01,4.0,20,5,11020,-0.20173687144892055,-11.56603968487638,98.25578264518053,,,2000,False,True,False,False,394.2005259990692
0.01,4.0,20,6,11020,-0.4853871918742149,-11.56603968487638,95.8033414626019,0.5338845864793971,0.17517290707798205,2000,False,True,False,True,394.2005259990692
0.01,4.0,20,7,11020,-0.09391268710357836,-11.56603968487638,99.18803073772627,,,2000,False,True,False,False,394.2005259990692
0.01,7.0,23,0,11023,6.869586496558396,0.9999999999999978,586.9586496558411,,,2000,False,True,False,False,394.0401818752289
0.01,7.0,23,1,11023,5.369835848294019,0.9999999999999978,436.9835848294032,,,2000,False,True,False,False,394.0401818752289
0.01,7.0,23,2,11023,5.315953189146469,0.9999999999999978,431.5953189146481,0.8360234131058284,0.17935105220526287,2000,False,True,False,True,394.0401818752289
0.01,7.0,23,3,11023,5.324408699545386,0.9999999999999978,432.44086995453983,,,2000,False,True,False,False,394.0401818752289
0.01,7.0,23,4,11023,5.327894165594678,0.9999999999999978,432.789416559469,,,2000,False,True,False,False,394.0401818752289
0.01,7.0,23,5,11023,6.197852037354211,0.9999999999999978,519.7852037354224,,,2000,False,True,False,False,394.0401818752289
0.01,7.0,23,6,11023,5.482829961175241,0.9999999999999978,448.2829961175253,,,2000,False,True,False,False,394.0401818752289
0.01,7.0,23,7,11023,5.345830494623575,0.9999999999999978,434.5830494623587,,,2000,False,True,False,False,394.0401818752289
0.01,6.0,22,0,11022,5.314753615198268,0.9999999999999949,431.47536151982956,,,2000,False,True,False,False,395.67523312568665
0.01,6.0,22,1,11022,4.678518077403768,0.9999999999999949,367.85180774037923,,,2000,False,True,False,False,395.67523312568665
0.01,6.0,22,2,11022,4.8149819404579794,0.9999999999999949,381.49819404580046,,,2000,False,True,False,False,395.67523312568665
0.01,6.0,22,3,11022,4.654719106454512,0.9999999999999949,365.4719106454536,,,2000,False,True,False,False,395.67523312568665
0.01,6.0,22,4,11022,4.823074668361783,0.9999999999999949,382.30746683618077,,,2000,False,True,False,False,395.67523312568665
0.01,6.0,22,5,11022,5.317577397903412,0.9999999999999949,431.757739790344,,,2000,False,True,False,False,395.67523312568665
0.01,6.0,22,6,11022,4.6582630434956,0.9999999999999949,365.8263043495624,,,2000,False,True,False,False,395.67523312568665
0.01,6.0,22,7,11022,4.652026569801114,0.9999999999999949,365.20265698011383,0.8360254002477675,0.17937564633669364,2000,False,True,False,True,395.67523312568665
0.01,5.0,21,0,11021,4.40069354273035,-3.566039684876202,223.40562449133606,,,2000,False,True,False,False,397.2532448768616
0.01,5.0,21,1,11021,4.717977200662261,-3.566039684876202,232.3029920466533,,,2000,False,True,False,False,397.2532448768616
0.01,5.0,21,2,11021,8.855988471555527,-3.566039684876202,348.3423981262556,,,2000,False,True,False,False,397.2532448768616
0.01,5.0,21,3,11021,3.9947942695717478,-3.566039684876202,212.02327014233524,,,2000,False,True,False,False,397.2532448768616
0.01,5.0,21,4,11021,4.711748651091577,-3.566039684876202,232.12832911182676,,,2000,False,True,False,False,397.2532448768616
0.01,5.0,21,5,11021,3.981107102355681,-3.566039684876202,211.63945031906982,0.004890767447125573,0.1794654038490589,2000,False,True,False,True,397.2532448768616
0.01,5.0,21,6,11021,4.362189379913775,-3.566039684876202,222.3258787167763,,,2000,False,True,False,False,397.2532448768616
0.01,5.0,21,7,11021,4.419400505153515,-3.566039684876202,223.93021098156788,,,2000,False,True,False,False,397.2532448768616
0.01,8.0,24,0,11024,6.975711043597355,1.0000000000000138,597.5711043597258,,,2000,False,True,False,False,395.2790081501007
0.01,8.0,24,1,11024,5.980767667623499,1.0000000000000138,498.0767667623417,0.8360174039690423,0.17933394045783302,2000,False,True,False,True,395.2790081501007
0.01,8.0,24,2,11024,6.0528153338136015,1.0000000000000138,505.2815333813518,,,2000,False,True,False,False,395.2790081501007
0.01,8.0,24,3,11024,32.76747450663137,1.0000000000000138,3176.7474506630924,,,2000,False,True,False,False,395.2790081501007
0.01,8.0,24,4,11024,7.014405849505311,1.0000000000000138,601.4405849505215,,,2000,False,True,False,False,395.2790081501007
0.01,8.0,24,5,11024,6.023198123550454,1.0000000000000138,502.3198123550371,,,2000,False,True,False,False,395.2790081501007
0.01,8.0,24,6,11024,5.983856586383062,1.0000000000000138,498.38565863829797,,,2000,False,True,False,False,395.2790081501007
0.01,8.0,24,7,11024,7.692503153798874,1.0000000000000138,669.2503153798768,,,2000,False,True,False,False,395.2790081501007
0.01,10.0,26,0,11026,8.421052784658944,1.0000000000000429,742.1052784658583,,,2000,False,True,False,False,395.4045035839081
0.01,10.0,26,1,11026,8.312072315491115,1.0000000000000429,731.2072315490758,,,2000,False,True,False,False,395.4045035839081
0.01,10.0,26,2,11026,8.263906073803442,1.0000000000000429,726.3906073803089,,,2000,False,True,False,False,395.4045035839081
0.01,10.0,26,3,11026,7.358753473777203,1.0000000000000429,635.8753473776889,,,2000,False,True,False,False,395.4045035839081
0.01,10.0,26,4,11026,8.034054249226967,1.0000000000000429,703.4054249226624,,,2000,False,True,False,False,395.4045035839081
0.01,10.0,26,5,11026,7.302334898319508,1.0000000000000429,630.2334898319195,0.836027577503521,0.17927638077846322,2000,False,True,False,True,395.4045035839081
0.01,10.0,26,6,11026,7.305116708872568,1.0000000000000429,630.5116708872255,,,2000,False,True,False,False,395.4045035839081
0.01,10.0,26,7,11026,7.324474046095992,1.0000000000000429,632.4474046095679,,,2000,False,True,False,False,395.4045035839081
0.01,9.0,25,0,11025,6.8129253457592895,1.000000000000004,581.2925345759263,,,2000,False,True,False,False,395.61788415908813
0.01,9.0,25,1,11025,7.468228764692969,1.000000000000004,646.8228764692939,,,2000,False,True,False,False,395.61788415908813
0.01,9.0,25,2,11025,7.520809336154118,1.000000000000004,652.0809336154089,,,2000,False,True,False,False,395.61788415908813
0.01,9.0,25,3,11025,8.539712172442758,1.000000000000004,753.9712172442725,,,2000,False,True,False,False,395.61788415908813
0.01,9.0,25,4,11025,6.642270939465399,1.000000000000004,564.2270939465373,0.836026373293807,0.17939164527255996,2000,False,True,False,True,395.61788415908813
0.01,9.0,25,5,11025,6.649002699170898,1.000000000000004,564.9002699170873,,,2000,False,True,False,False,395.61788415908813
0.01,9.0,25,6,11025,7.531429708409031,1.000000000000004,653.1429708409001,,,2000,False,True,False,False,395.61788415908813
0.01,9.0,25,7,11025,6.6479318282396935,1.000000000000004,564.7931828239667,,,2000,False,True,False,False,395.61788415908813
0.01,11.0,27,0,11027,10.13029620502115,0.9999999999999576,913.029620502158,,,2000,False,True,False,False,374.73186111450195
0.01,11.0,27,1,11027,8.140710540387085,0.9999999999999576,714.071054038743,,,2000,False,True,False,False,374.73186111450195
0.01,11.0,27,2,11027,8.005276302648248,0.9999999999999576,700.5276302648588,,,2000,False,True,False,False,374.73186111450195
0.01,11.0,27,3,11027,7.98292154347703,0.9999999999999576,698.2921543477369,0.8360209281899603,0.17939493795377226,2000,False,True,False,True,374.73186111450195
0.01,11.0,27,4,11027,8.01942957089083,0.9999999999999576,701.942957089117,,,2000,False,True,False,False,374.73186111450195
0.01,11.0,27,5,11027,9.865226693970278,0.9999999999999576,886.5226693970698,,,2000,False,True,False,False,374.73186111450195
0.01,11.0,27,6,11027,10.1663042020664,0.9999999999999576,916.6304202066831,,,2000,False,True,False,False,374.73186111450195
0.01,11.0,27,7,11027,9.057364956657493,0.9999999999999576,805.7364956657876,,,2000,False,True,False,False,374.73186111450195
0.02,-6.0,10,0,12010,-134.84115798260888,-143.00000000000028,5.705483928245728,,,1698,True,False,False,False,337.0083122253418
0.02,-6.0,10,1,12010,-133.4867012096531,-143.00000000000028,6.652656496746276,,,2000,False,True,False,False,337.0083122253418
0.02,-6.0,10,2,12010,-135.08934048369596,-143.00000000000028,5.531929731681332,,,1190,True,False,False,False,337.0083122253418
0.02,-6.0,10,3,12010,-134.83863694408407,-143.00000000000028,5.7072468922490875,,,2000,False,True,False,False,337.0083122253418
0.02,-6.0,10,4,12010,-134.72326568079384,-143.00000000000028,5.78792609734715,,,2000,False,True,False,False,337.0083122253418
0.02,-6.0,10,5,12010,-135.66526728157112,-143.00000000000028,5.129183719181225,0.7210880623887326,0.31015059048478794,1882,True,False,False,True,337.0083122253418
0.02,-6.0,10,6,12010,-134.8411580851276,-143.00000000000028,5.705483856554312,,,1679,True,False,False,False,337.0083122253418
0.02,-6.0,10,7,12010,-134.84115765435453,-143.00000000000028,5.705484157794221,,,1502,True,False,False,False,337.0083122253418
0.01,13.0,29,0,11029,10.477897807215113,0.9999999999999853,947.7897807215265,,,2000,False,True,False,False,374.03701853752136
0.01,13.0,29,1,11029,9.317266315313244,0.9999999999999853,831.7266315313381,,,2000,False,True,False,False,374.03701853752136
0.01,13.0,29,2,11029,10.260433917004127,0.9999999999999853,926.0433917004276,,,2000,False,True,False,False,374.03701853752136
0.01,13.0,29,3,11029,9.391925039803695,0.9999999999999853,839.1925039803832,,,2000,False,True,False,False,374.03701853752136
0.01,13.0,29,4,11029,10.303933299814569,0.9999999999999853,930.393329981472,,,2000,False,True,False,False,374.03701853752136
0.01,13.0,29,5,11029,9.519026379622602,0.9999999999999853,851.9026379622741,,,2000,False,True,False,False,374.03701853752136
0.01,13.0,29,6,11029,9.444519598745348,0.9999999999999853,844.4519598745487,,,2000,False,True,False,False,374.03701853752136
0.01,13.0,29,7,11029,9.302358304816305,0.9999999999999853,830.235830481644,0.8359989250518524,0.17953483327665906,2000,False,True,False,True,374.03701853752136
0.01,16.0,32,0,11032,11.341141476826694,1.0000000000000222,1034.1141476826442,,,2000,False,True,False,False,374.3808043003082
0.01,16.0,32,1,11032,11.429928377455337,1.0000000000000222,1042.9928377455085,,,2000,False,True,False,False,374.3808043003082
0.01,16.0,32,2,11032,14.070393962497448,1.0000000000000222,1307.0393962497137,,,2000,False,True,False,False,374.3808043003082
0.01,16.0,32,3,11032,11.422482534923072,1.0000000000000222,1042.2482534922817,,,2000,False,True,False,False,374.3808043003082
0.01,16.0,32,4,11032,11.338868337263062,1.0000000000000222,1033.886833726281,0.8359880431563763,0.1797305752638796,2000,False,True,False,True,374.3808043003082
0.01,16.0,32,5,11032,12.575265030711357,1.0000000000000222,1157.5265030711078,,,2000,False,True,False,False,374.3808043003082
0.01,16.0,32,6,11032,12.562390526741966,1.0000000000000222,1156.2390526741685,,,2000,False,True,False,False,374.3808043003082
0.01,16.0,32,7,11032,12.86018720500461,1.0000000000000222,1186.0187205004327,,,2000,False,True,False,False,374.3808043003082
0.01,12.0,28,0,11028,8.639976864386322,0.9999999999999709,763.9976864386573,0.8360317520994625,0.17923011712793346,2000,False,True,False,True,376.17771339416504
0.01,12.0,28,1,11028,9.777577031249786,0.9999999999999709,877.757703125007,,,2000,False,True,False,False,376.17771339416504
0.01,12.0,28,2,11028,8.666054336080903,0.9999999999999709,766.6054336081155,,,2000,False,True,False,False,376.17771339416504
0.01,12.0,28,3,11028,8.662619977939592,0.9999999999999709,766.2619977939844,,,2000,False,True,False,False,376.17771339416504
0.01,12.0,28,4,11028,9.968472885746634,0.9999999999999709,896.8472885746924,,,2000,False,True,False,False,376.17771339416504
0.01,12.0,28,5,11028,8.723759901928263,0.9999999999999709,772.3759901928518,,,2000,False,True,False,False,376.17771339416504
0.01,12.0,28,6,11028,8.75842112216942,0.9999999999999709,775.8421122169675,,,2000,False,True,False,False,376.17771339416504
0.01,12.0,28,7,11028,9.698133136111895,0.9999999999999709,869.8133136112176,,,2000,False,True,False,False,376.17771339416504
0.01,14.0,30,0,11030,11.369764731898051,1.000000000000024,1036.9764731897778,,,2000,False,True,False,False,376.1122512817383
0.01,14.0,30,1,11030,10.092313806787574,1.000000000000024,909.2313806787333,,,2000,False,True,False,False,376.1122512817383
0.01,14.0,30,2,11030,11.305933333404383,1.000000000000024,1030.5933333404112,,,2000,False,True,False,False,376.1122512817383
0.01,14.0,30,3,11030,11.269171501748978,1.000000000000024,1026.9171501748706,,,2000,False,True,False,False,376.1122512817383
0.01,14.0,30,4,11030,10.0931593418366,1.000000000000024,909.3159341836357,,,2000,False,True,False,False,376.1122512817383
0.01,14.0,30,5,11030,11.31128068297748,1.000000000000024,1031.128068297721,,,2000,False,True,False,False,376.1122512817383
0.01,14.0,30,6,11030,12.574331046799282,1.000000000000024,1157.4331046798982,,,2000,False,True,False,False,376.1122512817383
0.01,14.0,30,7,11030,10.086164828245797,1.000000000000024,908.6164828245555,0.8359849592306061,0.1798112813697655,2000,False,True,False,True,376.1122512817383
0.01,15.0,31,0,11031,13.30440614671464,0.9999999999999767,1230.440614671495,,,2000,False,True,False,False,376.1189889907837
0.01,15.0,31,1,11031,10.62346986820745,0.9999999999999767,962.3469868207698,0.8360285585719708,0.17925549012489944,2000,False,True,False,True,376.1189889907837
0.01,15.0,31,2,11031,13.16389525115885,0.9999999999999767,1216.3895251159158,,,2000,False,True,False,False,376.1189889907837
0.01,15.0,31,3,11031,12.15321761864885,0.9999999999999767,1115.3217618649132,,,2000,False,True,False,False,376.1189889907837
0.01,15.0,31,4,11031,12.213897416419176,0.9999999999999767,1121.389741641946,,,2000,False,True,False,False,376.1189889907837
0.01,15.0,31,5,11031,10.781042877603918,0.9999999999999767,978.1042877604168,,,2000,False,True,False,False,376.1189889907837
0.01,15.0,31,6,11031,10.788099944762113,0.9999999999999767,978.8099944762363,,,2000,False,True,False,False,376.1189889907837
0.01,15.0,31,7,11031,10.772488858794729,0.9999999999999767,977.248885879498,,,2000,False,True,False,False,376.1189889907837
0.02,-15.0,1,0,12001,-335.7778289274994,-358.99999999999966,6.468571329387266,,,2000,False,True,False,False,375.4185314178467
0.02,-15.0,1,1,12001,-338.4654737931933,-358.99999999999966,5.719923734486449,0.7210525651392443,0.31024809087535343,2000,False,True,False,True,375.4185314178467
0.02,-15.0,1,2,12001,-335.7042286074261,-358.99999999999966,6.489072811301833,,,2000,False,True,False,False,375.4185314178467
0.02,-15.0,1,3,12001,-336.40731588969516,-358.99999999999966,6.293226771672569,,,2000,False,True,False,False,375.4185314178467
0.02,-15.0,1,4,12001,-338.44390341196817,-358.99999999999966,5.725932197223263,,,2000,False,True,False,False,375.4185314178467
0.02,-15.0,1,5,12001,-336.4598642666494,-358.99999999999966,6.278589340766097,,,2000,False,True,False,False,375.4185314178467
0.02,-15.0,1,6,12001,-335.7496215292914,-358.99999999999966,6.476428543372779,,,2000,False,True,False,False,375.4185314178467
0.02,-15.0,1,7,12001,-336.43950458152483,-358.99999999999966,6.284260562249262,,,2000,False,True,False,False,375.4185314178467
0.02,-16.0,0,0,12000,-358.8035535294044,-382.9999999999999,6.317610044541909,,,2000,False,True,False,False,376.0317208766937
0.02,-16.0,0,1,12000,-358.88503133759684,-382.9999999999999,6.296336465379386,,,2000,False,True,False,False,376.0317208766937
0.02,-16.0,0,2,12000,-358.8824625341925,-382.9999999999999,6.2970071712290885,,,2000,False,True,False,False,376.0317208766937
0.02,-16.0,0,3,12000,-361.00173847043277,-382.9999999999999,5.743671417641546,0.7210586681713095,0.3102306173152516,2000,False,True,False,True,376.0317208766937
0.02,-16.0,0,4,12000,-358.63453466282755,-382.9999999999999,6.36174029691184,,,2000,False,True,False,False,376.0317208766937
0.02,-16.0,0,5,12000,-357.6524698107261,-382.9999999999999,6.618154096416141,,,2000,False,True,False,False,376.0317208766937
0.02,-16.0,0,6,12000,-357.73282123136,-382.9999999999999,6.597174613221907,,,2000,False,True,False,False,376.0317208766937
0.02,-16.0,0,7,12000,-358.62098415967233,-382.9999999999999,6.365278287291791,,,2000,False,True,False,False,376.0317208766937
0.02,-14.0,2,0,12002,-315.56793234342047,-335.0000000000001,5.800617210919295,,,2000,False,True,False,False,376.37902903556824
0.02,-14.0,2,1,12002,-315.9328593040612,-335.0000000000001,5.691683789832511,0.7211318412830051,0.3099840579611969,2000,False,True,False,True,376.37902903556824
0.02,-14.0,2,2,12002,-313.3648989035008,-335.0000000000001,6.458239133283383,,,2000,False,True,False,False,376.37902903556824
0.02,-14.0,2,3,12002,-314.0113863491933,-335.0000000000001,6.2652578062109905,,,2000,False,True,False,False,376.37902903556824
0.02,-14.0,2,4,12002,-313.34475480917627,-335.0000000000001,6.46425229576831,,,2000,False,True,False,False,376.37902903556824
0.02,-14.0,2,5,12002,-311.85945854466536,-335.0000000000001,6.907624315025298,,,2000,False,True,False,False,376.37902903556824
0.02,-14.0,2,6,12002,-314.0589501738275,-335.0000000000001,6.251059649603764,,,2000,False,True,False,False,376.37902903556824
0.02,-14.0,2,7,12002,-311.9008885069949,-335.0000000000001,6.895257162091113,,,2000,False,True,False,False,376.37902903556824
0.02,-13.0,3,0,12003,-288.01613540101516,-311.0,7.390310160445285,,,2000,False,True,False,False,376.56802225112915
0.02,-13.0,3,1,12003,-289.6277360424808,-311.0,6.872110597273048,,,2000,False,True,False,False,376.56802225112915
0.02,-13.0,3,2,12003,-288.19307806768416,-311.0,7.333415412320207,,,2000,False,True,False,False,376.56802225112915
0.02,-13.0,3,3,12003,-290.9378798521735,-311.0,6.4508424912625335,,,2000,False,True,False,False,376.56802225112915
0.02,-13.0,3,4,12003,-290.55078993958585,-311.0,6.5753087010977955,,,2000,False,True,False,False,376.56802225112915
0.02,-13.0,3,5,12003,-289.60425416113486,-311.0,6.879661041435736,,,2000,False,True,False,False,376.56802225112915
0.02,-13.0,3,6,12003,-291.4584097555876,-311.0,6.283469531965408,0.7208504285871333,0.3410539123948796,2000,False,True,False,True,376.56802225112915
0.02,-13.0,3,7,12003,-288.2300612031384,-311.0,7.3215237288944035,,,2000,False,True,False,False,376.56802225112915
0.02,-5.0,11,0,12011,-113.1297342698066,-123.56603968487643,8.445933398597989,,,1363,True,False,False,False,360.1714470386505
0.02,-5.0,11,1,12011,-112.43801085808259,-123.56603968487643,9.005733982551376,,,2000,False,True,False,False,360.1714470386505
0.02,-5.0,11,2,12011,-111.12869854540574,-123.56603968487643,10.065339288358635,,,2000,False,True,False,False,360.1714470386505
0.02,-5.0,11,3,12011,-111.19626475489335,-123.56603968487643,10.010659046392542,,,2000,False,True,False,False,360.1714470386505
0.02,-5.0,11,4,12011,-112.6836306120262,-123.56603968487643,8.806957883090712,,,2000,False,True,False,False,360.1714470386505
0.02,-5.0,11,5,12011,-112.55980548674633,-123.56603968487643,8.907167556877834,,,2000,False,True,False,False,360.1714470386505
0.02,-5.0,11,6,12011,-113.2358273122083,-123.56603968487643,8.360074013064343,0.5319904424940398,0.31644409005437624,2000,False,True,False,True,360.1714470386505
0.02,-5.0,11,7,12011,-112.43795186450541,-123.56603968487643,9.00578172510049,,,1577,True,False,False,False,360.1714470386505
0.02,-9.0,7,0,12007,-199.1851136969925,-214.99999999999991,7.355761071166247,,,2000,False,True,False,False,366.77487540245056
0.02,-9.0,7,1,12007,-201.0010834935095,-214.99999999999991,6.511123956507173,,,2000,False,True,False,False,366.77487540245056
0.02,-9.0,7,2,12007,-201.9948920755134,-214.99999999999991,6.048887406737913,,,2000,False,True,False,False,366.77487540245056
0.02,-9.0,7,3,12007,-200.6585634054179,-214.99999999999991,6.670435625386982,,,1267,True,False,False,False,366.77487540245056
0.02,-9.0,7,4,12007,-203.27219692023613,-214.99999999999991,5.454792130122694,,,2000,False,True,False,False,366.77487540245056
0.02,-9.0,7,5,12007,-200.53111090170117,-214.99999999999991,6.729715859673838,,,2000,False,True,False,False,366.77487540245056
0.02,-9.0,7,6,12007,-202.67794358735938,-214.99999999999991,5.731189029135135,,,2000,False,True,False,False,366.77487540245056
0.02,-9.0,7,7,12007,-203.2722346264785,-214.99999999999991,5.454774592335541,0.7210895490009673,0.310161137419119,2000,False,True,False,True,366.77487540245056
0.02,-12.0,4,0,12004,-269.2650312239256,-286.9999999999998,6.17943162929415,,,2000,False,True,False,False,388.3037552833557
0.02,-12.0,4,1,12004,-270.2420425000918,-286.9999999999998,5.839009581849463,,,2000,False,True,False,False,388.3037552833557
0.02,-12.0,4,2,12004,-267.3421329929092,-286.9999999999998,6.8494310129235405,,,2000,False,True,False,False,388.3037552833557
0.02,-12.0,4,3,12004,-268.1831250236099,-286.9999999999998,6.556402430797879,,,2000,False,True,False,False,388.3037552833557
0.02,-12.0,4,4,12004,-269.0138271899834,-286.9999999999998,6.2669591672531055,,,2000,False,True,False,False,388.3037552833557
0.02,-12.0,4,5,12004,-270.50301953264443,-286.9999999999998,5.7480768178938515,0.7208916276331722,0.3114039586007545,2000,False,True,False,True,388.3037552833557
0.02,-12.0,4,6,12004,-269.262630524024,-286.9999999999998,6.180268110096086,,,2000,False,True,False,False,388.3037552833557
0.02,-12.0,4,7,12004,-268.1652895589457,-286.9999999999998,6.562616878416063,,,2000,False,True,False,False,388.3037552833557
0.02,-7.0,9,0,12009,-156.5449109911463,-167.00000000000009,6.260532340631,,,1791,True,False,False,False,375.2711203098297
0.02,-7.0,9,1,12009,-157.24458990898955,-167.00000000000009,5.841562928748818,,,1760,True,False,False,False,375.2711203098297
0.02,-7.0,9,2,12009,-157.14729733101896,-167.00000000000009,5.899821957473724,,,2000,False,True,False,False,375.2711203098297
0.02,-7.0,9,3,12009,-157.24458950836325,-167.00000000000009,5.84156316864481,,,1989,True,False,False,False,375.2711203098297
0.02,-7.0,9,4,12009,-158.20085549600591,-167.00000000000009,5.268948804786926,0.721089142512374,0.31015040139539457,2000,False,True,False,True,375.2711203098297
0.02,-7.0,9,5,12009,-157.24072776396375,-167.00000000000009,5.843875590440918,,,2000,False,True,False,False,375.2711203098297
0.02,-7.0,9,6,12009,-157.23762193059295,-167.00000000000009,5.845735370902473,,,2000,False,True,False,False,375.2711203098297
0.02,-7.0,9,7,12009,-155.9872198988359,-167.00000000000009,6.594479102493528,,,2000,False,True,False,False,375.2711203098297
0.02,-11.0,5,0,12005,-248.34314226897092,-262.9999999999997,5.572949707615517,0.7210890354578107,0.310202424780461,2000,False,True,False,True,388.18616795539856
0.02,-11.0,5,1,12005,-244.76247047768206,-262.9999999999997,6.93442187160368,,,2000,False,True,False,False,388.18616795539856
0.02,-11.0,5,2,12005,-247.7348712479397,-262.9999999999997,5.804231464661607,,,2000,False,True,False,False,388.18616795539856
0.02,-11.0,5,3,12005,-244.7142171595571,-262.9999999999997,6.952769140852711,,,2000,False,True,False,False,388.18616795539856
0.02,-11.0,5,4,12005,-246.7499607842003,-262.9999999999997,6.178722135284951,,,2000,False,True,False,False,388.18616795539856
0.02,-11.0,5,5,12005,-246.8587213622309,-262.9999999999997,6.137368303334154,,,2000,False,True,False,False,388.18616795539856
0.02,-11.0,5,6,12005,-246.15883707331952,-262.9999999999997,6.403484002540007,,,2000,False,True,False,False,388.18616795539856
0.02,-11.0,5,7,12005,-245.02588636882538,-262.9999999999997,6.834263738089108,,,2000,False,True,False,False,388.18616795539856
0.02,-10.0,6,0,12006,-224.35969295111957,-239.00000000000006,6.125651484887232,,,2000,False,True,False,False,389.6472225189209
0.02,-10.0,6,1,12006,-223.31687924612865,-239.00000000000006,6.561975210824855,,,2000,False,True,False,False,389.6472225189209
0.02,-10.0,6,2,12006,-224.07084027789224,-239.00000000000006,6.246510343978163,,,2000,False,True,False,False,389.6472225189209
0.02,-10.0,6,3,12006,-224.4477473236434,-239.00000000000006,6.088808651195253,,,2000,False,True,False,False,389.6472225189209
0.02,-10.0,6,4,12006,-223.2003011339099,-239.00000000000006,6.610752663636046,,,2000,False,True,False,False,389.6472225189209
0.02,-10.0,6,5,12006,-224.5124727449164,-239.00000000000006,6.061726884972236,0.7208467269492419,0.2517110632294704,2000,False,True,False,True,389.6472225189209
0.02,-10.0,6,6,12006,-224.5116185218151,-239.00000000000006,6.062084300495793,,,2000,False,True,False,False,389.6472225189209
0.02,-10.0,6,7,12006,-224.40078603144417,-239.00000000000006,6.10845772742924,,,2000,False,True,False,False,389.6472225189209
0.02,-8.0,8,0,12008,-177.80185558956774,-190.9999999999999,6.9100232515351605,,,2000,False,True,False,False,388.67485547065735
0.02,-8.0,8,1,12008,-179.64824091289495,-190.9999999999999,5.943329364976411,,,2000,False,True,False,False,388.67485547065735
0.02,-8.0,8,2,12008,-180.70429170075596,-190.9999999999999,5.390423193321431,,,2000,False,True,False,False,388.67485547065735
0.02,-8.0,8,3,12008,-177.9401409140367,-190.9999999999999,6.837622558095911,,,2000,False,True,False,False,388.67485547065735
0.02,-8.0,8,4,12008,-179.64824326509154,-190.9999999999999,5.943328133459872,,,2000,False,True,False,False,388.67485547065735
0.02,-8.0,8,5,12008,-180.7319133247682,-190.9999999999999,5.3759616100689565,0.7210641229848326,0.31028893527146556,2000,False,True,False,True,388.67485547065735
0.02,-8.0,8,6,12008,-180.14840920834587,-190.9999999999999,5.681461147462841,,,2000,False,True,False,False,388.67485547065735
0.02,-8.0,8,7,12008,-177.70244528752588,-190.9999999999999,6.962070530091109,,,2000,False,True,False,False,388.67485547065735
0.02,-3.0,13,0,12013,-75.30104101317171,-91.56603968487632,17.76313437567077,,,2000,False,True,False,False,390.02450346946716
0.02,-3.0,13,1,12013,-81.41279096995957,-91.56603968487632,11.08844365209968,,,2000,False,True,False,False,390.02450346946716
0.02,-3.0,13,2,12013,-81.67954888706382,-91.56603968487632,10.797115209783852,0.6960348360131174,0.3075164106809363,2000,False,True,False,True,390.02450346946716
0.02,-3.0,13,3,12013,-81.49183776294373,-91.56603968487632,11.002116020964605,,,2000,False,True,False,False,390.02450346946716
0.02,-3.0,13,4,12013,-75.30047993868781,-91.56603968487632,17.76374712957585,,,2000,False,True,False,False,390.02450346946716
0.02,-3.0,13,5,12013,-81.43234137729013,-91.56603968487632,11.067092496804728,,,2000,False,True,False,False,390.02450346946716
0.02,-3.0,13,6,12013,-81.3304733475532,-91.56603968487632,11.178343382053793,,,2000,False,True,False,False,390.02450346946716
0.02,-3.0,13,7,12013,-81.49505628740322,-91.56603968487632,10.99860104481126,,,2000,False,True,False,False,390.02450346946716
0.02,-4.0,12,0,12012,-97.36301885089495,-107.56603968487642,9.48535510266257,,,2000,False,True,False,False,390.90012884140015
0.02,-4.0,12,1,12012,-97.36105477158351,-107.56603968487642,9.487181031475407,,,2000,False,True,False,False,390.90012884140015
0.02,-4.0,12,2,12012,-97.36043080062255,-107.56603968487642,9.487761113221268,,,2000,False,True,False,False,390.90012884140015
0.02,-4.0,12,3,12012,-88.70368597650072,-107.56603968487642,17.535603024555442,,,2000,False,True,False,False,390.90012884140015
0.02,-4.0,12,4,12012,-97.29744553362202,-107.56603968487642,9.546316087621227,,,2000,False,True,False,False,390.90012884140015
0.02,-4.0,12,5,12012,-97.52257002296285,-107.56603968487642,9.337026529317928,,,2000,False,True,False,False,390.90012884140015
0.02,-4.0,12,6,12012,-97.52271129440723,-107.56603968487642,9.336895194702663,0.6953675236503691,0.30649296564906425,2000,False,True,False,True,390.90012884140015
0.02,-4.0,12,7,12012,-96.99371922301343,-107.56603968487642,9.828678728746983,,,2000,False,True,False,False,390.90012884140015
0.02,-2.0,14,0,12014,-65.55298162404773,-75.5660396848763,13.250738165695578,,,2000,False,True,False,False,385.48850107192993
0.02,-2.0,14,1,12014,-65.60471404627646,-75.5660396848763,13.182278282864008,,,2000,False,True,False,False,385.48850107192993
0.02,-2.0,14,2,12014,-65.53061644898844,-75.5660396848763,13.28033502580967,,,2000,False,True,False,False,385.48850107192993
0.02,-2.0,14,3,12014,-65.66475977008345,-75.5660396848763,13.102817027441075,,,2000,False,True,False,False,385.48850107192993
0.02,-2.0,14,4,12014,-65.64747110133142,-75.5660396848763,13.125695914338056,,,2000,False,True,False,False,385.48850107192993
0.02,-2.0,14,5,12014,-65.63996206211597,-75.5660396848763,13.135632969722675,,,2000,False,True,False,False,385.48850107192993
0.02,-2.0,14,6,12014,-65.93345112640921,-75.5660396848763,12.747245453958792,0.6976512330231674,0.3068320566771417,2000,False,True,False,True,385.48850107192993
0.02,-2.0,14,7,12014,-60.014575362339855,-75.5660396848763,20.57996473996625,,,2000,False,True,False,False,385.48850107192993
0.02,0.0,16,0,12016,-34.62191778772919,-43.56603968487643,20.530032019991285,,,2000,False,True,False,False,382.2965235710144
0.02,0.0,16,1,12016,-34.06120935822016,-43.56603968487643,21.817063004594807,,,2000,False,True,False,False,382.2965235710144
0.02,0.0,16,2,12016,-32.12717317733296,-43.56603968487643,26.256383619634743,,,2000,False,True,False,False,382.2965235710144
0.02,0.0,16,3,12016,-34.64191379586402,-43.56603968487643,20.48413386565027,0.6975197887804828,0.339497157138129,2000,False,True,False,True,382.2965235710144
0.02,0.0,16,4,12016,-33.2369641453317,-43.56603968487643,23.70900732372601,,,2000,False,True,False,False,382.2965235710144
0.02,0.0,16,5,12016,-34.50724497783074,-43.56603968487643,20.793248072512714,,,2000,False,True,False,False,382.2965235710144
0.02,0.0,16,6,12016,-33.85884890410648,-43.56603968487643,22.281554281693676,,,2000,False,True,False,False,382.2965235710144
0.02,0.0,16,7,12016,-34.629550951694185,-43.56603968487643,20.512511116048195,,,2000,False,True,False,False,382.2965235710144
0.02,1.0,17,0,12017,-20.937261299009936,-35.56603968487625,41.1313109794648,,,2000,False,True,False,False,383.8194282054901
0.02,1.0,17,1,12017,-21.28136332057894,-35.56603968487625,40.163809327276844,,,2000,False,True,False,False,383.8194282054901
0.02,1.0,17,2,12017,-21.14532680759637,-35.56603968487625,40.546299236718234,,,2000,False,True,False,False,383.8194282054901
0.02,1.0,17,3,12017,-21.545314499925848,-35.56603968487625,39.421665468456524,0.45666665402695156,0.3152600732085883,2000,False,True,False,True,383.8194282054901
0.02,1.0,17,4,12017,-21.300273989117546,-35.56603968487625,40.11063875021468,,,2000,False,True,False,False,383.8194282054901
0.02,1.0,17,5,12017,-21.095846723701857,-35.56603968487625,40.685420950389236,,,2000,False,True,False,False,383.8194282054901
0.02,1.0,17,6,12017,-21.31008032828237,-35.56603968487625,40.08306655142137,,,2000,False,True,False,False,383.8194282054901
0.02,1.0,17,7,12017,-20.933228742100358,-35.56603968487625,41.14264920251497,,,2000,False,True,False,False,383.8194282054901
0.02,2.0,18,0,12018,-12.270844967515997,-27.566039684876344,55.48564426449624,,,2000,False,True,False,False,383.19930124282837
0.02,2.0,18,1,12018,-12.797103681491311,-27.566039684876344,53.57656076903846,0.49466561317112845,0.31315890218149006,2000,False,True,False,True,383.19930124282837
0.02,2.0,18,2,12018,-11.979564901647782,-27.566039684876344,56.542306988623494,,,2000,False,True,False,False,383.19930124282837
0.02,2.0,18,3,12018,-12.331749156393794,-27.566039684876344,55.2647050596847,,,2000,False,True,False,False,383.19930124282837
0.02,2.0,18,4,12018,-12.726275809318022,-27.566039684876344,53.83349964376608,,,2000,False,True,False,False,383.19930124282837
0.02,2.0,18,5,12018,-11.504022561234814,-27.566039684876344,58.267409128245916,,,2000,False,True,False,False,383.19930124282837
0.02,2.0,18,6,12018,-12.41731205454191,-27.566039684876344,54.9543126379722,,,2000,False,True,False,False,383.19930124282837
0.02,2.0,18,7,12018,-12.089706293093897,-27.566039684876344,56.14275234564536,,,2000,False,True,False,False,383.19930124282837
0.02,5.0,21,0,12021,6.326495458675708,-3.566039684876202,277.40956404682686,0.010174510375416782,0.31491652974031187,2000,False,True,False,True,382.8371162414551
0.02,5.0,21,1,12021,7.669484244880415,-3.566039684876202,315.0700755632973,,,2000,False,True,False,False,382.8371162414551
0.02,5.0,21,2,12021,7.413734311491417,-3.566039684876202,307.89825595417597,,,2000,False,True,False,False,382.8371162414551
0.02,5.0,21,3,12021,6.338821456644815,-3.566039684876202,277.75521353641,,,2000,False,True,False,False,382.8371162414551
0.02,5.0,21,4,12021,6.329294678436252,-3.566039684876202,277.48806064271207,,,2000,False,True,False,False,382.8371162414551
0.02,5.0,21,5,12021,6.336686206028908,-3.566039684876202,277.6953361709123,,,2000,False,True,False,False,382.8371162414551
0.02,5.0,21,6,12021,7.427019554584501,-3.566039684876202,308.2708048954967,,,2000,False,True,False,False,382.8371162414551
0.02,5.0,21,7,12021,6.337121449594648,-3.566039684876202,277.7075414070902,,,2000,False,True,False,False,382.8371162414551
0.02,4.0,20,0,12020,3.520972273903058,-11.56603968487638,130.44233263791273,,,2000,False,True,False,False,383.55521416664124
0.02,4.0,20,1,12020,2.7974742784546263,-11.56603968487638,124.1869676628602,0.42490859218849164,0.30775971257449664,2000,False,True,False,True,383.55521416664124
0.02,4.0,20,2,12020,5.729226713178585,-11.56603968487638,149.5349045072883,,,2000,False,True,False,False,383.55521416664124
0.02,4.0,20,3,12020,3.752325156807948,-11.56603968487638,132.4426100812575,,,2000,False,True,False,False,383.55521416664124
0.02,4.0,20,4,12020,2.8922915661725055,-11.56603968487638,125.0067581036786,,,2000,False,True,False,False,383.55521416664124
0.02,4.0,20,5,12020,4.850490153177478,-11.56603968487638,141.9373466228023,,,2000,False,True,False,False,383.55521416664124
0.02,4.0,20,6,12020,3.5279672115046297,-11.56603968487638,130.5028108810465,,,2000,False,True,False,False,383.55521416664124
0.02,4.0,20,7,12020,3.755043825516712,-11.56603968487638,132.4661156958225,,,2000,False,True,False,False,383.55521416664124
0.02,3.0,19,0,12019,-4.378081551224765,-19.566039684876287,77.62407916095133,,,2000,False,True,False,False,384.2960181236267
0.02,3.0,19,1,12019,-3.774073682005303,-19.566039684876287,80.71110075013034,,,2000,False,True,False,False,384.2960181236267
0.02,3.0,19,2,12019,-3.8964856582288454,-19.566039684876287,80.08546583271696,,,2000,False,True,False,False,384.2960181236267
0.02,3.0,19,3,12019,-4.239972387724638,-19.566039684876287,78.32994077487253,,,2000,False,True,False,False,384.2960181236267
0.02,3.0,19,4,12019,-4.519910746172699,-19.566039684876287,76.89920485203557,0.509481795575191,0.3085403774437312,2000,False,True,False,True,384.2960181236267
0.02,3.0,19,5,12019,-3.3395154021598294,-19.566039684876287,82.93208305847844,,,2000,False,True,False,False,384.2960181236267
0.02,3.0,19,6,12019,-4.289865248266895,-19.566039684876287,78.07494353809994,,,2000,False,True,False,False,384.2960181236267
0.02,3.0,19,7,12019,-4.297168373372621,-19.566039684876287,78.03761802295563,,,2000,False,True,False,False,384.2960181236267
0.02,6.0,22,0,12022,7.551367351330924,0.9999999999999949,655.1367351330963,,,2000,False,True,False,False,383.6630754470825
0.02,6.0,22,1,12022,8.751432938167426,0.9999999999999949,775.1432938167471,,,2000,False,True,False,False,383.6630754470825
0.02,6.0,22,2,12022,8.047331520104214,0.9999999999999949,704.7331520104256,,,2000,False,True,False,False,383.6630754470825
0.02,6.0,22,3,12022,7.519053336994743,0.9999999999999949,651.9053336994781,0.7210507314177532,0.3150825545368806,2000,False,True,False,True,383.6630754470825
0.02,6.0,22,4,12022,7.542748211830389,0.9999999999999949,654.2748211830428,,,2000,False,True,False,False,383.6630754470825
0.02,6.0,22,5,12022,7.533185388416823,0.9999999999999949,653.3185388416862,,,2000,False,True,False,False,383.6630754470825
0.02,6.0,22,6,12022,9.610312163640938,0.9999999999999949,861.0312163640988,,,2000,False,True,False,False,383.6630754470825
0.02,6.0,22,7,12022,7.519659200425408,0.9999999999999949,651.9659200425446,,,2000,False,True,False,False,383.6630754470825
0.02,7.0,23,0,12023,8.694820441454965,0.9999999999999978,769.4820441454983,0.7210561921422862,0.314618626651109,2000,False,True,False,True,383.51839232444763
0.02,7.0,23,1,12023,8.710185008527588,0.9999999999999978,771.0185008527607,,,2000,False,True,False,False,383.51839232444763
0.02,7.0,23,2,12023,8.78464705443016,0.9999999999999978,778.4647054430178,,,2000,False,True,False,False,383.51839232444763
0.02,7.0,23,3,12023,28.423415901736526,0.9999999999999978,2742.341590173659,,,2000,False,True,False,False,383.51839232444763
0.02,7.0,23,4,12023,8.710721089761286,0.9999999999999978,771.0721089761305,,,2000,False,True,False,False,383.51839232444763
0.02,7.0,23,5,12023,8.705041987908634,0.9999999999999978,770.5041987908653,,,2000,False,True,False,False,383.51839232444763
0.02,7.0,23,6,12023,8.714901244928583,0.9999999999999978,771.4901244928602,,,2000,False,True,False,False,383.51839232444763
0.02,7.0,23,7,12023,9.801872792026451,0.9999999999999978,880.1872792026472,,,2000,False,True,False,False,383.51839232444763
0.02,8.0,24,0,12024,9.90446767947074,1.0000000000000138,890.4467679470603,,,2000,False,True,False,False,383.68148851394653
0.02,8.0,24,1,12024,9.931325005873473,1.0000000000000138,893.1325005873337,,,2000,False,True,False,False,383.68148851394653
0.02,8.0,24,2,12024,9.905265415638187,1.0000000000000138,890.526541563805,,,2000,False,True,False,False,383.68148851394653
0.02,8.0,24,3,12024,9.899996852744795,1.0000000000000138,889.9996852744658,0.7210172254892913,0.31517029227326177,2000,False,True,False,True,383.68148851394653
0.02,8.0,24,4,12024,11.426506634258644,1.0000000000000138,1042.6506634258485,,,2000,False,True,False,False,383.68148851394653
0.02,8.0,24,5,12024,9.903321736946484,1.0000000000000138,890.3321736946348,,,2000,False,True,False,False,383.68148851394653
0.02,8.0,24,6,12024,11.131070762857888,1.0000000000000138,1013.1070762857734,,,2000,False,True,False,False,383.68148851394653
0.02,8.0,24,7,12024,11.667116334885744,1.0000000000000138,1066.7116334885582,,,2000,False,True,False,False,383.68148851394653
0.02,-1.0,15,0,12015,-49.909634190841324,-59.56603968487627,16.211259880832223,,,2000,False,True,False,False,394.43759393692017
0.02,-1.0,15,1,12015,-50.11575655271234,-59.56603968487627,15.865219816793266,,,2000,False,True,False,False,394.43759393692017
0.02,-1.0,15,2,12015,-50.05712492890618,-59.56603968487627,15.96365111106152,,,2000,False,True,False,False,394.43759393692017
0.02,-1.0,15,3,12015,-50.16117606941822,-59.56603968487627,15.788969126053775,0.6977782187410514,0.30690426598562026,2000,False,True,False,True,394.43759393692017
0.02,-1.0,15,4,12015,-49.81303326451892,-59.56603968487627,16.373434379646405,,,2000,False,True,False,False,394.43759393692017
0.02,-1.0,15,5,12015,-49.90436305619743,-59.56603968487627,16.220109108801346,,,2000,False,True,False,False,394.43759393692017
0.02,-1.0,15,6,12015,-49.68943976632112,-59.56603968487627,16.580924249464253,,,2000,False,True,False,False,394.43759393692017
0.02,-1.0,15,7,12015,-49.61790018127556,-59.56603968487627,16.701025544470653,,,2000,False,True,False,False,394.43759393692017
0.02,10.0,26,0,12026,12.28039430768103,1.0000000000000429,1128.0394307680504,,,2000,False,True,False,False,387.35865211486816
0.02,10.0,26,1,12026,12.380121951288947,1.0000000000000429,1138.0121951288415,,,2000,False,True,False,False,387.35865211486816
0.02,10.0,26,2,12026,13.726795870818183,1.0000000000000429,1272.6795870817596,,,2000,False,True,False,False,387.35865211486816
0.02,10.0,26,3,12026,12.276815241485775,1.0000000000000429,1127.6815241485249,,,2000,False,True,False,False,387.35865211486816
0.02,10.0,26,4,12026,12.270543659706945,1.0000000000000429,1127.0543659706418,0.7210336777214745,0.315219327278908,2000,False,True,False,True,387.35865211486816
0.02,10.0,26,5,12026,52.832977689461295,1.0000000000000429,5183.297768945903,,,2000,False,True,False,False,387.35865211486816
0.02,10.0,26,6,12026,14.0698359838046,1.0000000000000429,1306.9835983803998,,,2000,False,True,False,False,387.35865211486816
0.02,10.0,26,7,12026,12.292655578074012,1.0000000000000429,1129.2655578073486,,,2000,False,True,False,False,387.35865211486816
0.02,9.0,25,0,12025,12.724690216020289,1.000000000000004,1172.469021602024,,,2000,False,True,False,False,389.3009078502655
0.02,9.0,25,1,12025,11.689376784584187,1.000000000000004,1068.9376784584142,,,2000,False,True,False,False,389.3009078502655
0.02,9.0,25,2,12025,11.083435077190916,1.000000000000004,1008.3435077190873,,,2000,False,True,False,False,389.3009078502655
0.02,9.0,25,3,12025,11.094056724451622,1.000000000000004,1009.4056724451578,,,2000,False,True,False,False,389.3009078502655
0.02,9.0,25,4,12025,11.06521633562397,1.000000000000004,1006.5216335623926,0.7210505723943449,0.314745853824772,2000,False,True,False,True,389.3009078502655
0.02,9.0,25,5,12025,11.077685882643431,1.000000000000004,1007.7685882643386,,,2000,False,True,False,False,389.3009078502655
0.02,9.0,25,6,12025,11.100224462148601,1.000000000000004,1010.0224462148557,,,2000,False,True,False,False,389.3009078502655
0.02,9.0,25,7,12025,11.084999944911612,1.000000000000004,1008.4999944911567,,,2000,False,True,False,False,389.3009078502655
0.02,11.0,27,0,12027,13.616540694366853,0.9999999999999576,1261.654069436743,,,2000,False,True,False,False,389.05187940597534
0.02,11.0,27,1,12027,15.671280227042956,0.9999999999999576,1467.1280227043621,,,2000,False,True,False,False,389.05187940597534
0.02,11.0,27,2,12027,15.699556020101339,0.9999999999999576,1469.9556020102004,,,2000,False,True,False,False,389.05187940597534
0.02,11.0,27,3,12027,13.462465688655506,0.9999999999999576,1246.2465688656077,0.7210405697495385,0.31485598724868114,2000,False,True,False,True,389.05187940597534
0.02,11.0,27,4,12027,17.520812709847092,0.9999999999999576,1652.0812709847835,,,2000,False,True,False,False,389.05187940597534
0.02,11.0,27,5,12027,13.47770128806088,0.9999999999999576,1247.770128806145,,,2000,False,True,False,False,389.05187940597534
0.02,11.0,27,6,12027,13.515784126257405,0.9999999999999576,1251.578412625798,,,2000,False,True,False,False,389.05187940597534
0.02,11.0,27,7,12027,17.533289312401557,0.9999999999999576,1653.3289312402298,,,2000,False,True,False,False,389.05187940597534
0.02,12.0,28,0,12028,16.738411832337842,0.9999999999999709,1573.841183233833,,,2000,False,True,False,False,387.9183747768402
0.02,12.0,28,1,12028,14.659836227045744,0.9999999999999709,1365.9836227046171,,,2000,False,True,False,False,387.9183747768402
0.02,12.0,28,2,12028,14.644116150709516,0.9999999999999709,1364.411615070994,0.7210498816931916,0.31476841636250663,2000,False,True,False,True,387.9183747768402
0.02,12.0,28,3,12028,16.393822572130354,0.9999999999999709,1539.382257213083,,,2000,False,True,False,False,387.9183747768402
0.02,12.0,28,4,12028,14.902589686495057,0.9999999999999709,1390.2589686495492,,,2000,False,True,False,False,387.9183747768402
0.02,12.0,28,5,12028,16.764427723388668,0.9999999999999709,1576.4427723389153,,,2000,False,True,False,False,387.9183747768402
0.02,12.0,28,6,12028,17.073732342755708,0.9999999999999709,1607.3732342756205,,,2000,False,True,False,False,387.9183747768402
0.02,12.0,28,7,12028,14.646879924571522,0.9999999999999709,1364.6879924571947,,,2000,False,True,False,False,387.9183747768402
0.02,13.0,29,0,12029,15.824547574371863,0.9999999999999853,1482.4547574372093,0.721012136723068,0.3154211013192428,2000,False,True,False,True,385.0551996231079
0.02,13.0,29,1,12029,16.063902002908762,0.9999999999999853,1506.3902002908997,,,2000,False,True,False,False,385.0551996231079
0.02,13.0,29,2,12029,18.08249049328905,0.9999999999999853,1708.2490493289313,,,2000,False,True,False,False,385.0551996231079
0.02,13.0,29,3,12029,15.853926062329265,0.9999999999999853,1485.3926062329497,,,2000,False,True,False,False,385.0551996231079
0.02,13.0,29,4,12029,18.05554675866145,0.9999999999999853,1705.5546758661712,,,2000,False,True,False,False,385.0551996231079
0.02,13.0,29,5,12029,20.045763529189866,0.9999999999999853,1904.576352919016,,,2000,False,True,False,False,385.0551996231079
0.02,13.0,29,6,12029,17.767326967488614,0.9999999999999853,1676.7326967488873,,,2000,False,True,False,False,385.0551996231079
0.02,13.0,29,7,12029,15.826713153997318,0.9999999999999853,1482.6713153997548,,,2000,False,True,False,False,385.0551996231079
0.02,14.0,30,0,12030,19.410212675158597,1.000000000000024,1841.0212675158132,,,2000,False,True,False,False,385.60295057296753
0.02,14.0,30,1,12030,17.085656235360624,1.000000000000024,1608.5656235360211,,,2000,False,True,False,False,385.60295057296753
0.02,14.0,30,2,12030,17.09047169517915,1.000000000000024,1609.047169517874,,,2000,False,True,False,False,385.60295057296753
0.02,14.0,30,3,12030,19.675449962787066,1.000000000000024,1867.5449962786595,,,2000,False,True,False,False,385.60295057296753
0.02,14.0,30,4,12030,17.033520341900253,1.000000000000024,1603.3520341899844,,,2000,False,True,False,False,385.60295057296753
0.02,14.0,30,5,12030,17.037118283502192,1.000000000000024,1603.7118283501784,,,2000,False,True,False,False,385.60295057296753
0.02,14.0,30,6,12030,17.160820425173117,1.000000000000024,1616.0820425172706,,,2000,False,True,False,False,385.60295057296753
0.02,14.0,30,7,12030,17.0082775190075,1.000000000000024,1600.827751900709,0.7210141592333958,0.31539848531443165,2000,False,True,False,True,385.60295057296753
0.02,15.0,31,0,12031,20.74718715575342,0.9999999999999767,1974.7187155753907,,,2000,False,True,False,False,385.4191143512726
0.02,15.0,31,1,12031,18.21549566516665,0.9999999999999767,1721.5495665167075,,,2000,False,True,False,False,385.4191143512726
0.02,15.0,31,2,12031,18.208156276242814,0.9999999999999767,1720.815627624324,0.7210634722908978,0.3145435689192755,2000,False,True,False,True,385.4191143512726
0.02,15.0,31,3,12031,20.99650791270749,0.9999999999999767,1999.650791270798,,,2000,False,True,False,False,385.4191143512726
0.02,15.0,31,4,12031,18.55992548680833,0.9999999999999767,1755.992548680876,,,2000,False,True,False,False,385.4191143512726
0.02,15.0,31,5,12031,18.231077059003795,0.9999999999999767,1723.1077059004222,,,2000,False,True,False,False,385.4191143512726
0.02,15.0,31,6,12031,18.216895892240686,0.9999999999999767,1721.6895892241112,,,2000,False,True,False,False,385.4191143512726
0.02,15.0,31,7,12031,20.991942133664526,0.9999999999999767,1999.1942133665016,,,2000,False,True,False,False,385.4191143512726
0.05,-16.0,0,0,13000,-330.4818925003108,-382.9999999999999,13.712299608273923,,,1836,True,False,False,False,383.1738419532776
0.05,-16.0,0,1,13000,-330.35505269332975,-382.9999999999999,13.745417051349909,,,2000,False,True,False,False,383.1738419532776
0.05,-16.0,0,2,13000,-329.11340620622144,-382.9999999999999,14.069606734668005,,,2000,False,True,False,False,383.1738419532776
0.05,-16.0,0,3,13000,-326.82156246278817,-382.9999999999999,14.667999356974343,,,2000,False,True,False,False,383.1738419532776
0.05,-16.0,0,4,13000,-322.1125480545211,-382.9999999999999,15.89750703537306,,,2000,False,True,False,False,383.1738419532776
0.05,-16.0,0,5,13000,-330.3537708896163,-382.9999999999999,13.745751725948713,,,2000,False,True,False,False,383.1738419532776
0.05,-16.0,0,6,13000,-334.4111485586067,-382.9999999999999,12.686384188353308,0.46664104351245844,0.6295989552787313,2000,False,True,False,True,383.1738419532776
0.05,-16.0,0,7,13000,-329.2490247082388,-382.9999999999999,14.034197204115175,,,2000,False,True,False,False,383.1738419532776
0.02,16.0,32,0,12032,22.079243213429947,1.0000000000000222,2107.924321342946,,,2000,False,True,False,False,384.1931118965149
0.02,16.0,32,1,12032,22.16429779232267,1.0000000000000222,2116.429779232218,,,2000,False,True,False,False,384.1931118965149
0.02,16.0,32,2,12032,19.56557605827941,1.0000000000000222,1856.5576058278978,,,2000,False,True,False,False,384.1931118965149
0.02,16.0,32,3,12032,19.757836632253696,1.0000000000000222,1875.7836632253259,,,2000,False,True,False,False,384.1931118965149
0.02,16.0,32,4,12032,19.546990276646095,1.0000000000000222,1854.6990276645663,,,2000,False,True,False,False,384.1931118965149
0.02,16.0,32,5,12032,19.392339380804646,1.0000000000000222,1839.2339380804217,0.7210424344848694,0.3151284940144976,2000,False,True,False,True,384.1931118965149
0.02,16.0,32,6,12032,19.405041463241524,1.0000000000000222,1840.5041463241093,,,2000,False,True,False,False,384.1931118965149
0.02,16.0,32,7,12032,19.410722252415955,1.0000000000000222,1841.0722252415526,,,2000,False,True,False,False,384.1931118965149
0.05,-5.0,11,0,13011,-104.27745045481883,-123.56603968487643,15.609943702370172,,,820,True,False,False,False,219.5043113231659
0.05,-5.0,11,1,13011,-103.20712759839071,-123.56603968487643,16.476138701544464,,,1119,True,False,False,False,219.5043113231659
0.05,-5.0,11,2,13011,-104.27745040987391,-123.56603968487643,15.609943738743375,,,993,True,False,False,False,219.5043113231659
0.05,-5.0,11,3,13011,-105.58465522307523,-123.56603968487643,14.552043998219997,0.02606155845945162,0.6292016288469935,1073,True,False,False,True,219.5043113231659
0.05,-5.0,11,4,13011,-103.20712754121718,-123.56603968487643,16.476138747814083,,,1100,True,False,False,False,219.5043113231659
0.05,-5.0,11,5,13011,-104.2279218055446,-123.56603968487643,15.650026438209686,,,1884,True,False,False,False,219.5043113231659
0.05,-5.0,11,6,13011,-104.27745038891422,-123.56603968487643,15.609943755705713,,,842,True,False,False,False,219.5043113231659
0.05,-5.0,11,7,13011,-101.54450449670317,-123.56603968487643,17.821672721998336,,,1514,True,False,False,False,219.5043113231659
0.05,-6.0,10,0,13010,-124.77517215971463,-143.00000000000028,12.744634853346588,,,1761,True,False,False,False,243.28909611701965
0.05,-6.0,10,1,13010,-124.77517214137761,-143.00000000000028,12.744634866169676,,,1719,True,False,False,False,243.28909611701965
0.05,-6.0,10,2,13010,-123.60679779016772,-143.00000000000028,13.561679867015751,,,1022,True,False,False,False,243.28909611701965
0.05,-6.0,10,3,13010,-124.83062142184214,-143.00000000000028,12.705859145565112,,,1064,True,False,False,False,243.28909611701965
0.05,-6.0,10,4,13010,-124.83062149322566,-143.00000000000028,12.705859095646563,,,1154,True,False,False,False,243.28909611701965
0.05,-6.0,10,5,13010,-122.78326507678928,-143.00000000000028,14.137576869378298,,,1323,True,False,False,False,243.28909611701965
0.05,-6.0,10,6,13010,-126.38281943476233,-143.00000000000028,11.620405989676872,0.4665648734869438,0.6292449829983935,1112,True,False,False,True,243.28909611701965
0.05,-6.0,10,7,13010,-126.38281935927954,-143.00000000000028,11.620406042462038,,,1462,True,False,False,False,243.28909611701965
0.05,-9.0,7,0,13007,-185.2780345332277,-214.99999999999991,13.824169984545223,,,1087,True,False,False,False,303.76741790771484
0.05,-9.0,7,1,13007,-186.50530415698077,-214.99999999999991,13.25334690372984,,,1478,True,False,False,False,303.76741790771484
0.05,-9.0,7,2,13007,-187.49703926748498,-214.99999999999991,12.792074759309276,,,1778,True,False,False,False,303.76741790771484
0.05,-9.0,7,3,13007,-186.43199629891586,-214.99999999999991,13.287443581899563,,,2000,False,True,False,False,303.76741790771484
0.05,-9.0,7,4,13007,-188.7827356852357,-214.99999999999991,12.19407642547173,,,1197,True,False,False,False,303.76741790771484
0.05,-9.0,7,5,13007,-184.2604320946749,-214.99999999999991,14.297473444337216,,,1967,True,False,False,False,303.76741790771484
0.05,-9.0,7,6,13007,-183.76010772799654,-214.99999999999991,14.530182452094598,,,1678,True,False,False,False,303.76741790771484
0.05,-9.0,7,7,13007,-188.7827360443697,-214.99999999999991,12.194076258432665,0.4665891897751554,0.6293695626253959,1922,True,False,False,True,303.76741790771484
0.05,-10.0,6,0,13006,-206.98844654322278,-239.00000000000006,13.393955421245721,,,2000,False,True,False,False,319.5238265991211
0.05,-10.0,6,1,13006,-206.9886040294007,-239.00000000000006,13.393889527447426,,,2000,False,True,False,False,319.5238265991211
0.05,-10.0,6,2,13006,-203.94317689793343,-239.00000000000006,14.668126820948377,,,1993,True,False,False,False,319.5238265991211
0.05,-10.0,6,3,13006,-208.26059253919328,-239.00000000000006,12.861676761843835,,,1703,True,False,False,False,319.5238265991211
0.05,-10.0,6,4,13006,-207.06807208363372,-239.00000000000006,13.360639295550763,,,1329,True,False,False,False,319.5238265991211
0.05,-10.0,6,5,13006,-208.2605928890784,-239.00000000000006,12.861676615448392,0.4661744786005549,0.6339506476142027,1636,True,False,False,True,319.5238265991211
0.05,-10.0,6,6,13006,-207.02489477764414,-239.00000000000006,13.37870511395645,,,1097,True,False,False,False,319.5238265991211
0.05,-10.0,6,7,13006,-206.97755020819278,-239.00000000000006,13.398514557241533,,,2000,False,True,False,False,319.5238265991211
0.05,-7.0,9,0,13009,-145.32508678709212,-167.00000000000009,12.978989947849076,,,2000,False,True,False,False,325.5047957897186
0.05,-7.0,9,1,13009,-145.96993234547926,-167.00000000000009,12.592854882946591,0.46617355694818347,0.6339563035218724,1312,True,False,False,True,325.5047957897186
0.05,-7.0,9,2,13009,-142.40328912013845,-167.00000000000009,14.728569389138693,,,1555,True,False,False,False,325.5047957897186
0.05,-7.0,9,3,13009,-143.28107387879066,-167.00000000000009,14.202949773179288,,,2000,False,True,False,False,325.5047957897186
0.05,-7.0,9,4,13009,-142.39212210441073,-167.00000000000009,14.735256224903798,,,2000,False,True,False,False,325.5047957897186
0.05,-7.0,9,5,13009,-145.38642258875078,-167.00000000000009,12.942261922903771,,,1131,True,False,False,False,325.5047957897186
0.05,-7.0,9,6,13009,-145.325090954721,-167.00000000000009,12.978987452262924,,,1978,True,False,False,False,325.5047957897186
0.05,-7.0,9,7,13009,-145.32509094052764,-167.00000000000009,12.978987460761934,,,2000,False,True,False,False,325.5047957897186
0.05,-12.0,4,0,13004,-246.96943003228935,-286.9999999999998,13.947933786658695,,,1609,True,False,False,False,332.54678106307983
0.05,-12.0,4,1,13004,-248.19948924521034,-286.9999999999998,13.519341726407477,,,1078,True,False,False,False,332.54678106307983
0.05,-12.0,4,2,13004,-251.19032222848153,-286.9999999999998,12.477239641643996,0.46661100325213883,0.6294867006046111,1985,True,False,False,True,332.54678106307983
0.05,-12.0,4,3,13004,-246.82542069731298,-286.9999999999998,13.998111255291576,,,2000,False,True,False,False,332.54678106307983
0.05,-12.0,4,4,13004,-248.10622651827111,-286.9999999999998,13.551837450079681,,,2000,False,True,False,False,332.54678106307983
0.05,-12.0,4,5,13004,-248.19948913673036,-286.9999999999998,13.51934176420538,,,1683,True,False,False,False,332.54678106307983
0.05,-12.0,4,6,13004,-248.10738900375017,-286.9999999999998,13.551432402874436,,,2000,False,True,False,False,332.54678106307983
0.05,-12.0,4,7,13004,-251.19032146997858,-286.9999999999998,12.477239905930738,,,2000,False,True,False,False,332.54678106307983
0.05,-11.0,5,0,13005,-227.6328494518018,-262.9999999999997,13.447585759771084,,,1931,True,False,False,False,338.47803139686584
0.05,-11.0,5,1,13005,-227.6328505566978,-262.9999999999997,13.447585339658536,0.4668044015803187,0.67795457504261,1625,True,False,False,True,338.47803139686584
0.05,-11.0,5,2,13005,-227.54172523421911,-262.9999999999997,13.48223375124739,,,2000,False,True,False,False,338.47803139686584
0.05,-11.0,5,3,13005,-223.72281933304075,-262.9999999999997,14.934289226980614,,,2000,False,True,False,False,338.47803139686584
0.05,-11.0,5,4,13005,-227.63285031347925,-262.9999999999997,13.447585432137071,,,1818,True,False,False,False,338.47803139686584
0.05,-11.0,5,5,13005,-227.63285047388513,-262.9999999999997,13.447585371146245,,,1629,True,False,False,False,338.47803139686584
0.05,-11.0,5,6,13005,-224.43410287602265,-262.9999999999997,14.663839210637683,,,2000,False,True,False,False,338.47803139686584
0.05,-11.0,5,7,13005,-226.40365039099729,-262.9999999999997,13.914961828518049,,,1604,True,False,False,False,338.47803139686584
0.05,-4.0,12,0,13012,-86.87689745197073,-107.56603968487642,19.233897885909183,,,2000,False,True,False,False,315.7040078639984
0.05,-4.0,12,1,13012,-86.74452302803769,-107.56603968487642,19.35696128428366,,,2000,False,True,False,False,315.7040078639984
0.05,-4.0,12,2,13012,-81.47550807505239,-107.56603968487642,24.255361344768655,,,2000,False,True,False,False,315.7040078639984
0.05,-4.0,12,3,13012,-86.88127749759691,-107.56603968487642,19.22982592635856,,,2000,False,True,False,False,315.7040078639984
0.05,-4.0,12,4,13012,-82.44357403330692,-107.56603968487642,23.3553877461398,,,1307,True,False,False,False,315.7040078639984
0.05,-4.0,12,5,13012,-83.72705154165949,-107.56603968487642,22.162188189743905,,,725,True,False,False,False,315.7040078639984
0.05,-4.0,12,6,13012,-86.88144200604681,-107.56603968487642,19.22967298919514,,,1520,True,False,False,False,315.7040078639984
0.05,-4.0,12,7,13012,-86.88144396518832,-107.56603968487642,19.229671167856807,0.41511671605769496,0.6285346676626038,1714,True,False,False,True,315.7040078639984
0.05,-8.0,8,0,13008,-165.9447022036015,-190.9999999999999,13.117956961465127,,,1016,True,False,False,False,338.1924922466278
0.05,-8.0,8,1,13008,-165.87744596047634,-190.9999999999999,13.15316965420082,,,1942,True,False,False,False,338.1924922466278
0.05,-8.0,8,2,13008,-165.87743760297738,-190.9999999999999,13.153174029854723,,,2000,False,True,False,False,338.1924922466278
0.05,-8.0,8,3,13008,-163.77001737432553,-190.9999999999999,14.256535406112237,,,2000,False,True,False,False,338.1924922466278
0.05,-8.0,8,4,13008,-167.98188025558215,-190.9999999999999,12.051371593935992,0.46658084436229164,0.6293312381701333,1932,True,False,False,True,338.1924922466278
0.05,-8.0,8,5,13008,-163.42947208795002,-190.9999999999999,14.434831367565385,,,1685,True,False,False,False,338.1924922466278
0.05,-8.0,8,6,13008,-165.87744552891803,-190.9999999999999,13.153169880147574,,,2000,False,True,False,False,338.1924922466278
0.05,-8.0,8,7,13008,-165.8774459762052,-190.9999999999999,13.153169645965814,,,2000,False,True,False,False,338.1924922466278
0.05,-14.0,2,0,13002,-291.3148064710307,-335.0000000000001,13.0403562773043,,,1938,True,False,False,False,346.9479205608368
0.05,-14.0,2,1,13002,-285.4710560094348,-335.0000000000001,14.784759400168749,,,2000,False,True,False,False,346.9479205608368
0.05,-14.0,2,2,13002,-289.33777047545294,-335.0000000000001,13.630516275984226,,,2000,False,True,False,False,346.9479205608368
0.05,-14.0,2,3,13002,-290.0791079648351,-335.0000000000001,13.409221503034333,,,1761,True,False,False,False,346.9479205608368
0.05,-14.0,2,4,13002,-285.47084282098086,-335.0000000000001,14.784823038513203,,,2000,False,True,False,False,346.9479205608368
0.05,-14.0,2,5,13002,-287.96645334913666,-335.0000000000001,14.039864671899535,,,1802,True,False,False,False,346.9479205608368
0.05,-14.0,2,6,13002,-292.79928916391424,-335.0000000000001,12.59722711524951,0.4666288855068141,0.6295390778532802,2000,False,True,False,True,346.9479205608368
0.05,-14.0,2,7,13002,-289.3377803780915,-335.0000000000001,13.630513319972714,,,1525,True,False,False,False,346.9479205608368
0.05,-15.0,1,0,13001,-309.79708452221274,-358.99999999999966,13.705547486848738,,,2000,False,True,False,False,360.3578577041626
0.05,-15.0,1,1,13001,-310.84117116813644,-358.99999999999966,13.41471555205105,,,2000,False,True,False,False,360.3578577041626
0.05,-15.0,1,2,13001,-312.0783595190832,-358.99999999999966,13.070094841480914,,,1948,True,False,False,False,360.3578577041626
0.05,-15.0,1,3,13001,-309.90916223098804,-358.99999999999966,13.674328069362579,,,2000,False,True,False,False,360.3578577041626
0.05,-15.0,1,4,13001,-312.0783588733092,-358.99999999999966,13.07009502136226,,,1869,True,False,False,False,360.3578577041626
0.05,-15.0,1,5,13001,-313.60488301463454,-358.99999999999966,12.644879383110075,0.46663339407352855,0.6295793814512918,2000,False,True,False,True,360.3578577041626
0.05,-15.0,1,6,13001,-312.0783600665146,-358.99999999999966,13.07009468899306,,,1763,True,False,False,False,360.3578577041626
0.05,-15.0,1,7,13001,-309.7969456166611,-358.99999999999966,13.705586179202953,,,2000,False,True,False,False,360.3578577041626
0.05,-2.0,14,0,13014,-55.68461435387833,-75.5660396848763,26.310000383647225,,,911,True,False,False,False,327.587828874588
0.05,-2.0,14,1,13014,-51.372029152545586,-75.5660396848763,32.01704182622776,,,2000,False,True,False,False,327.587828874588
0.05,-2.0,14,2,13014,-55.68461471448823,-75.5660396848763,26.309999906435642,0.4257211308849375,0.630312789094469,914,True,False,False,True,327.587828874588
0.05,-2.0,14,3,13014,-55.684237283157934,-75.5660396848763,26.310499378595182,,,2000,False,True,False,False,327.587828874588
0.05,-2.0,14,4,13014,-55.684577199908325,-75.5660396848763,26.31004955119678,,,2000,False,True,False,False,327.587828874588
0.05,-2.0,14,5,13014,-55.206354650719135,-75.5660396848763,26.942903345286638,,,2000,False,True,False,False,327.587828874588
0.05,-2.0,14,6,13014,-55.24915568171599,-75.5660396848763,26.886262781383408,,,2000,False,True,False,False,327.587828874588
0.05,-2.0,14,7,13014,-55.207829064137904,-75.5660396848763,26.940952186505633,,,2000,False,True,False,False,327.587828874588
0.05,-13.0,3,0,13003,-265.12222224256385,-311.0,14.751697028114519,,,2000,False,True,False,False,361.328325510025
0.05,-13.0,3,1,13003,-270.5512528313757,-311.0,13.006028028496566,,,1797,True,False,False,False,361.328325510025
0.05,-13.0,3,2,13003,-271.99442205692833,-311.0,12.54198647687192,,,2000,False,True,False,False,361.328325510025
0.05,-13.0,3,3,13003,-271.9944375003816,-311.0,12.54198151113132,0.46661861827081685,0.6295186154892576,1795,True,False,False,True,361.328325510025
0.05,-13.0,3,4,13003,-264.4314941805811,-311.0,14.97379608341443,,,2000,False,True,False,False,361.328325510025
0.05,-13.0,3,5,13003,-265.12238391494117,-311.0,14.751645043427278,,,2000,False,True,False,False,361.328325510025
0.05,-13.0,3,6,13003,-264.4463005341786,-311.0,14.969035198013314,,,2000,False,True,False,False,361.328325510025
0.05,-13.0,3,7,13003,-268.6493093188623,-311.0,13.617585428018547,,,2000,False,True,False,False,361.328325510025
0.05,-3.0,13,0,13013,-70.55514477542444,-91.56603968487632,22.946165392497786,,,2000,False,True,False,False,381.6485917568207
0.05,-3.0,13,1,13013,-70.88320373690867,-91.56603968487632,22.58788959219754,,,2000,False,True,False,False,381.6485917568207
0.05,-3.0,13,2,13013,-70.55515026788594,-91.56603968487632,22.946159394136913,,,2000,False,True,False,False,381.6485917568207
0.05,-3.0,13,3,13013,-70.55069433218787,-91.56603968487632,22.951025756942816,,,2000,False,True,False,False,381.6485917568207
0.05,-3.0,13,4,13013,-70.5548696747764,-91.56603968487632,22.94646583210289,,,2000,False,True,False,False,381.6485917568207
0.05,-3.0,13,5,13013,-66.58581423792866,-91.56603968487632,27.281102833448813,,,2000,False,True,False,False,381.6485917568207
0.05,-3.0,13,6,13013,-71.2391130277532,-91.56603968487632,22.19919822575929,0.42166532967961073,0.6293161355255723,1983,True,False,False,True,381.6485917568207
0.05,-3.0,13,7,13013,-71.2220829104269,-91.56603968487632,22.217796952301256,,,2000,False,True,False,False,381.6485917568207
0.05,0.0,16,0,13016,-25.215387204112613,-43.56603968487643,42.12146115070011,,,2000,False,True,False,False,370.4333634376526
0.05,0.0,16,1,13016,-24.843598104250987,-43.56603968487643,42.974853156379,,,2000,False,True,False,False,370.4333634376526
0.05,0.0,16,2,13016,-25.0925694820977,-43.56603968487643,42.403372756398674,,,2000,False,True,False,False,370.4333634376526
0.05,0.0,16,3,13016,-24.822064437441867,-43.56603968487643,43.02428079994007,,,2000,False,True,False,False,370.4333634376526
0.05,0.0,16,4,13016,-23.488327793351466,-43.56603968487643,46.085694354483095,,,2000,False,True,False,False,370.4333634376526
0.05,0.0,16,5,13016,-25.22044369069471,-43.56603968487643,42.109854664045194,,,2000,False,True,False,False,370.4333634376526
0.05,0.0,16,6,13016,-25.2206525396613,-43.56603968487643,42.109375279258096,0.4257723255737844,0.6949984478534004,1543,True,False,False,True,370.4333634376526
0.05,0.0,16,7,13016,-23.976847839966823,-43.56603968487643,44.964362119216965,,,2000,False,True,False,False,370.4333634376526
0.05,-1.0,15,0,13015,-39.80167380812657,-59.56603968487627,33.180594146110145,,,2000,False,True,False,False,381.1916923522949
0.05,-1.0,15,1,13015,-35.85852874093339,-59.56603968487627,39.80038134038008,,,1906,True,False,False,False,381.1916923522949
0.05,-1.0,15,2,13015,-40.21910432064686,-59.56603968487627,32.479808069465406,,,2000,False,True,False,False,381.1916923522949
0.05,-1.0,15,3,13015,-39.23217318653161,-59.56603968487627,34.13667688152079,,,2000,False,True,False,False,381.1916923522949
0.05,-1.0,15,4,13015,-39.83566214854969,-59.56603968487627,33.12353421631974,,,2000,False,True,False,False,381.1916923522949
0.05,-1.0,15,5,13015,-40.05478444764896,-59.56603968487627,32.75566974143018,,,2000,False,True,False,False,381.1916923522949
0.05,-1.0,15,6,13015,-40.219432411656975,-59.56603968487627,32.47925726734419,0.4271118507973875,0.6315346013028051,2000,False,True,False,True,381.1916923522949
0.05,-1.0,15,7,13015,-39.23203906625324,-59.56603968487627,34.13690204384328,,,2000,False,True,False,False,381.1916923522949
0.05,1.0,17,0,13017,-13.43295954927153,-35.56603968487625,62.23093808506426,,,2000,False,True,False,False,387.7219898700714
0.05,1.0,17,1,13017,-12.97670729684704,-35.56603968487625,63.51376928152862,,,2000,False,True,False,False,387.7219898700714
0.05,1.0,17,2,13017,-13.438726121115373,-35.56603968487625,62.21472438262525,0.301488202156849,0.6431986947403621,2000,False,True,False,True,387.7219898700714
0.05,1.0,17,3,13017,-13.402963244063196,-35.56603968487625,62.31527782452952,,,2000,False,True,False,False,387.7219898700714
0.05,1.0,17,4,13017,-12.58795603840626,-35.56603968487625,64.60680989522982,,,2000,False,True,False,False,387.7219898700714
0.05,1.0,17,5,13017,-12.764678759779189,-35.56603968487625,64.10992375626485,,,2000,False,True,False,False,387.7219898700714
0.05,1.0,17,6,13017,-13.318751793904205,-35.56603968487625,62.55205271120546,,,2000,False,True,False,False,387.7219898700714
0.05,1.0,17,7,13017,-12.555556265393571,-35.56603968487625,64.69790739526007,,,2000,False,True,False,False,387.7219898700714
0.05,2.0,18,0,13018,-3.4710298831829793,-27.566039684876344,87.40831137565509,,,2000,False,True,False,False,387.07540941238403
0.05,2.0,18,1,13018,-3.7601716274439823,-27.566039684876344,86.35940573826085,,,2000,False,True,False,False,387.07540941238403
0.05,2.0,18,2,13018,-3.76020185176323,-27.566039684876344,86.35929609494757,0.31573294659570894,0.6862090347027501,2000,False,True,False,True,387.07540941238403
0.05,2.0,18,3,13018,-2.845145736878057,-27.566039684876344,89.67880127358666,,,2000,False,True,False,False,387.07540941238403
0.05,2.0,18,4,13018,-3.7600747259448415,-27.566039684876344,86.35975726318154,,,2000,False,True,False,False,387.07540941238403
0.05,2.0,18,5,13018,-3.759158858213179,-27.566039684876344,86.36307971262343,,,2000,False,True,False,False,387.07540941238403
0.05,2.0,18,6,13018,-3.0316518708717948,-27.566039684876344,89.00222191679184,,,2000,False,True,False,False,387.07540941238403
0.05,2.0,18,7,13018,-3.0393685272093287,-27.566039684876344,88.97422857271431,,,2000,False,True,False,False,387.07540941238403
0.05,3.0,19,0,13019,5.343605306770685,-19.566039684876287,127.31061263716572,,,2000,False,True,False,False,390.88591980934143
0.05,3.0,19,1,13019,4.5984212728892855,-19.566039684876287,123.50205430914909,,,2000,False,True,False,False,390.88591980934143
0.05,3.0,19,2,13019,6.363542555855224,-19.566039684876287,132.52340615854916,,,2000,False,True,False,False,390.88591980934143
0.05,3.0,19,3,13019,4.878117011917498,-19.566039684876287,124.93155022928872,,,2000,False,True,False,False,390.88591980934143
0.05,3.0,19,4,13019,5.350829343308567,-19.566039684876287,127.34753393884061,,,2000,False,True,False,False,390.88591980934143
0.05,3.0,19,5,13019,4.369840207752423,-19.566039684876287,122.3338001871177,0.30149754234633763,0.6430373770535558,2000,False,True,False,True,390.88591980934143
0.05,3.0,19,6,13019,10.460879507844728,-19.566039684876287,153.4644704616977,,,1904,True,False,False,False,390.88591980934143
0.05,3.0,19,7,13019,4.598419696065762,-19.566039684876287,123.50204625016754,,,2000,False,True,False,False,390.88591980934143
0.05,4.0,20,0,13020,12.388749261800077,-11.56603968487638,207.11314848763197,,,2000,False,True,False,False,391.4562232494354
0.05,4.0,20,1,13020,12.419327154637127,-11.56603968487638,207.37752500431498,,,2000,False,True,False,False,391.4562232494354
0.05,4.0,20,2,13020,14.294416687718462,-11.56603968487638,223.5895524931466,,,2000,False,True,False,False,391.4562232494354
0.05,4.0,20,3,13020,10.504813830008537,-11.56603968487638,190.82463934257905,0.019339376900791728,0.651417360671189,2000,False,True,False,True,391.4562232494354
0.05,4.0,20,4,13020,10.522507553888742,-11.56603968487638,190.9776193111965,,,2000,False,True,False,False,391.4562232494354
0.05,4.0,20,5,13020,12.391477626075226,-11.56603968487638,207.13673793008147,,,2000,False,True,False,False,391.4562232494354
0.05,4.0,20,6,13020,10.533375439556982,-11.56603968487638,191.07158307030804,,,2000,False,True,False,False,391.4562232494354
0.05,4.0,20,7,13020,11.890697915634682,-11.56603968487638,202.80699564936495,,,2000,False,True,False,False,391.4562232494354
0.05,5.0,21,0,13021,15.383848000234817,-3.566039684876202,531.3986763938349,,,2000,False,True,False,False,446.10397505760193
0.05,5.0,21,1,13021,15.34166491172937,-3.566039684876202,530.2157650346498,,,2000,False,True,False,False,446.10397505760193
0.05,5.0,21,2,13021,15.849110187801367,-3.566039684876202,544.4457041523805,,,2000,False,True,False,False,446.10397505760193
0.05,5.0,21,3,13021,15.86885773499151,-3.566039684876202,544.9994710460551,,,2000,False,True,False,False,446.10397505760193
0.05,5.0,21,4,13021,13.164758502328938,-3.566039684876202,469.17027474936697,,,2000,False,True,False,False,446.10397505760193
0.05,5.0,21,5,13021,15.342512807025916,-3.566039684876202,530.2395419797058,,,2000,False,True,False,False,446.10397505760193
0.05,5.0,21,6,13021,15.373415501827905,-3.566039684876202,531.106125011102,,,2000,False,True,False,False,446.10397505760193
0.05,5.0,21,7,13021,13.162650293802033,-3.566039684876202,469.1111557065856,0.01638483912564533,0.6506416031939671,2000,False,True,False,True,446.10397505760193
0.05,6.0,22,0,13022,17.79616224034078,0.9999999999999949,1679.616224034087,,,2000,False,True,False,False,440.5316119194031
0.05,6.0,22,1,13022,18.295633224636482,0.9999999999999949,1729.5633224636574,,,2000,False,True,False,False,440.5316119194031
0.05,6.0,22,2,13022,15.81716246425465,0.9999999999999949,1481.7162464254732,,,2000,False,True,False,False,440.5316119194031
0.05,6.0,22,3,13022,18.799806022252035,0.9999999999999949,1779.980602225213,,,2000,False,True,False,False,440.5316119194031
0.05,6.0,22,4,13022,15.780873322311493,0.9999999999999949,1478.0873322311572,0.4662076880975422,0.6513317948682893,2000,False,True,False,True,440.5316119194031
0.05,6.0,22,5,13022,15.804169364295092,0.9999999999999949,1480.4169364295174,,,2000,False,True,False,False,440.5316119194031
0.05,6.0,22,6,13022,17.796567655577697,0.9999999999999949,1679.6567655577785,,,2000,False,True,False,False,440.5316119194031
0.05,6.0,22,7,13022,15.82721791286658,0.9999999999999949,1482.721791286666,,,2000,False,True,False,False,440.5316119194031
0.05,7.0,23,0,13023,21.75270499536764,0.9999999999999978,2075.270499536769,,,2000,False,True,False,False,434.6338891983032
0.05,7.0,23,1,13023,24.48351125590794,0.9999999999999978,2348.3511255907997,,,2000,False,True,False,False,434.6338891983032
0.05,7.0,23,2,13023,21.282086307136517,0.9999999999999978,2028.2086307136567,,,2000,False,True,False,False,434.6338891983032
0.05,7.0,23,3,13023,18.433059975441676,0.9999999999999978,1743.3059975441718,0.46629798716085763,0.6504309596597904,2000,False,True,False,True,434.6338891983032
0.05,7.0,23,4,13023,18.536086897799244,0.9999999999999978,1753.6086897799287,,,2000,False,True,False,False,434.6338891983032
0.05,7.0,23,5,13023,18.436355684548577,0.9999999999999978,1743.6355684548619,,,2000,False,True,False,False,434.6338891983032
0.05,7.0,23,6,13023,18.54513271570007,0.9999999999999978,1754.5132715700113,,,2000,False,True,False,False,434.6338891983032
0.05,7.0,23,7,13023,21.251070938711766,0.9999999999999978,2025.1070938711816,,,2000,False,True,False,False,434.6338891983032
0.05,8.0,24,0,13024,21.070577671470485,1.0000000000000138,2007.0577671470194,0.46632409565861044,0.6502963096990043,2000,False,True,False,True,430.3513948917389
0.05,8.0,24,1,13024,23.701217389959407,1.0000000000000138,2270.121738995908,,,2000,False,True,False,False,430.3513948917389
0.05,8.0,24,2,13024,21.185862930818807,1.0000000000000138,2018.5862930818516,,,2000,False,True,False,False,430.3513948917389
0.05,8.0,24,3,13024,21.096359271792487,1.0000000000000138,2009.6359271792196,,,2000,False,True,False,False,430.3513948917389
0.05,8.0,24,4,13024,21.151475395910474,1.0000000000000138,2015.1475395910184,,,2000,False,True,False,False,430.3513948917389
0.05,8.0,24,5,13024,24.70279622841319,1.0000000000000138,2370.279622841285,,,2000,False,True,False,False,430.3513948917389
0.05,8.0,24,6,13024,21.18637845138526,1.0000000000000138,2018.6378451384967,,,2000,False,True,False,False,430.3513948917389
0.05,8.0,24,7,13024,24.27772553169557,1.0000000000000138,2327.7725531695237,,,2000,False,True,False,False,430.3513948917389
0.05,9.0,25,0,13025,23.734124302037934,1.000000000000004,2273.412430203784,,,2000,False,True,False,False,429.45146441459656
0.05,9.0,25,1,13025,23.82297510663556,1.000000000000004,2282.2975106635463,,,2000,False,True,False,False,429.45146441459656
0.05,9.0,25,2,13025,27.184155065960514,1.000000000000004,2618.415506596041,,,2000,False,True,False,False,429.45146441459656
0.05,9.0,25,3,13025,26.654268937385638,1.000000000000004,2565.426893738553,,,2000,False,True,False,False,429.45146441459656
0.05,9.0,25,4,13025,27.675198915179315,1.000000000000004,2667.5198915179203,,,2000,False,True,False,False,429.45146441459656
0.05,9.0,25,5,13025,27.165660584345094,1.000000000000004,2616.5660584344987,,,2000,False,True,False,False,429.45146441459656
0.05,9.0,25,6,13025,23.71727836832284,1.000000000000004,2271.7278368322745,0.4662765505732388,0.6508754590782766,2000,False,True,False,True,429.45146441459656
0.05,9.0,25,7,13025,27.19036749473701,1.000000000000004,2619.03674947369,,,2000,False,True,False,False,429.45146441459656
0.05,10.0,26,0,13026,30.106552466588916,1.0000000000000429,2910.6552466587627,,,2000,False,True,False,False,426.6346335411072
0.05,10.0,26,1,13026,26.443599955006267,1.0000000000000429,2544.3599955005134,,,2000,False,True,False,False,426.6346335411072
0.05,10.0,26,2,13026,26.370282441100038,1.0000000000000429,2537.0282441098907,,,2000,False,True,False,False,426.6346335411072
0.05,10.0,26,3,13026,26.382249825117253,1.0000000000000429,2538.2249825116123,,,2000,False,True,False,False,426.6346335411072
0.05,10.0,26,4,13026,26.34750961495867,1.0000000000000429,2534.750961495754,0.46633871401978577,0.6500981627628128,2000,False,True,False,True,426.6346335411072
0.05,10.0,26,5,13026,30.617770315799827,1.0000000000000429,2961.7770315798516,,,2000,False,True,False,False,426.6346335411072
0.05,10.0,26,6,13026,26.3730372606935,1.0000000000000429,2537.303726069237,,,2000,False,True,False,False,426.6346335411072
0.05,10.0,26,7,13026,30.60686549877794,1.0000000000000429,2960.686549877663,,,2000,False,True,False,False,426.6346335411072
0.05,12.0,28,0,13028,31.637582011480294,0.9999999999999709,3063.7582011481213,,,2000,False,True,False,False,425.06397557258606
0.05,12.0,28,1,13028,31.663715204718407,0.9999999999999709,3066.371520471933,,,2000,False,True,False,False,425.06397557258606
0.05,12.0,28,2,13028,35.513319241668405,0.9999999999999709,3451.3319241669437,,,2000,False,True,False,False,425.06397557258606
0.05,12.0,28,3,13028,36.01665712922661,0.9999999999999709,3501.665712922765,,,2000,False,True,False,False,425.06397557258606
0.05,12.0,28,4,13028,31.622758160598746,0.9999999999999709,3062.2758160599665,0.4663251043732014,0.6502691096880766,2000,False,True,False,True,425.06397557258606
0.05,12.0,28,5,13028,31.65352114650349,0.9999999999999709,3065.352114650441,,,2000,False,True,False,False,425.06397557258606
0.05,12.0,28,6,13028,31.740745298172527,0.9999999999999709,3074.074529817345,,,2000,False,True,False,False,425.06397557258606
0.05,12.0,28,7,13028,31.630873289190998,0.9999999999999709,3063.087328919192,,,2000,False,True,False,False,425.06397557258606
0.05,11.0,27,0,13027,29.09758434288695,0.9999999999999576,2809.7584342888185,,,2000,False,True,False,False,425.58414006233215
0.05,11.0,27,1,13027,28.999194736393147,0.9999999999999576,2799.9194736394375,,,2000,False,True,False,False,425.58414006233215
0.05,11.0,27,2,13027,33.6208239466309,0.9999999999999576,3262.0823946632327,,,2000,False,True,False,False,425.58414006233215
0.05,11.0,27,3,13027,29.072803733519233,0.9999999999999576,2807.280373352047,,,2000,False,True,False,False,425.58414006233215
0.05,11.0,27,4,13027,29.01869217511176,0.9999999999999576,2801.8692175112988,,,2000,False,True,False,False,425.58414006233215
0.05,11.0,27,5,13027,29.017645656306307,0.9999999999999576,2801.7645656307536,,,2000,False,True,False,False,425.58414006233215
0.05,11.0,27,6,13027,36.597745999638434,0.9999999999999576,3559.7745999639983,,,2000,False,True,False,False,425.58414006233215
0.05,11.0,27,7,13027,28.97645343173102,0.9999999999999576,2797.645343173225,0.4662689856603273,0.6507200320734533,2000,False,True,False,True,425.58414006233215
0.05,13.0,29,0,13029,39.49489019703558,0.9999999999999853,3849.4890197036157,,,2000,False,True,False,False,424.844655752182
0.05,13.0,29,1,13029,34.29376493478631,0.9999999999999853,3329.3764934786814,,,2000,False,True,False,False,424.844655752182
0.05,13.0,29,2,13029,34.3875907991853,0.9999999999999853,3338.75907991858,,,2000,False,True,False,False,424.844655752182
0.05,13.0,29,3,13029,38.97939519491093,0.9999999999999853,3797.93951949115,,,2000,False,True,False,False,424.844655752182
0.05,13.0,29,4,13029,34.27446383434493,0.9999999999999853,3327.4463834345433,,,2000,False,True,False,False,424.844655752182
0.05,13.0,29,5,13029,34.32302062362489,0.9999999999999853,3332.30206236254,,,2000,False,True,False,False,424.844655752182
0.05,13.0,29,6,13029,34.37314910302113,0.9999999999999853,3337.3149103021633,,,2000,False,True,False,False,424.844655752182
0.05,13.0,29,7,13029,34.264993611201525,0.9999999999999853,3326.499361120203,0.4663199824280094,0.6501474614035772,2000,False,True,False,True,424.844655752182
0.05,14.0,30,0,13030,36.89094278770766,1.000000000000024,3589.0942787706776,,,2000,False,True,False,False,423.654616355896
0.05,14.0,30,1,13030,41.955304889951336,1.000000000000024,4095.5304889950335,,,2000,False,True,False,False,423.654616355896
0.05,14.0,30,2,13030,36.886820425941224,1.000000000000024,3588.682042594034,0.4661746501713949,0.6516065363000386,2000,False,True,False,True,423.654616355896
0.05,14.0,30,3,13030,36.901509918995664,1.000000000000024,3590.1509918994784,,,2000,False,True,False,False,423.654616355896
0.05,14.0,30,4,13030,41.41722163983136,1.000000000000024,4041.7221639830373,,,2000,False,True,False,False,423.654616355896
0.05,14.0,30,5,13030,42.460423157993645,1.000000000000024,4146.042315799263,,,2000,False,True,False,False,423.654616355896
0.05,14.0,30,6,13030,36.9014623799818,1.000000000000024,3590.146237998092,,,2000,False,True,False,False,423.654616355896
0.05,14.0,30,7,13030,41.48058834187145,1.000000000000024,4048.0588341870457,,,2000,False,True,False,False,423.654616355896
0.05,15.0,31,0,13031,39.65099978605653,0.9999999999999767,3865.0999786057455,,,2000,False,True,False,False,423.66759395599365
0.05,15.0,31,1,13031,39.58437980088232,0.9999999999999767,3858.437980088324,,,2000,False,True,False,False,423.66759395599365
0.05,15.0,31,2,13031,44.92367460353096,0.9999999999999767,4392.367460353201,,,2000,False,True,False,False,423.66759395599365
0.05,15.0,31,3,13031,39.54425103549751,0.9999999999999767,3854.425103549843,0.4663513836258744,0.6498589658160636,2000,False,True,False,True,423.66759395599365
0.05,15.0,31,4,13031,39.54563835528907,0.9999999999999767,3854.563835528999,,,2000,False,True,False,False,423.66759395599365
0.05,15.0,31,5,13031,44.92228460636983,0.9999999999999767,4392.228460637088,,,2000,False,True,False,False,423.66759395599365
0.05,15.0,31,6,13031,44.91479301747078,0.9999999999999767,4391.479301747182,,,2000,False,True,False,False,423.66759395599365
0.05,15.0,31,7,13031,39.65784253633186,0.9999999999999767,3865.7842536332787,,,2000,False,True,False,False,423.66759395599365
0.05,16.0,32,0,13032,47.87530317230374,1.0000000000000222,4687.530317230268,,,2000,False,True,False,False,420.3460557460785
0.05,16.0,32,1,13032,47.900995731024196,1.0000000000000222,4690.099573102313,,,2000,False,True,False,False,420.3460557460785
0.05,16.0,32,2,13032,42.16402272468095,1.0000000000000222,4116.402272468001,0.46617721200030066,0.6516120680516815,2000,False,True,False,True,420.3460557460785
0.05,16.0,32,3,13032,42.20528070275184,1.0000000000000222,4120.528070275091,,,2000,False,True,False,False,420.3460557460785
0.05,16.0,32,4,13032,42.50296702985191,1.0000000000000222,4150.296702985096,,,2000,False,True,False,False,420.3460557460785
0.05,16.0,32,5,13032,42.169404173953616,1.0000000000000222,4116.940417395268,,,2000,False,True,False,False,420.3460557460785
0.05,16.0,32,6,13032,47.84767151979306,1.0000000000000222,4684.7671519792,,,2000,False,True,False,False,420.3460557460785
0.05,16.0,32,7,13032,42.19488682518233,1.0000000000000222,4119.488682518139,,,2000,False,True,False,False,420.3460557460785
